pool_index,in_archive,in_final,archived_for_rules,final_positions,num_rules_verified,rules_verified
0,True,False,Decision_ConceptFullySpecifiedNamePresenceRequirement_Rule_1; Decision_ConceptFullySpecifiedNameUniquenessPerLocale_Rule_1; Decision_ConceptLocalePreferredNameUniqueness_Rule_1; Decision_ConceptPreferredNameValidity_Rule_4; Decision_ConceptShortNameUniquenessPerLocale_Rule_1; Decision_DeathRecordConsistency_Rule_2; Decision_IdentifierFormatAndCheckDigitValidity_Rule_1; Decision_IdentifierFormatAndCheckDigitValidity_Rule_3; Decision_IdentifierLocationRequirement_Rule_1; Decision_IdentifierUniquenessCheck_Rule_2; Decision_IdentifierUniquenessCheck_Rule_3; Decision_NumericAbsoluteRangeValidity_Rule_3; Decision_NumericInterpretationClassification_Rule_1; Decision_NumericPrecisionValidity_Rule_1; Decision_ObsValueRequiredByDatatype_Rule_1; Decision_OrderScheduledDateUrgencyConsistency_Rule_2; Decision_PatientStateDateValidity_Rule_3; Decision_PreferredIdentifierRequirement_Rule_1,,27,Decision_BirthdateValidity_Rule_1; Decision_ConceptFullySpecifiedNamePresenceRequirement_Rule_1; Decision_ConceptFullySpecifiedNamePresenceRequirement_Rule_2; Decision_ConceptFullySpecifiedNameUniquenessPerLocale_Rule_1; Decision_ConceptFullySpecifiedNameUniquenessPerLocale_Rule_2; Decision_ConceptLocalePreferredNameUniqueness_Rule_1; Decision_ConceptLocalePreferredNameUniqueness_Rule_2; Decision_ConceptPreferredNameValidity_Rule_4; Decision_ConceptPreferredNameValidity_Rule_5; Decision_ConceptShortNameUniquenessPerLocale_Rule_1; Decision_ConceptShortNameUniquenessPerLocale_Rule_2; Decision_DeathRecordConsistency_Rule_2; Decision_DeathRecordConsistency_Rule_3; Decision_IdentifierFormatAndCheckDigitValidity_Rule_3; Decision_IdentifierFormatAndCheckDigitValidity_Rule_4; Decision_IdentifierLocationRequirement_Rule_1; Decision_IdentifierUniquenessCheck_Rule_3; Decision_NumericAbsoluteRangeValidity_Rule_3; Decision_NumericInterpretationClassification_Rule_1; Decision_NumericInterpretationClassification_Rule_5; Decision_NumericPrecisionValidity_Rule_1; Decision_ObsValueRequiredByDatatype_Rule_1; Decision_OrderScheduledDateUrgencyConsistency_Rule_2; Decision_PatientStateDateValidity_Rule_3; Decision_PreferredIdentifierRequirement_Rule_1; Decision_PreferredIdentifierRequirement_Rule_2; Decision_PreferredIdentifierRequirement_Rule_3
1,True,False,Decision_ConceptLocalePreferredNameUniqueness_Rule_2,,30,Decision_BirthdateValidity_Rule_1; Decision_ConceptFullySpecifiedNamePresenceRequirement_Rule_1; Decision_ConceptFullySpecifiedNamePresenceRequirement_Rule_2; Decision_ConceptFullySpecifiedNameUniquenessPerLocale_Rule_1; Decision_ConceptFullySpecifiedNameUniquenessPerLocale_Rule_2; Decision_ConceptLocalePreferredNameUniqueness_Rule_1; Decision_ConceptLocalePreferredNameUniqueness_Rule_2; Decision_ConceptPreferredNameValidity_Rule_3; Decision_ConceptPreferredNameValidity_Rule_4; Decision_ConceptPreferredNameValidity_Rule_5; Decision_ConceptShortNameUniquenessPerLocale_Rule_1; Decision_ConceptShortNameUniquenessPerLocale_Rule_2; Decision_DeathRecordConsistency_Rule_2; Decision_DeathRecordConsistency_Rule_3; Decision_IdentifierFormatAndCheckDigitValidity_Rule_2; Decision_IdentifierFormatAndCheckDigitValidity_Rule_3; Decision_IdentifierFormatAndCheckDigitValidity_Rule_4; Decision_IdentifierLocationRequirement_Rule_1; Decision_IdentifierUniquenessCheck_Rule_3; Decision_NumericAbsoluteRangeValidity_Rule_3; Decision_NumericInterpretationClassification_Rule_1; Decision_NumericInterpretationClassification_Rule_5; Decision_NumericPrecisionValidity_Rule_1; Decision_ObsValueRequiredByDatatype_Rule_1; Decision_OrderScheduledDateUrgencyConsistency_Rule_2; Decision_PatientStateDateValidity_Rule_2; Decision_PatientStateDateValidity_Rule_3; Decision_PreferredIdentifierRequirement_Rule_1; Decision_PreferredIdentifierRequirement_Rule_2; Decision_PreferredIdentifierRequirement_Rule_3
2,True,False,Decision_ConceptFullySpecifiedNameUniquenessPerLocale_Rule_2,,27,Decision_BirthdateValidity_Rule_1; Decision_ConceptFullySpecifiedNamePresenceRequirement_Rule_1; Decision_ConceptFullySpecifiedNamePresenceRequirement_Rule_2; Decision_ConceptFullySpecifiedNameUniquenessPerLocale_Rule_1; Decision_ConceptFullySpecifiedNameUniquenessPerLocale_Rule_2; Decision_ConceptLocalePreferredNameUniqueness_Rule_1; Decision_ConceptLocalePreferredNameUniqueness_Rule_2; Decision_ConceptPreferredNameValidity_Rule_4; Decision_ConceptPreferredNameValidity_Rule_5; Decision_ConceptShortNameUniquenessPerLocale_Rule_1; Decision_ConceptShortNameUniquenessPerLocale_Rule_2; Decision_DeathRecordConsistency_Rule_2; Decision_DeathRecordConsistency_Rule_3; Decision_IdentifierFormatAndCheckDigitValidity_Rule_3; Decision_IdentifierFormatAndCheckDigitValidity_Rule_4; Decision_IdentifierLocationRequirement_Rule_1; Decision_IdentifierUniquenessCheck_Rule_3; Decision_NumericAbsoluteRangeValidity_Rule_3; Decision_NumericInterpretationClassification_Rule_1; Decision_NumericInterpretationClassification_Rule_5; Decision_NumericPrecisionValidity_Rule_1; Decision_ObsValueRequiredByDatatype_Rule_1; Decision_OrderScheduledDateUrgencyConsistency_Rule_2; Decision_PatientStateDateValidity_Rule_3; Decision_PreferredIdentifierRequirement_Rule_1; Decision_PreferredIdentifierRequirement_Rule_2; Decision_PreferredIdentifierRequirement_Rule_3
3,True,False,Decision_ConceptShortNameUniquenessPerLocale_Rule_2,,29,Decision_BirthdateValidity_Rule_1; Decision_ConceptFullySpecifiedNamePresenceRequirement_Rule_1; Decision_ConceptFullySpecifiedNamePresenceRequirement_Rule_2; Decision_ConceptFullySpecifiedNameUniquenessPerLocale_Rule_1; Decision_ConceptFullySpecifiedNameUniquenessPerLocale_Rule_2; Decision_ConceptLocalePreferredNameUniqueness_Rule_1; Decision_ConceptLocalePreferredNameUniqueness_Rule_2; Decision_ConceptPreferredNameValidity_Rule_2; Decision_ConceptPreferredNameValidity_Rule_4; Decision_ConceptPreferredNameValidity_Rule_5; Decision_ConceptShortNameUniquenessPerLocale_Rule_1; Decision_ConceptShortNameUniquenessPerLocale_Rule_2; Decision_DeathRecordConsistency_Rule_2; Decision_DeathRecordConsistency_Rule_3; Decision_IdentifierFormatAndCheckDigitValidity_Rule_3; Decision_IdentifierFormatAndCheckDigitValidity_Rule_4; Decision_IdentifierLocationRequirement_Rule_1; Decision_IdentifierUniquenessCheck_Rule_3; Decision_NumericAbsoluteRangeValidity_Rule_3; Decision_NumericInterpretationClassification_Rule_1; Decision_NumericInterpretationClassification_Rule_5; Decision_NumericPrecisionValidity_Rule_1; Decision_ObsValueRequiredByDatatype_Rule_1; Decision_OrderScheduledDateUrgencyConsistency_Rule_2; Decision_PatientStateDateValidity_Rule_3; Decision_PatientStateDateValidity_Rule_4; Decision_PreferredIdentifierRequirement_Rule_1; Decision_PreferredIdentifierRequirement_Rule_2; Decision_PreferredIdentifierRequirement_Rule_3
4,True,False,Decision_ConceptFullySpecifiedNamePresenceRequirement_Rule_2,,27,Decision_BirthdateValidity_Rule_1; Decision_ConceptFullySpecifiedNamePresenceRequirement_Rule_1; Decision_ConceptFullySpecifiedNamePresenceRequirement_Rule_2; Decision_ConceptFullySpecifiedNameUniquenessPerLocale_Rule_1; Decision_ConceptFullySpecifiedNameUniquenessPerLocale_Rule_2; Decision_ConceptLocalePreferredNameUniqueness_Rule_1; Decision_ConceptLocalePreferredNameUniqueness_Rule_2; Decision_ConceptPreferredNameValidity_Rule_4; Decision_ConceptPreferredNameValidity_Rule_5; Decision_ConceptShortNameUniquenessPerLocale_Rule_1; Decision_ConceptShortNameUniquenessPerLocale_Rule_2; Decision_DeathRecordConsistency_Rule_2; Decision_DeathRecordConsistency_Rule_3; Decision_IdentifierFormatAndCheckDigitValidity_Rule_3; Decision_IdentifierFormatAndCheckDigitValidity_Rule_4; Decision_IdentifierLocationRequirement_Rule_1; Decision_IdentifierUniquenessCheck_Rule_3; Decision_NumericAbsoluteRangeValidity_Rule_3; Decision_NumericInterpretationClassification_Rule_1; Decision_NumericInterpretationClassification_Rule_5; Decision_NumericPrecisionValidity_Rule_1; Decision_ObsValueRequiredByDatatype_Rule_1; Decision_OrderScheduledDateUrgencyConsistency_Rule_2; Decision_PatientStateDateValidity_Rule_3; Decision_PreferredIdentifierRequirement_Rule_1; Decision_PreferredIdentifierRequirement_Rule_2; Decision_PreferredIdentifierRequirement_Rule_3
5,True,False,Decision_ObsValueRequiredByDatatype_Rule_2,,29,Decision_BirthdateValidity_Rule_1; Decision_ConceptFullySpecifiedNamePresenceRequirement_Rule_1; Decision_ConceptFullySpecifiedNamePresenceRequirement_Rule_2; Decision_ConceptFullySpecifiedNameUniquenessPerLocale_Rule_1; Decision_ConceptFullySpecifiedNameUniquenessPerLocale_Rule_2; Decision_ConceptLocalePreferredNameUniqueness_Rule_1; Decision_ConceptLocalePreferredNameUniqueness_Rule_2; Decision_ConceptPreferredNameValidity_Rule_2; Decision_ConceptPreferredNameValidity_Rule_4; Decision_ConceptPreferredNameValidity_Rule_5; Decision_ConceptShortNameUniquenessPerLocale_Rule_1; Decision_ConceptShortNameUniquenessPerLocale_Rule_2; Decision_DeathRecordConsistency_Rule_2; Decision_DeathRecordConsistency_Rule_3; Decision_IdentifierFormatAndCheckDigitValidity_Rule_3; Decision_IdentifierFormatAndCheckDigitValidity_Rule_4; Decision_IdentifierLocationRequirement_Rule_1; Decision_IdentifierUniquenessCheck_Rule_3; Decision_NumericAbsoluteRangeValidity_Rule_3; Decision_NumericInterpretationClassification_Rule_1; Decision_NumericInterpretationClassification_Rule_5; Decision_NumericPrecisionValidity_Rule_1; Decision_ObsValueRequiredByDatatype_Rule_1; Decision_ObsValueRequiredByDatatype_Rule_2; Decision_OrderScheduledDateUrgencyConsistency_Rule_2; Decision_PatientStateDateValidity_Rule_3; Decision_PreferredIdentifierRequirement_Rule_1; Decision_PreferredIdentifierRequirement_Rule_2; Decision_PreferredIdentifierRequirement_Rule_3
6,True,False,Decision_ObsValueRequiredByDatatype_Rule_3,,30,Decision_BirthdateValidity_Rule_1; Decision_ConceptFullySpecifiedNamePresenceRequirement_Rule_1; Decision_ConceptFullySpecifiedNamePresenceRequirement_Rule_2; Decision_ConceptFullySpecifiedNameUniquenessPerLocale_Rule_1; Decision_ConceptFullySpecifiedNameUniquenessPerLocale_Rule_2; Decision_ConceptLocalePreferredNameUniqueness_Rule_1; Decision_ConceptLocalePreferredNameUniqueness_Rule_2; Decision_ConceptPreferredNameValidity_Rule_2; Decision_ConceptPreferredNameValidity_Rule_4; Decision_ConceptPreferredNameValidity_Rule_5; Decision_ConceptShortNameUniquenessPerLocale_Rule_1; Decision_ConceptShortNameUniquenessPerLocale_Rule_2; Decision_DeathRecordConsistency_Rule_2; Decision_DeathRecordConsistency_Rule_3; Decision_IdentifierFormatAndCheckDigitValidity_Rule_3; Decision_IdentifierFormatAndCheckDigitValidity_Rule_4; Decision_IdentifierLocationRequirement_Rule_1; Decision_IdentifierUniquenessCheck_Rule_3; Decision_NumericAbsoluteRangeValidity_Rule_3; Decision_NumericInterpretationClassification_Rule_1; Decision_NumericInterpretationClassification_Rule_5; Decision_NumericPrecisionValidity_Rule_1; Decision_ObsValueRequiredByDatatype_Rule_1; Decision_ObsValueRequiredByDatatype_Rule_3; Decision_OrderScheduledDateUrgencyConsistency_Rule_1; Decision_OrderScheduledDateUrgencyConsistency_Rule_2; Decision_PatientStateDateValidity_Rule_3; Decision_PreferredIdentifierRequirement_Rule_1; Decision_PreferredIdentifierRequirement_Rule_2; Decision_PreferredIdentifierRequirement_Rule_3
7,True,False,Decision_ObsValueRequiredByDatatype_Rule_4,,31,Decision_BirthdateValidity_Rule_1; Decision_ConceptFullySpecifiedNamePresenceRequirement_Rule_1; Decision_ConceptFullySpecifiedNamePresenceRequirement_Rule_2; Decision_ConceptFullySpecifiedNameUniquenessPerLocale_Rule_1; Decision_ConceptFullySpecifiedNameUniquenessPerLocale_Rule_2; Decision_ConceptLocalePreferredNameUniqueness_Rule_1; Decision_ConceptLocalePreferredNameUniqueness_Rule_2; Decision_ConceptPreferredNameValidity_Rule_4; Decision_ConceptPreferredNameValidity_Rule_5; Decision_ConceptShortNameUniquenessPerLocale_Rule_1; Decision_ConceptShortNameUniquenessPerLocale_Rule_2; Decision_DeathRecordConsistency_Rule_2; Decision_DeathRecordConsistency_Rule_3; Decision_DeathRecordConsistency_Rule_5; Decision_IdentifierFormatAndCheckDigitValidity_Rule_3; Decision_IdentifierFormatAndCheckDigitValidity_Rule_4; Decision_IdentifierLocationRequirement_Rule_1; Decision_IdentifierUniquenessCheck_Rule_1; Decision_IdentifierUniquenessCheck_Rule_3; Decision_NumericAbsoluteRangeValidity_Rule_3; Decision_NumericInterpretationClassification_Rule_1; Decision_NumericInterpretationClassification_Rule_5; Decision_NumericPrecisionValidity_Rule_1; Decision_ObsValueRequiredByDatatype_Rule_1; Decision_ObsValueRequiredByDatatype_Rule_4; Decision_OrderScheduledDateUrgencyConsistency_Rule_1; Decision_OrderScheduledDateUrgencyConsistency_Rule_2; Decision_PatientStateDateValidity_Rule_3; Decision_PreferredIdentifierRequirement_Rule_1; Decision_PreferredIdentifierRequirement_Rule_2; Decision_PreferredIdentifierRequirement_Rule_3
8,True,False,Decision_ObsValueRequiredByDatatype_Rule_5,,31,Decision_BirthdateValidity_Rule_1; Decision_ConceptFullySpecifiedNamePresenceRequirement_Rule_1; Decision_ConceptFullySpecifiedNamePresenceRequirement_Rule_2; Decision_ConceptFullySpecifiedNameUniquenessPerLocale_Rule_1; Decision_ConceptFullySpecifiedNameUniquenessPerLocale_Rule_2; Decision_ConceptLocalePreferredNameUniqueness_Rule_1; Decision_ConceptLocalePreferredNameUniqueness_Rule_2; Decision_ConceptPreferredNameValidity_Rule_2; Decision_ConceptPreferredNameValidity_Rule_4; Decision_ConceptPreferredNameValidity_Rule_5; Decision_ConceptShortNameUniquenessPerLocale_Rule_1; Decision_ConceptShortNameUniquenessPerLocale_Rule_2; Decision_DeathRecordConsistency_Rule_2; Decision_DeathRecordConsistency_Rule_3; Decision_DeathRecordConsistency_Rule_5; Decision_IdentifierFormatAndCheckDigitValidity_Rule_3; Decision_IdentifierFormatAndCheckDigitValidity_Rule_4; Decision_IdentifierLocationRequirement_Rule_1; Decision_IdentifierUniquenessCheck_Rule_3; Decision_NumericAbsoluteRangeValidity_Rule_3; Decision_NumericInterpretationClassification_Rule_1; Decision_NumericInterpretationClassification_Rule_5; Decision_NumericPrecisionValidity_Rule_1; Decision_ObsValueRequiredByDatatype_Rule_1; Decision_ObsValueRequiredByDatatype_Rule_5; Decision_OrderScheduledDateUrgencyConsistency_Rule_2; Decision_PatientStateDateValidity_Rule_2; Decision_PatientStateDateValidity_Rule_3; Decision_PreferredIdentifierRequirement_Rule_1; Decision_PreferredIdentifierRequirement_Rule_2; Decision_PreferredIdentifierRequirement_Rule_3
9,True,False,Decision_ObsValueRequiredByDatatype_Rule_6,,29,Decision_BirthdateValidity_Rule_1; Decision_ConceptFullySpecifiedNamePresenceRequirement_Rule_1; Decision_ConceptFullySpecifiedNamePresenceRequirement_Rule_2; Decision_ConceptFullySpecifiedNameUniquenessPerLocale_Rule_1; Decision_ConceptFullySpecifiedNameUniquenessPerLocale_Rule_2; Decision_ConceptLocalePreferredNameUniqueness_Rule_1; Decision_ConceptLocalePreferredNameUniqueness_Rule_2; Decision_ConceptPreferredNameValidity_Rule_4; Decision_ConceptPreferredNameValidity_Rule_5; Decision_ConceptShortNameUniquenessPerLocale_Rule_1; Decision_ConceptShortNameUniquenessPerLocale_Rule_2; Decision_DeathRecordConsistency_Rule_2; Decision_DeathRecordConsistency_Rule_3; Decision_IdentifierFormatAndCheckDigitValidity_Rule_3; Decision_IdentifierFormatAndCheckDigitValidity_Rule_4; Decision_IdentifierLocationRequirement_Rule_1; Decision_IdentifierUniquenessCheck_Rule_3; Decision_NumericAbsoluteRangeValidity_Rule_3; Decision_NumericInterpretationClassification_Rule_1; Decision_NumericInterpretationClassification_Rule_5; Decision_NumericPrecisionValidity_Rule_1; Decision_ObsValueRequiredByDatatype_Rule_1; Decision_ObsValueRequiredByDatatype_Rule_6; Decision_OrderScheduledDateUrgencyConsistency_Rule_2; Decision_PatientStateDateValidity_Rule_3; Decision_PatientStateDateValidity_Rule_4; Decision_PreferredIdentifierRequirement_Rule_1; Decision_PreferredIdentifierRequirement_Rule_2; Decision_PreferredIdentifierRequirement_Rule_3
10,True,False,Decision_NumericAbsoluteRangeValidity_Rule_1,,29,Decision_BirthdateValidity_Rule_1; Decision_ConceptFullySpecifiedNamePresenceRequirement_Rule_1; Decision_ConceptFullySpecifiedNamePresenceRequirement_Rule_2; Decision_ConceptFullySpecifiedNameUniquenessPerLocale_Rule_1; Decision_ConceptFullySpecifiedNameUniquenessPerLocale_Rule_2; Decision_ConceptLocalePreferredNameUniqueness_Rule_1; Decision_ConceptLocalePreferredNameUniqueness_Rule_2; Decision_ConceptPreferredNameValidity_Rule_4; Decision_ConceptPreferredNameValidity_Rule_5; Decision_ConceptShortNameUniquenessPerLocale_Rule_1; Decision_ConceptShortNameUniquenessPerLocale_Rule_2; Decision_DeathRecordConsistency_Rule_2; Decision_DeathRecordConsistency_Rule_3; Decision_DeathRecordConsistency_Rule_5; Decision_IdentifierFormatAndCheckDigitValidity_Rule_3; Decision_IdentifierFormatAndCheckDigitValidity_Rule_4; Decision_IdentifierLocationRequirement_Rule_1; Decision_IdentifierUniquenessCheck_Rule_3; Decision_NumericAbsoluteRangeValidity_Rule_1; Decision_NumericAbsoluteRangeValidity_Rule_3; Decision_NumericInterpretationClassification_Rule_1; Decision_NumericInterpretationClassification_Rule_5; Decision_NumericPrecisionValidity_Rule_1; Decision_ObsValueRequiredByDatatype_Rule_1; Decision_OrderScheduledDateUrgencyConsistency_Rule_2; Decision_PatientStateDateValidity_Rule_3; Decision_PreferredIdentifierRequirement_Rule_1; Decision_PreferredIdentifierRequirement_Rule_2; Decision_PreferredIdentifierRequirement_Rule_3
11,True,False,Decision_NumericAbsoluteRangeValidity_Rule_2,,29,Decision_BirthdateValidity_Rule_1; Decision_ConceptFullySpecifiedNamePresenceRequirement_Rule_1; Decision_ConceptFullySpecifiedNamePresenceRequirement_Rule_2; Decision_ConceptFullySpecifiedNameUniquenessPerLocale_Rule_1; Decision_ConceptFullySpecifiedNameUniquenessPerLocale_Rule_2; Decision_ConceptLocalePreferredNameUniqueness_Rule_1; Decision_ConceptLocalePreferredNameUniqueness_Rule_2; Decision_ConceptPreferredNameValidity_Rule_4; Decision_ConceptPreferredNameValidity_Rule_5; Decision_ConceptShortNameUniquenessPerLocale_Rule_1; Decision_ConceptShortNameUniquenessPerLocale_Rule_2; Decision_DeathRecordConsistency_Rule_2; Decision_DeathRecordConsistency_Rule_3; Decision_IdentifierFormatAndCheckDigitValidity_Rule_3; Decision_IdentifierFormatAndCheckDigitValidity_Rule_4; Decision_IdentifierLocationRequirement_Rule_1; Decision_IdentifierUniquenessCheck_Rule_3; Decision_NumericAbsoluteRangeValidity_Rule_2; Decision_NumericAbsoluteRangeValidity_Rule_3; Decision_NumericInterpretationClassification_Rule_1; Decision_NumericInterpretationClassification_Rule_5; Decision_NumericPrecisionValidity_Rule_1; Decision_ObsValueRequiredByDatatype_Rule_1; Decision_OrderScheduledDateUrgencyConsistency_Rule_2; Decision_PatientStateDateValidity_Rule_3; Decision_PatientStateDateValidity_Rule_4; Decision_PreferredIdentifierRequirement_Rule_1; Decision_PreferredIdentifierRequirement_Rule_2; Decision_PreferredIdentifierRequirement_Rule_3
12,True,False,Decision_NumericInterpretationClassification_Rule_2,,28,Decision_BirthdateValidity_Rule_1; Decision_ConceptFullySpecifiedNamePresenceRequirement_Rule_1; Decision_ConceptFullySpecifiedNamePresenceRequirement_Rule_2; Decision_ConceptFullySpecifiedNameUniquenessPerLocale_Rule_1; Decision_ConceptFullySpecifiedNameUniquenessPerLocale_Rule_2; Decision_ConceptLocalePreferredNameUniqueness_Rule_1; Decision_ConceptLocalePreferredNameUniqueness_Rule_2; Decision_ConceptPreferredNameValidity_Rule_4; Decision_ConceptPreferredNameValidity_Rule_5; Decision_ConceptShortNameUniquenessPerLocale_Rule_1; Decision_ConceptShortNameUniquenessPerLocale_Rule_2; Decision_DeathRecordConsistency_Rule_2; Decision_DeathRecordConsistency_Rule_3; Decision_IdentifierFormatAndCheckDigitValidity_Rule_3; Decision_IdentifierFormatAndCheckDigitValidity_Rule_4; Decision_IdentifierLocationRequirement_Rule_1; Decision_IdentifierUniquenessCheck_Rule_3; Decision_NumericAbsoluteRangeValidity_Rule_3; Decision_NumericInterpretationClassification_Rule_1; Decision_NumericInterpretationClassification_Rule_2; Decision_NumericInterpretationClassification_Rule_5; Decision_NumericPrecisionValidity_Rule_1; Decision_ObsValueRequiredByDatatype_Rule_1; Decision_OrderScheduledDateUrgencyConsistency_Rule_2; Decision_PatientStateDateValidity_Rule_3; Decision_PreferredIdentifierRequirement_Rule_1; Decision_PreferredIdentifierRequirement_Rule_2; Decision_PreferredIdentifierRequirement_Rule_3
13,True,False,Decision_NumericInterpretationClassification_Rule_3,,28,Decision_BirthdateValidity_Rule_1; Decision_ConceptFullySpecifiedNamePresenceRequirement_Rule_1; Decision_ConceptFullySpecifiedNamePresenceRequirement_Rule_2; Decision_ConceptFullySpecifiedNameUniquenessPerLocale_Rule_1; Decision_ConceptFullySpecifiedNameUniquenessPerLocale_Rule_2; Decision_ConceptLocalePreferredNameUniqueness_Rule_1; Decision_ConceptLocalePreferredNameUniqueness_Rule_2; Decision_ConceptPreferredNameValidity_Rule_4; Decision_ConceptPreferredNameValidity_Rule_5; Decision_ConceptShortNameUniquenessPerLocale_Rule_1; Decision_ConceptShortNameUniquenessPerLocale_Rule_2; Decision_DeathRecordConsistency_Rule_2; Decision_DeathRecordConsistency_Rule_3; Decision_IdentifierFormatAndCheckDigitValidity_Rule_3; Decision_IdentifierFormatAndCheckDigitValidity_Rule_4; Decision_IdentifierLocationRequirement_Rule_1; Decision_IdentifierUniquenessCheck_Rule_3; Decision_NumericAbsoluteRangeValidity_Rule_3; Decision_NumericInterpretationClassification_Rule_1; Decision_NumericInterpretationClassification_Rule_3; Decision_NumericInterpretationClassification_Rule_5; Decision_NumericPrecisionValidity_Rule_1; Decision_ObsValueRequiredByDatatype_Rule_1; Decision_OrderScheduledDateUrgencyConsistency_Rule_2; Decision_PatientStateDateValidity_Rule_3; Decision_PreferredIdentifierRequirement_Rule_1; Decision_PreferredIdentifierRequirement_Rule_2; Decision_PreferredIdentifierRequirement_Rule_3
14,True,False,Decision_NumericInterpretationClassification_Rule_4,,29,Decision_BirthdateValidity_Rule_1; Decision_ConceptFullySpecifiedNamePresenceRequirement_Rule_1; Decision_ConceptFullySpecifiedNamePresenceRequirement_Rule_2; Decision_ConceptFullySpecifiedNameUniquenessPerLocale_Rule_1; Decision_ConceptFullySpecifiedNameUniquenessPerLocale_Rule_2; Decision_ConceptLocalePreferredNameUniqueness_Rule_1; Decision_ConceptLocalePreferredNameUniqueness_Rule_2; Decision_ConceptPreferredNameValidity_Rule_4; Decision_ConceptPreferredNameValidity_Rule_5; Decision_ConceptShortNameUniquenessPerLocale_Rule_1; Decision_ConceptShortNameUniquenessPerLocale_Rule_2; Decision_DeathRecordConsistency_Rule_2; Decision_DeathRecordConsistency_Rule_3; Decision_DeathRecordConsistency_Rule_5; Decision_IdentifierFormatAndCheckDigitValidity_Rule_3; Decision_IdentifierFormatAndCheckDigitValidity_Rule_4; Decision_IdentifierLocationRequirement_Rule_1; Decision_IdentifierUniquenessCheck_Rule_3; Decision_NumericAbsoluteRangeValidity_Rule_3; Decision_NumericInterpretationClassification_Rule_1; Decision_NumericInterpretationClassification_Rule_4; Decision_NumericInterpretationClassification_Rule_5; Decision_NumericPrecisionValidity_Rule_1; Decision_ObsValueRequiredByDatatype_Rule_1; Decision_OrderScheduledDateUrgencyConsistency_Rule_2; Decision_PatientStateDateValidity_Rule_3; Decision_PreferredIdentifierRequirement_Rule_1; Decision_PreferredIdentifierRequirement_Rule_2; Decision_PreferredIdentifierRequirement_Rule_3
15,True,False,Decision_NumericInterpretationClassification_Rule_5,,27,Decision_BirthdateValidity_Rule_1; Decision_ConceptFullySpecifiedNamePresenceRequirement_Rule_1; Decision_ConceptFullySpecifiedNamePresenceRequirement_Rule_2; Decision_ConceptFullySpecifiedNameUniquenessPerLocale_Rule_1; Decision_ConceptFullySpecifiedNameUniquenessPerLocale_Rule_2; Decision_ConceptLocalePreferredNameUniqueness_Rule_1; Decision_ConceptLocalePreferredNameUniqueness_Rule_2; Decision_ConceptPreferredNameValidity_Rule_4; Decision_ConceptPreferredNameValidity_Rule_5; Decision_ConceptShortNameUniquenessPerLocale_Rule_1; Decision_ConceptShortNameUniquenessPerLocale_Rule_2; Decision_DeathRecordConsistency_Rule_2; Decision_DeathRecordConsistency_Rule_3; Decision_IdentifierFormatAndCheckDigitValidity_Rule_3; Decision_IdentifierFormatAndCheckDigitValidity_Rule_4; Decision_IdentifierLocationRequirement_Rule_1; Decision_IdentifierUniquenessCheck_Rule_3; Decision_NumericAbsoluteRangeValidity_Rule_3; Decision_NumericInterpretationClassification_Rule_1; Decision_NumericInterpretationClassification_Rule_5; Decision_NumericPrecisionValidity_Rule_1; Decision_ObsValueRequiredByDatatype_Rule_1; Decision_OrderScheduledDateUrgencyConsistency_Rule_2; Decision_PatientStateDateValidity_Rule_3; Decision_PreferredIdentifierRequirement_Rule_1; Decision_PreferredIdentifierRequirement_Rule_2; Decision_PreferredIdentifierRequirement_Rule_3
16,True,False,Decision_ConceptPreferredNameValidity_Rule_1,,28,Decision_BirthdateValidity_Rule_1; Decision_ConceptFullySpecifiedNamePresenceRequirement_Rule_1; Decision_ConceptFullySpecifiedNamePresenceRequirement_Rule_2; Decision_ConceptFullySpecifiedNameUniquenessPerLocale_Rule_1; Decision_ConceptFullySpecifiedNameUniquenessPerLocale_Rule_2; Decision_ConceptLocalePreferredNameUniqueness_Rule_1; Decision_ConceptLocalePreferredNameUniqueness_Rule_2; Decision_ConceptPreferredNameValidity_Rule_1; Decision_ConceptPreferredNameValidity_Rule_4; Decision_ConceptPreferredNameValidity_Rule_5; Decision_ConceptShortNameUniquenessPerLocale_Rule_1; Decision_ConceptShortNameUniquenessPerLocale_Rule_2; Decision_DeathRecordConsistency_Rule_2; Decision_DeathRecordConsistency_Rule_3; Decision_IdentifierFormatAndCheckDigitValidity_Rule_3; Decision_IdentifierFormatAndCheckDigitValidity_Rule_4; Decision_IdentifierLocationRequirement_Rule_1; Decision_IdentifierUniquenessCheck_Rule_3; Decision_NumericAbsoluteRangeValidity_Rule_3; Decision_NumericInterpretationClassification_Rule_1; Decision_NumericInterpretationClassification_Rule_5; Decision_NumericPrecisionValidity_Rule_1; Decision_ObsValueRequiredByDatatype_Rule_1; Decision_OrderScheduledDateUrgencyConsistency_Rule_2; Decision_PatientStateDateValidity_Rule_3; Decision_PreferredIdentifierRequirement_Rule_1; Decision_PreferredIdentifierRequirement_Rule_2; Decision_PreferredIdentifierRequirement_Rule_3
17,True,False,Decision_ConceptPreferredNameValidity_Rule_2,,28,Decision_BirthdateValidity_Rule_1; Decision_ConceptFullySpecifiedNamePresenceRequirement_Rule_1; Decision_ConceptFullySpecifiedNamePresenceRequirement_Rule_2; Decision_ConceptFullySpecifiedNameUniquenessPerLocale_Rule_1; Decision_ConceptFullySpecifiedNameUniquenessPerLocale_Rule_2; Decision_ConceptLocalePreferredNameUniqueness_Rule_1; Decision_ConceptLocalePreferredNameUniqueness_Rule_2; Decision_ConceptPreferredNameValidity_Rule_2; Decision_ConceptPreferredNameValidity_Rule_4; Decision_ConceptPreferredNameValidity_Rule_5; Decision_ConceptShortNameUniquenessPerLocale_Rule_1; Decision_ConceptShortNameUniquenessPerLocale_Rule_2; Decision_DeathRecordConsistency_Rule_2; Decision_DeathRecordConsistency_Rule_3; Decision_IdentifierFormatAndCheckDigitValidity_Rule_3; Decision_IdentifierFormatAndCheckDigitValidity_Rule_4; Decision_IdentifierLocationRequirement_Rule_1; Decision_IdentifierUniquenessCheck_Rule_3; Decision_NumericAbsoluteRangeValidity_Rule_3; Decision_NumericInterpretationClassification_Rule_1; Decision_NumericInterpretationClassification_Rule_5; Decision_NumericPrecisionValidity_Rule_1; Decision_ObsValueRequiredByDatatype_Rule_1; Decision_OrderScheduledDateUrgencyConsistency_Rule_2; Decision_PatientStateDateValidity_Rule_3; Decision_PreferredIdentifierRequirement_Rule_1; Decision_PreferredIdentifierRequirement_Rule_2; Decision_PreferredIdentifierRequirement_Rule_3
18,True,False,Decision_ConceptPreferredNameValidity_Rule_3,,30,Decision_BirthdateValidity_Rule_1; Decision_ConceptFullySpecifiedNamePresenceRequirement_Rule_1; Decision_ConceptFullySpecifiedNamePresenceRequirement_Rule_2; Decision_ConceptFullySpecifiedNameUniquenessPerLocale_Rule_1; Decision_ConceptFullySpecifiedNameUniquenessPerLocale_Rule_2; Decision_ConceptLocalePreferredNameUniqueness_Rule_1; Decision_ConceptLocalePreferredNameUniqueness_Rule_2; Decision_ConceptPreferredNameValidity_Rule_3; Decision_ConceptPreferredNameValidity_Rule_4; Decision_ConceptPreferredNameValidity_Rule_5; Decision_ConceptShortNameUniquenessPerLocale_Rule_1; Decision_ConceptShortNameUniquenessPerLocale_Rule_2; Decision_DeathRecordConsistency_Rule_2; Decision_DeathRecordConsistency_Rule_3; Decision_DeathRecordConsistency_Rule_5; Decision_IdentifierFormatAndCheckDigitValidity_Rule_3; Decision_IdentifierFormatAndCheckDigitValidity_Rule_4; Decision_IdentifierLocationRequirement_Rule_1; Decision_IdentifierUniquenessCheck_Rule_3; Decision_NumericAbsoluteRangeValidity_Rule_3; Decision_NumericInterpretationClassification_Rule_1; Decision_NumericInterpretationClassification_Rule_3; Decision_NumericInterpretationClassification_Rule_5; Decision_NumericPrecisionValidity_Rule_1; Decision_ObsValueRequiredByDatatype_Rule_1; Decision_OrderScheduledDateUrgencyConsistency_Rule_2; Decision_PatientStateDateValidity_Rule_3; Decision_PreferredIdentifierRequirement_Rule_1; Decision_PreferredIdentifierRequirement_Rule_2; Decision_PreferredIdentifierRequirement_Rule_3
19,True,False,Decision_ConceptPreferredNameValidity_Rule_5,,27,Decision_BirthdateValidity_Rule_1; Decision_ConceptFullySpecifiedNamePresenceRequirement_Rule_1; Decision_ConceptFullySpecifiedNamePresenceRequirement_Rule_2; Decision_ConceptFullySpecifiedNameUniquenessPerLocale_Rule_1; Decision_ConceptFullySpecifiedNameUniquenessPerLocale_Rule_2; Decision_ConceptLocalePreferredNameUniqueness_Rule_1; Decision_ConceptLocalePreferredNameUniqueness_Rule_2; Decision_ConceptPreferredNameValidity_Rule_4; Decision_ConceptPreferredNameValidity_Rule_5; Decision_ConceptShortNameUniquenessPerLocale_Rule_1; Decision_ConceptShortNameUniquenessPerLocale_Rule_2; Decision_DeathRecordConsistency_Rule_2; Decision_DeathRecordConsistency_Rule_3; Decision_IdentifierFormatAndCheckDigitValidity_Rule_3; Decision_IdentifierFormatAndCheckDigitValidity_Rule_4; Decision_IdentifierLocationRequirement_Rule_1; Decision_IdentifierUniquenessCheck_Rule_3; Decision_NumericAbsoluteRangeValidity_Rule_3; Decision_NumericInterpretationClassification_Rule_1; Decision_NumericInterpretationClassification_Rule_5; Decision_NumericPrecisionValidity_Rule_1; Decision_ObsValueRequiredByDatatype_Rule_1; Decision_OrderScheduledDateUrgencyConsistency_Rule_2; Decision_PatientStateDateValidity_Rule_3; Decision_PreferredIdentifierRequirement_Rule_1; Decision_PreferredIdentifierRequirement_Rule_2; Decision_PreferredIdentifierRequirement_Rule_3
20,True,False,Decision_OrderScheduledDateUrgencyConsistency_Rule_1,,28,Decision_BirthdateValidity_Rule_1; Decision_ConceptFullySpecifiedNamePresenceRequirement_Rule_1; Decision_ConceptFullySpecifiedNamePresenceRequirement_Rule_2; Decision_ConceptFullySpecifiedNameUniquenessPerLocale_Rule_1; Decision_ConceptFullySpecifiedNameUniquenessPerLocale_Rule_2; Decision_ConceptLocalePreferredNameUniqueness_Rule_1; Decision_ConceptLocalePreferredNameUniqueness_Rule_2; Decision_ConceptPreferredNameValidity_Rule_4; Decision_ConceptPreferredNameValidity_Rule_5; Decision_ConceptShortNameUniquenessPerLocale_Rule_1; Decision_ConceptShortNameUniquenessPerLocale_Rule_2; Decision_DeathRecordConsistency_Rule_2; Decision_DeathRecordConsistency_Rule_3; Decision_IdentifierFormatAndCheckDigitValidity_Rule_3; Decision_IdentifierFormatAndCheckDigitValidity_Rule_4; Decision_IdentifierLocationRequirement_Rule_1; Decision_IdentifierUniquenessCheck_Rule_3; Decision_NumericAbsoluteRangeValidity_Rule_3; Decision_NumericInterpretationClassification_Rule_1; Decision_NumericInterpretationClassification_Rule_5; Decision_NumericPrecisionValidity_Rule_1; Decision_ObsValueRequiredByDatatype_Rule_1; Decision_OrderScheduledDateUrgencyConsistency_Rule_1; Decision_OrderScheduledDateUrgencyConsistency_Rule_2; Decision_PatientStateDateValidity_Rule_3; Decision_PreferredIdentifierRequirement_Rule_1; Decision_PreferredIdentifierRequirement_Rule_2; Decision_PreferredIdentifierRequirement_Rule_3
21,True,False,Decision_OrderScheduledDateUrgencyConsistency_Rule_3,,31,Decision_BirthdateValidity_Rule_1; Decision_ConceptFullySpecifiedNamePresenceRequirement_Rule_1; Decision_ConceptFullySpecifiedNamePresenceRequirement_Rule_2; Decision_ConceptFullySpecifiedNameUniquenessPerLocale_Rule_1; Decision_ConceptFullySpecifiedNameUniquenessPerLocale_Rule_2; Decision_ConceptLocalePreferredNameUniqueness_Rule_1; Decision_ConceptLocalePreferredNameUniqueness_Rule_2; Decision_ConceptPreferredNameValidity_Rule_1; Decision_ConceptPreferredNameValidity_Rule_2; Decision_ConceptPreferredNameValidity_Rule_4; Decision_ConceptPreferredNameValidity_Rule_5; Decision_ConceptShortNameUniquenessPerLocale_Rule_1; Decision_ConceptShortNameUniquenessPerLocale_Rule_2; Decision_DeathRecordConsistency_Rule_2; Decision_DeathRecordConsistency_Rule_3; Decision_DeathRecordConsistency_Rule_5; Decision_IdentifierFormatAndCheckDigitValidity_Rule_3; Decision_IdentifierFormatAndCheckDigitValidity_Rule_4; Decision_IdentifierLocationRequirement_Rule_1; Decision_IdentifierUniquenessCheck_Rule_3; Decision_NumericAbsoluteRangeValidity_Rule_3; Decision_NumericInterpretationClassification_Rule_1; Decision_NumericInterpretationClassification_Rule_5; Decision_NumericPrecisionValidity_Rule_1; Decision_ObsValueRequiredByDatatype_Rule_1; Decision_OrderScheduledDateUrgencyConsistency_Rule_2; Decision_OrderScheduledDateUrgencyConsistency_Rule_3; Decision_PatientStateDateValidity_Rule_3; Decision_PreferredIdentifierRequirement_Rule_1; Decision_PreferredIdentifierRequirement_Rule_2; Decision_PreferredIdentifierRequirement_Rule_3
22,True,False,Decision_OrderScheduledDateUrgencyConsistency_Rule_4,,34,Decision_BirthdateValidity_Rule_1; Decision_ConceptFullySpecifiedNamePresenceRequirement_Rule_1; Decision_ConceptFullySpecifiedNamePresenceRequirement_Rule_2; Decision_ConceptFullySpecifiedNameUniquenessPerLocale_Rule_1; Decision_ConceptFullySpecifiedNameUniquenessPerLocale_Rule_2; Decision_ConceptLocalePreferredNameUniqueness_Rule_1; Decision_ConceptLocalePreferredNameUniqueness_Rule_2; Decision_ConceptPreferredNameValidity_Rule_1; Decision_ConceptPreferredNameValidity_Rule_4; Decision_ConceptPreferredNameValidity_Rule_5; Decision_ConceptShortNameUniquenessPerLocale_Rule_1; Decision_ConceptShortNameUniquenessPerLocale_Rule_2; Decision_DeathRecordConsistency_Rule_2; Decision_DeathRecordConsistency_Rule_3; Decision_IdentifierFormatAndCheckDigitValidity_Rule_2; Decision_IdentifierFormatAndCheckDigitValidity_Rule_3; Decision_IdentifierFormatAndCheckDigitValidity_Rule_4; Decision_IdentifierLocationRequirement_Rule_1; Decision_IdentifierUniquenessCheck_Rule_1; Decision_IdentifierUniquenessCheck_Rule_3; Decision_NumericAbsoluteRangeValidity_Rule_3; Decision_NumericInterpretationClassification_Rule_1; Decision_NumericInterpretationClassification_Rule_2; Decision_NumericInterpretationClassification_Rule_5; Decision_NumericPrecisionValidity_Rule_1; Decision_ObsValueRequiredByDatatype_Rule_1; Decision_ObsValueRequiredByDatatype_Rule_6; Decision_OrderScheduledDateUrgencyConsistency_Rule_2; Decision_OrderScheduledDateUrgencyConsistency_Rule_4; Decision_PatientStateDateValidity_Rule_3; Decision_PatientStateDateValidity_Rule_4; Decision_PreferredIdentifierRequirement_Rule_1; Decision_PreferredIdentifierRequirement_Rule_2; Decision_PreferredIdentifierRequirement_Rule_3
23,True,False,Decision_PreferredIdentifierRequirement_Rule_2,,30,Decision_BirthdateValidity_Rule_1; Decision_ConceptFullySpecifiedNamePresenceRequirement_Rule_1; Decision_ConceptFullySpecifiedNamePresenceRequirement_Rule_2; Decision_ConceptFullySpecifiedNameUniquenessPerLocale_Rule_1; Decision_ConceptFullySpecifiedNameUniquenessPerLocale_Rule_2; Decision_ConceptLocalePreferredNameUniqueness_Rule_1; Decision_ConceptLocalePreferredNameUniqueness_Rule_2; Decision_ConceptPreferredNameValidity_Rule_4; Decision_ConceptPreferredNameValidity_Rule_5; Decision_ConceptShortNameUniquenessPerLocale_Rule_1; Decision_ConceptShortNameUniquenessPerLocale_Rule_2; Decision_DeathRecordConsistency_Rule_2; Decision_DeathRecordConsistency_Rule_3; Decision_IdentifierFormatAndCheckDigitValidity_Rule_3; Decision_IdentifierFormatAndCheckDigitValidity_Rule_4; Decision_IdentifierLocationRequirement_Rule_1; Decision_IdentifierUniquenessCheck_Rule_1; Decision_IdentifierUniquenessCheck_Rule_3; Decision_NumericAbsoluteRangeValidity_Rule_3; Decision_NumericInterpretationClassification_Rule_1; Decision_NumericInterpretationClassification_Rule_5; Decision_NumericPrecisionValidity_Rule_1; Decision_ObsValueRequiredByDatatype_Rule_1; Decision_OrderScheduledDateUrgencyConsistency_Rule_1; Decision_OrderScheduledDateUrgencyConsistency_Rule_2; Decision_PatientStateDateValidity_Rule_3; Decision_PatientStateDateValidity_Rule_4; Decision_PreferredIdentifierRequirement_Rule_1; Decision_PreferredIdentifierRequirement_Rule_2; Decision_PreferredIdentifierRequirement_Rule_3
24,True,False,Decision_PreferredIdentifierRequirement_Rule_3,,27,Decision_BirthdateValidity_Rule_1; Decision_ConceptFullySpecifiedNamePresenceRequirement_Rule_1; Decision_ConceptFullySpecifiedNamePresenceRequirement_Rule_2; Decision_ConceptFullySpecifiedNameUniquenessPerLocale_Rule_1; Decision_ConceptFullySpecifiedNameUniquenessPerLocale_Rule_2; Decision_ConceptLocalePreferredNameUniqueness_Rule_1; Decision_ConceptLocalePreferredNameUniqueness_Rule_2; Decision_ConceptPreferredNameValidity_Rule_4; Decision_ConceptPreferredNameValidity_Rule_5; Decision_ConceptShortNameUniquenessPerLocale_Rule_1; Decision_ConceptShortNameUniquenessPerLocale_Rule_2; Decision_DeathRecordConsistency_Rule_2; Decision_DeathRecordConsistency_Rule_3; Decision_IdentifierFormatAndCheckDigitValidity_Rule_3; Decision_IdentifierFormatAndCheckDigitValidity_Rule_4; Decision_IdentifierLocationRequirement_Rule_1; Decision_IdentifierUniquenessCheck_Rule_3; Decision_NumericAbsoluteRangeValidity_Rule_3; Decision_NumericInterpretationClassification_Rule_1; Decision_NumericInterpretationClassification_Rule_5; Decision_NumericPrecisionValidity_Rule_1; Decision_ObsValueRequiredByDatatype_Rule_1; Decision_OrderScheduledDateUrgencyConsistency_Rule_2; Decision_PatientStateDateValidity_Rule_3; Decision_PreferredIdentifierRequirement_Rule_1; Decision_PreferredIdentifierRequirement_Rule_2; Decision_PreferredIdentifierRequirement_Rule_3
25,True,False,Decision_IdentifierLocationRequirement_Rule_2,,29,Decision_BirthdateValidity_Rule_1; Decision_ConceptFullySpecifiedNamePresenceRequirement_Rule_1; Decision_ConceptFullySpecifiedNamePresenceRequirement_Rule_2; Decision_ConceptFullySpecifiedNameUniquenessPerLocale_Rule_1; Decision_ConceptFullySpecifiedNameUniquenessPerLocale_Rule_2; Decision_ConceptLocalePreferredNameUniqueness_Rule_1; Decision_ConceptLocalePreferredNameUniqueness_Rule_2; Decision_ConceptPreferredNameValidity_Rule_4; Decision_ConceptPreferredNameValidity_Rule_5; Decision_ConceptShortNameUniquenessPerLocale_Rule_1; Decision_ConceptShortNameUniquenessPerLocale_Rule_2; Decision_DeathRecordConsistency_Rule_2; Decision_DeathRecordConsistency_Rule_3; Decision_IdentifierFormatAndCheckDigitValidity_Rule_3; Decision_IdentifierFormatAndCheckDigitValidity_Rule_4; Decision_IdentifierLocationRequirement_Rule_1; Decision_IdentifierLocationRequirement_Rule_2; Decision_IdentifierUniquenessCheck_Rule_3; Decision_NumericAbsoluteRangeValidity_Rule_3; Decision_NumericInterpretationClassification_Rule_1; Decision_NumericInterpretationClassification_Rule_5; Decision_NumericPrecisionValidity_Rule_1; Decision_ObsValueRequiredByDatatype_Rule_1; Decision_OrderScheduledDateUrgencyConsistency_Rule_2; Decision_PatientStateDateValidity_Rule_3; Decision_PatientStateDateValidity_Rule_4; Decision_PreferredIdentifierRequirement_Rule_1; Decision_PreferredIdentifierRequirement_Rule_2; Decision_PreferredIdentifierRequirement_Rule_3
26,True,False,Decision_IdentifierLocationRequirement_Rule_3,,31,Decision_BirthdateValidity_Rule_1; Decision_ConceptFullySpecifiedNamePresenceRequirement_Rule_1; Decision_ConceptFullySpecifiedNamePresenceRequirement_Rule_2; Decision_ConceptFullySpecifiedNameUniquenessPerLocale_Rule_1; Decision_ConceptFullySpecifiedNameUniquenessPerLocale_Rule_2; Decision_ConceptLocalePreferredNameUniqueness_Rule_1; Decision_ConceptLocalePreferredNameUniqueness_Rule_2; Decision_ConceptPreferredNameValidity_Rule_2; Decision_ConceptPreferredNameValidity_Rule_4; Decision_ConceptPreferredNameValidity_Rule_5; Decision_ConceptShortNameUniquenessPerLocale_Rule_1; Decision_ConceptShortNameUniquenessPerLocale_Rule_2; Decision_DeathRecordConsistency_Rule_2; Decision_DeathRecordConsistency_Rule_3; Decision_IdentifierFormatAndCheckDigitValidity_Rule_3; Decision_IdentifierFormatAndCheckDigitValidity_Rule_4; Decision_IdentifierLocationRequirement_Rule_1; Decision_IdentifierLocationRequirement_Rule_3; Decision_IdentifierUniquenessCheck_Rule_3; Decision_NumericAbsoluteRangeValidity_Rule_3; Decision_NumericInterpretationClassification_Rule_1; Decision_NumericInterpretationClassification_Rule_5; Decision_NumericPrecisionValidity_Rule_1; Decision_ObsValueRequiredByDatatype_Rule_1; Decision_ObsValueRequiredByDatatype_Rule_3; Decision_OrderScheduledDateUrgencyConsistency_Rule_1; Decision_OrderScheduledDateUrgencyConsistency_Rule_2; Decision_PatientStateDateValidity_Rule_3; Decision_PreferredIdentifierRequirement_Rule_1; Decision_PreferredIdentifierRequirement_Rule_2; Decision_PreferredIdentifierRequirement_Rule_3
27,True,False,Decision_IdentifierUniquenessCheck_Rule_1,,28,Decision_BirthdateValidity_Rule_1; Decision_ConceptFullySpecifiedNamePresenceRequirement_Rule_1; Decision_ConceptFullySpecifiedNamePresenceRequirement_Rule_2; Decision_ConceptFullySpecifiedNameUniquenessPerLocale_Rule_1; Decision_ConceptFullySpecifiedNameUniquenessPerLocale_Rule_2; Decision_ConceptLocalePreferredNameUniqueness_Rule_1; Decision_ConceptLocalePreferredNameUniqueness_Rule_2; Decision_ConceptPreferredNameValidity_Rule_4; Decision_ConceptPreferredNameValidity_Rule_5; Decision_ConceptShortNameUniquenessPerLocale_Rule_1; Decision_ConceptShortNameUniquenessPerLocale_Rule_2; Decision_DeathRecordConsistency_Rule_2; Decision_DeathRecordConsistency_Rule_3; Decision_IdentifierFormatAndCheckDigitValidity_Rule_3; Decision_IdentifierFormatAndCheckDigitValidity_Rule_4; Decision_IdentifierLocationRequirement_Rule_1; Decision_IdentifierUniquenessCheck_Rule_1; Decision_IdentifierUniquenessCheck_Rule_3; Decision_NumericAbsoluteRangeValidity_Rule_3; Decision_NumericInterpretationClassification_Rule_1; Decision_NumericInterpretationClassification_Rule_5; Decision_NumericPrecisionValidity_Rule_1; Decision_ObsValueRequiredByDatatype_Rule_1; Decision_OrderScheduledDateUrgencyConsistency_Rule_2; Decision_PatientStateDateValidity_Rule_3; Decision_PreferredIdentifierRequirement_Rule_1; Decision_PreferredIdentifierRequirement_Rule_2; Decision_PreferredIdentifierRequirement_Rule_3
28,True,False,Decision_IdentifierFormatAndCheckDigitValidity_Rule_2,,29,Decision_BirthdateValidity_Rule_1; Decision_ConceptFullySpecifiedNamePresenceRequirement_Rule_1; Decision_ConceptFullySpecifiedNamePresenceRequirement_Rule_2; Decision_ConceptFullySpecifiedNameUniquenessPerLocale_Rule_1; Decision_ConceptFullySpecifiedNameUniquenessPerLocale_Rule_2; Decision_ConceptLocalePreferredNameUniqueness_Rule_1; Decision_ConceptLocalePreferredNameUniqueness_Rule_2; Decision_ConceptPreferredNameValidity_Rule_4; Decision_ConceptPreferredNameValidity_Rule_5; Decision_ConceptShortNameUniquenessPerLocale_Rule_1; Decision_ConceptShortNameUniquenessPerLocale_Rule_2; Decision_DeathRecordConsistency_Rule_2; Decision_DeathRecordConsistency_Rule_3; Decision_IdentifierFormatAndCheckDigitValidity_Rule_2; Decision_IdentifierFormatAndCheckDigitValidity_Rule_3; Decision_IdentifierFormatAndCheckDigitValidity_Rule_4; Decision_IdentifierLocationRequirement_Rule_1; Decision_IdentifierUniquenessCheck_Rule_3; Decision_NumericAbsoluteRangeValidity_Rule_3; Decision_NumericInterpretationClassification_Rule_1; Decision_NumericInterpretationClassification_Rule_5; Decision_NumericPrecisionValidity_Rule_1; Decision_ObsValueRequiredByDatatype_Rule_1; Decision_OrderScheduledDateUrgencyConsistency_Rule_2; Decision_PatientStateDateValidity_Rule_3; Decision_PatientStateDateValidity_Rule_4; Decision_PreferredIdentifierRequirement_Rule_1; Decision_PreferredIdentifierRequirement_Rule_2; Decision_PreferredIdentifierRequirement_Rule_3
29,True,False,Decision_IdentifierFormatAndCheckDigitValidity_Rule_4,,30,Decision_BirthdateValidity_Rule_1; Decision_ConceptFullySpecifiedNamePresenceRequirement_Rule_1; Decision_ConceptFullySpecifiedNamePresenceRequirement_Rule_2; Decision_ConceptFullySpecifiedNameUniquenessPerLocale_Rule_1; Decision_ConceptFullySpecifiedNameUniquenessPerLocale_Rule_2; Decision_ConceptLocalePreferredNameUniqueness_Rule_1; Decision_ConceptLocalePreferredNameUniqueness_Rule_2; Decision_ConceptPreferredNameValidity_Rule_4; Decision_ConceptPreferredNameValidity_Rule_5; Decision_ConceptShortNameUniquenessPerLocale_Rule_1; Decision_ConceptShortNameUniquenessPerLocale_Rule_2; Decision_DeathRecordConsistency_Rule_2; Decision_DeathRecordConsistency_Rule_3; Decision_DeathRecordConsistency_Rule_4; Decision_IdentifierFormatAndCheckDigitValidity_Rule_3; Decision_IdentifierFormatAndCheckDigitValidity_Rule_4; Decision_IdentifierLocationRequirement_Rule_1; Decision_IdentifierUniquenessCheck_Rule_1; Decision_IdentifierUniquenessCheck_Rule_3; Decision_NumericAbsoluteRangeValidity_Rule_3; Decision_NumericInterpretationClassification_Rule_1; Decision_NumericInterpretationClassification_Rule_5; Decision_NumericPrecisionValidity_Rule_1; Decision_ObsValueRequiredByDatatype_Rule_1; Decision_OrderScheduledDateUrgencyConsistency_Rule_1; Decision_OrderScheduledDateUrgencyConsistency_Rule_2; Decision_PatientStateDateValidity_Rule_3; Decision_PreferredIdentifierRequirement_Rule_1; Decision_PreferredIdentifierRequirement_Rule_2; Decision_PreferredIdentifierRequirement_Rule_3
30,True,False,Decision_BirthdateValidity_Rule_1,,27,Decision_BirthdateValidity_Rule_1; Decision_ConceptFullySpecifiedNamePresenceRequirement_Rule_1; Decision_ConceptFullySpecifiedNamePresenceRequirement_Rule_2; Decision_ConceptFullySpecifiedNameUniquenessPerLocale_Rule_1; Decision_ConceptFullySpecifiedNameUniquenessPerLocale_Rule_2; Decision_ConceptLocalePreferredNameUniqueness_Rule_1; Decision_ConceptLocalePreferredNameUniqueness_Rule_2; Decision_ConceptPreferredNameValidity_Rule_4; Decision_ConceptPreferredNameValidity_Rule_5; Decision_ConceptShortNameUniquenessPerLocale_Rule_1; Decision_ConceptShortNameUniquenessPerLocale_Rule_2; Decision_DeathRecordConsistency_Rule_2; Decision_DeathRecordConsistency_Rule_3; Decision_IdentifierFormatAndCheckDigitValidity_Rule_3; Decision_IdentifierFormatAndCheckDigitValidity_Rule_4; Decision_IdentifierLocationRequirement_Rule_1; Decision_IdentifierUniquenessCheck_Rule_3; Decision_NumericAbsoluteRangeValidity_Rule_3; Decision_NumericInterpretationClassification_Rule_1; Decision_NumericInterpretationClassification_Rule_5; Decision_NumericPrecisionValidity_Rule_1; Decision_ObsValueRequiredByDatatype_Rule_1; Decision_OrderScheduledDateUrgencyConsistency_Rule_2; Decision_PatientStateDateValidity_Rule_3; Decision_PreferredIdentifierRequirement_Rule_1; Decision_PreferredIdentifierRequirement_Rule_2; Decision_PreferredIdentifierRequirement_Rule_3
31,True,False,Decision_DeathRecordConsistency_Rule_1,,27,Decision_BirthdateValidity_Rule_1; Decision_ConceptFullySpecifiedNamePresenceRequirement_Rule_1; Decision_ConceptFullySpecifiedNamePresenceRequirement_Rule_2; Decision_ConceptFullySpecifiedNameUniquenessPerLocale_Rule_1; Decision_ConceptFullySpecifiedNameUniquenessPerLocale_Rule_2; Decision_ConceptLocalePreferredNameUniqueness_Rule_1; Decision_ConceptLocalePreferredNameUniqueness_Rule_2; Decision_ConceptPreferredNameValidity_Rule_4; Decision_ConceptPreferredNameValidity_Rule_5; Decision_ConceptShortNameUniquenessPerLocale_Rule_1; Decision_ConceptShortNameUniquenessPerLocale_Rule_2; Decision_DeathRecordConsistency_Rule_1; Decision_DeathRecordConsistency_Rule_2; Decision_IdentifierFormatAndCheckDigitValidity_Rule_3; Decision_IdentifierFormatAndCheckDigitValidity_Rule_4; Decision_IdentifierLocationRequirement_Rule_1; Decision_IdentifierUniquenessCheck_Rule_3; Decision_NumericAbsoluteRangeValidity_Rule_3; Decision_NumericInterpretationClassification_Rule_1; Decision_NumericInterpretationClassification_Rule_5; Decision_NumericPrecisionValidity_Rule_1; Decision_ObsValueRequiredByDatatype_Rule_1; Decision_OrderScheduledDateUrgencyConsistency_Rule_2; Decision_PatientStateDateValidity_Rule_3; Decision_PreferredIdentifierRequirement_Rule_1; Decision_PreferredIdentifierRequirement_Rule_2; Decision_PreferredIdentifierRequirement_Rule_3
32,True,False,Decision_DeathRecordConsistency_Rule_3,,29,Decision_BirthdateValidity_Rule_1; Decision_ConceptFullySpecifiedNamePresenceRequirement_Rule_1; Decision_ConceptFullySpecifiedNamePresenceRequirement_Rule_2; Decision_ConceptFullySpecifiedNameUniquenessPerLocale_Rule_1; Decision_ConceptFullySpecifiedNameUniquenessPerLocale_Rule_2; Decision_ConceptLocalePreferredNameUniqueness_Rule_1; Decision_ConceptLocalePreferredNameUniqueness_Rule_2; Decision_ConceptPreferredNameValidity_Rule_4; Decision_ConceptPreferredNameValidity_Rule_5; Decision_ConceptShortNameUniquenessPerLocale_Rule_1; Decision_ConceptShortNameUniquenessPerLocale_Rule_2; Decision_DeathRecordConsistency_Rule_2; Decision_DeathRecordConsistency_Rule_3; Decision_IdentifierFormatAndCheckDigitValidity_Rule_3; Decision_IdentifierFormatAndCheckDigitValidity_Rule_4; Decision_IdentifierLocationRequirement_Rule_1; Decision_IdentifierUniquenessCheck_Rule_3; Decision_NumericAbsoluteRangeValidity_Rule_3; Decision_NumericInterpretationClassification_Rule_1; Decision_NumericInterpretationClassification_Rule_5; Decision_NumericPrecisionValidity_Rule_1; Decision_ObsValueRequiredByDatatype_Rule_1; Decision_OrderScheduledDateUrgencyConsistency_Rule_1; Decision_OrderScheduledDateUrgencyConsistency_Rule_2; Decision_PatientStateDateValidity_Rule_3; Decision_PatientStateDateValidity_Rule_4; Decision_PreferredIdentifierRequirement_Rule_1; Decision_PreferredIdentifierRequirement_Rule_2; Decision_PreferredIdentifierRequirement_Rule_3
33,True,False,Decision_DeathRecordConsistency_Rule_4,,33,Decision_BirthdateValidity_Rule_1; Decision_ConceptFullySpecifiedNamePresenceRequirement_Rule_1; Decision_ConceptFullySpecifiedNamePresenceRequirement_Rule_2; Decision_ConceptFullySpecifiedNameUniquenessPerLocale_Rule_1; Decision_ConceptFullySpecifiedNameUniquenessPerLocale_Rule_2; Decision_ConceptLocalePreferredNameUniqueness_Rule_1; Decision_ConceptLocalePreferredNameUniqueness_Rule_2; Decision_ConceptPreferredNameValidity_Rule_4; Decision_ConceptPreferredNameValidity_Rule_5; Decision_ConceptShortNameUniquenessPerLocale_Rule_1; Decision_ConceptShortNameUniquenessPerLocale_Rule_2; Decision_DeathRecordConsistency_Rule_1; Decision_DeathRecordConsistency_Rule_2; Decision_DeathRecordConsistency_Rule_3; Decision_DeathRecordConsistency_Rule_4; Decision_IdentifierFormatAndCheckDigitValidity_Rule_3; Decision_IdentifierFormatAndCheckDigitValidity_Rule_4; Decision_IdentifierLocationRequirement_Rule_1; Decision_IdentifierUniquenessCheck_Rule_1; Decision_IdentifierUniquenessCheck_Rule_3; Decision_NumericAbsoluteRangeValidity_Rule_3; Decision_NumericInterpretationClassification_Rule_1; Decision_NumericInterpretationClassification_Rule_2; Decision_NumericInterpretationClassification_Rule_5; Decision_NumericPrecisionValidity_Rule_1; Decision_ObsValueRequiredByDatatype_Rule_1; Decision_OrderScheduledDateUrgencyConsistency_Rule_1; Decision_OrderScheduledDateUrgencyConsistency_Rule_2; Decision_PatientStateDateValidity_Rule_3; Decision_PatientStateDateValidity_Rule_4; Decision_PreferredIdentifierRequirement_Rule_1; Decision_PreferredIdentifierRequirement_Rule_2; Decision_PreferredIdentifierRequirement_Rule_3
34,True,False,Decision_DeathRecordConsistency_Rule_5,,28,Decision_BirthdateValidity_Rule_1; Decision_ConceptFullySpecifiedNamePresenceRequirement_Rule_1; Decision_ConceptFullySpecifiedNamePresenceRequirement_Rule_2; Decision_ConceptFullySpecifiedNameUniquenessPerLocale_Rule_1; Decision_ConceptFullySpecifiedNameUniquenessPerLocale_Rule_2; Decision_ConceptLocalePreferredNameUniqueness_Rule_1; Decision_ConceptLocalePreferredNameUniqueness_Rule_2; Decision_ConceptPreferredNameValidity_Rule_4; Decision_ConceptPreferredNameValidity_Rule_5; Decision_ConceptShortNameUniquenessPerLocale_Rule_1; Decision_ConceptShortNameUniquenessPerLocale_Rule_2; Decision_DeathRecordConsistency_Rule_2; Decision_DeathRecordConsistency_Rule_3; Decision_DeathRecordConsistency_Rule_5; Decision_IdentifierFormatAndCheckDigitValidity_Rule_3; Decision_IdentifierFormatAndCheckDigitValidity_Rule_4; Decision_IdentifierLocationRequirement_Rule_1; Decision_IdentifierUniquenessCheck_Rule_3; Decision_NumericAbsoluteRangeValidity_Rule_3; Decision_NumericInterpretationClassification_Rule_1; Decision_NumericInterpretationClassification_Rule_5; Decision_NumericPrecisionValidity_Rule_1; Decision_ObsValueRequiredByDatatype_Rule_1; Decision_OrderScheduledDateUrgencyConsistency_Rule_2; Decision_PatientStateDateValidity_Rule_3; Decision_PreferredIdentifierRequirement_Rule_1; Decision_PreferredIdentifierRequirement_Rule_2; Decision_PreferredIdentifierRequirement_Rule_3
35,True,False,Decision_PatientStateDateValidity_Rule_1,,28,Decision_BirthdateValidity_Rule_1; Decision_ConceptFullySpecifiedNamePresenceRequirement_Rule_1; Decision_ConceptFullySpecifiedNamePresenceRequirement_Rule_2; Decision_ConceptFullySpecifiedNameUniquenessPerLocale_Rule_1; Decision_ConceptFullySpecifiedNameUniquenessPerLocale_Rule_2; Decision_ConceptLocalePreferredNameUniqueness_Rule_1; Decision_ConceptLocalePreferredNameUniqueness_Rule_2; Decision_ConceptPreferredNameValidity_Rule_4; Decision_ConceptPreferredNameValidity_Rule_5; Decision_ConceptShortNameUniquenessPerLocale_Rule_1; Decision_ConceptShortNameUniquenessPerLocale_Rule_2; Decision_DeathRecordConsistency_Rule_2; Decision_DeathRecordConsistency_Rule_3; Decision_IdentifierFormatAndCheckDigitValidity_Rule_3; Decision_IdentifierFormatAndCheckDigitValidity_Rule_4; Decision_IdentifierLocationRequirement_Rule_1; Decision_IdentifierUniquenessCheck_Rule_3; Decision_NumericAbsoluteRangeValidity_Rule_3; Decision_NumericInterpretationClassification_Rule_1; Decision_NumericInterpretationClassification_Rule_5; Decision_NumericPrecisionValidity_Rule_1; Decision_ObsValueRequiredByDatatype_Rule_1; Decision_OrderScheduledDateUrgencyConsistency_Rule_2; Decision_PatientStateDateValidity_Rule_1; Decision_PatientStateDateValidity_Rule_3; Decision_PreferredIdentifierRequirement_Rule_1; Decision_PreferredIdentifierRequirement_Rule_2; Decision_PreferredIdentifierRequirement_Rule_3
36,True,False,Decision_PatientStateDateValidity_Rule_2,,30,Decision_BirthdateValidity_Rule_1; Decision_ConceptFullySpecifiedNamePresenceRequirement_Rule_1; Decision_ConceptFullySpecifiedNamePresenceRequirement_Rule_2; Decision_ConceptFullySpecifiedNameUniquenessPerLocale_Rule_1; Decision_ConceptFullySpecifiedNameUniquenessPerLocale_Rule_2; Decision_ConceptLocalePreferredNameUniqueness_Rule_1; Decision_ConceptLocalePreferredNameUniqueness_Rule_2; Decision_ConceptPreferredNameValidity_Rule_3; Decision_ConceptPreferredNameValidity_Rule_4; Decision_ConceptPreferredNameValidity_Rule_5; Decision_ConceptShortNameUniquenessPerLocale_Rule_1; Decision_ConceptShortNameUniquenessPerLocale_Rule_2; Decision_DeathRecordConsistency_Rule_2; Decision_DeathRecordConsistency_Rule_3; Decision_IdentifierFormatAndCheckDigitValidity_Rule_3; Decision_IdentifierFormatAndCheckDigitValidity_Rule_4; Decision_IdentifierLocationRequirement_Rule_1; Decision_IdentifierUniquenessCheck_Rule_3; Decision_NumericAbsoluteRangeValidity_Rule_3; Decision_NumericInterpretationClassification_Rule_1; Decision_NumericInterpretationClassification_Rule_3; Decision_NumericInterpretationClassification_Rule_5; Decision_NumericPrecisionValidity_Rule_1; Decision_ObsValueRequiredByDatatype_Rule_1; Decision_OrderScheduledDateUrgencyConsistency_Rule_2; Decision_PatientStateDateValidity_Rule_2; Decision_PatientStateDateValidity_Rule_3; Decision_PreferredIdentifierRequirement_Rule_1; Decision_PreferredIdentifierRequirement_Rule_2; Decision_PreferredIdentifierRequirement_Rule_3
37,True,False,Decision_PatientStateDateValidity_Rule_4,,28,Decision_BirthdateValidity_Rule_1; Decision_ConceptFullySpecifiedNamePresenceRequirement_Rule_1; Decision_ConceptFullySpecifiedNamePresenceRequirement_Rule_2; Decision_ConceptFullySpecifiedNameUniquenessPerLocale_Rule_1; Decision_ConceptFullySpecifiedNameUniquenessPerLocale_Rule_2; Decision_ConceptLocalePreferredNameUniqueness_Rule_1; Decision_ConceptLocalePreferredNameUniqueness_Rule_2; Decision_ConceptPreferredNameValidity_Rule_4; Decision_ConceptPreferredNameValidity_Rule_5; Decision_ConceptShortNameUniquenessPerLocale_Rule_1; Decision_ConceptShortNameUniquenessPerLocale_Rule_2; Decision_DeathRecordConsistency_Rule_2; Decision_DeathRecordConsistency_Rule_3; Decision_IdentifierFormatAndCheckDigitValidity_Rule_3; Decision_IdentifierFormatAndCheckDigitValidity_Rule_4; Decision_IdentifierLocationRequirement_Rule_1; Decision_IdentifierUniquenessCheck_Rule_3; Decision_NumericAbsoluteRangeValidity_Rule_3; Decision_NumericInterpretationClassification_Rule_1; Decision_NumericInterpretationClassification_Rule_5; Decision_NumericPrecisionValidity_Rule_1; Decision_ObsValueRequiredByDatatype_Rule_1; Decision_OrderScheduledDateUrgencyConsistency_Rule_2; Decision_PatientStateDateValidity_Rule_3; Decision_PatientStateDateValidity_Rule_4; Decision_PreferredIdentifierRequirement_Rule_1; Decision_PreferredIdentifierRequirement_Rule_2; Decision_PreferredIdentifierRequirement_Rule_3
38,False,True,,0,43,Decision_BirthdateValidity_Rule_1; Decision_ConceptFullySpecifiedNamePresenceRequirement_Rule_1; Decision_ConceptFullySpecifiedNamePresenceRequirement_Rule_2; Decision_ConceptFullySpecifiedNameUniquenessPerLocale_Rule_1; Decision_ConceptFullySpecifiedNameUniquenessPerLocale_Rule_2; Decision_ConceptLocalePreferredNameUniqueness_Rule_1; Decision_ConceptLocalePreferredNameUniqueness_Rule_2; Decision_ConceptPreferredNameValidity_Rule_1; Decision_ConceptPreferredNameValidity_Rule_2; Decision_ConceptPreferredNameValidity_Rule_4; Decision_ConceptPreferredNameValidity_Rule_5; Decision_ConceptShortNameUniquenessPerLocale_Rule_1; Decision_ConceptShortNameUniquenessPerLocale_Rule_2; Decision_DeathRecordConsistency_Rule_1; Decision_DeathRecordConsistency_Rule_2; Decision_DeathRecordConsistency_Rule_4; Decision_IdentifierFormatAndCheckDigitValidity_Rule_3; Decision_IdentifierFormatAndCheckDigitValidity_Rule_4; Decision_IdentifierLocationRequirement_Rule_1; Decision_IdentifierLocationRequirement_Rule_2; Decision_IdentifierLocationRequirement_Rule_3; Decision_IdentifierUniquenessCheck_Rule_1; Decision_IdentifierUniquenessCheck_Rule_3; Decision_NumericAbsoluteRangeValidity_Rule_1; Decision_NumericAbsoluteRangeValidity_Rule_2; Decision_NumericAbsoluteRangeValidity_Rule_3; Decision_NumericInterpretationClassification_Rule_1; Decision_NumericInterpretationClassification_Rule_2; Decision_NumericInterpretationClassification_Rule_4; Decision_NumericInterpretationClassification_Rule_5; Decision_NumericPrecisionValidity_Rule_1; Decision_ObsValueRequiredByDatatype_Rule_1; Decision_ObsValueRequiredByDatatype_Rule_3; Decision_ObsValueRequiredByDatatype_Rule_5; Decision_ObsValueRequiredByDatatype_Rule_6; Decision_OrderScheduledDateUrgencyConsistency_Rule_2; Decision_OrderScheduledDateUrgencyConsistency_Rule_3; Decision_OrderScheduledDateUrgencyConsistency_Rule_4; Decision_PatientStateDateValidity_Rule_2; Decision_PatientStateDateValidity_Rule_3; Decision_PreferredIdentifierRequirement_Rule_1; Decision_PreferredIdentifierRequirement_Rule_2; Decision_PreferredIdentifierRequirement_Rule_3
39,False,True,,1,40,Decision_BirthdateValidity_Rule_1; Decision_ConceptFullySpecifiedNamePresenceRequirement_Rule_1; Decision_ConceptFullySpecifiedNamePresenceRequirement_Rule_2; Decision_ConceptFullySpecifiedNameUniquenessPerLocale_Rule_1; Decision_ConceptFullySpecifiedNameUniquenessPerLocale_Rule_2; Decision_ConceptLocalePreferredNameUniqueness_Rule_1; Decision_ConceptLocalePreferredNameUniqueness_Rule_2; Decision_ConceptPreferredNameValidity_Rule_1; Decision_ConceptPreferredNameValidity_Rule_2; Decision_ConceptPreferredNameValidity_Rule_4; Decision_ConceptPreferredNameValidity_Rule_5; Decision_ConceptShortNameUniquenessPerLocale_Rule_1; Decision_ConceptShortNameUniquenessPerLocale_Rule_2; Decision_DeathRecordConsistency_Rule_1; Decision_DeathRecordConsistency_Rule_2; Decision_DeathRecordConsistency_Rule_3; Decision_IdentifierFormatAndCheckDigitValidity_Rule_2; Decision_IdentifierFormatAndCheckDigitValidity_Rule_3; Decision_IdentifierFormatAndCheckDigitValidity_Rule_4; Decision_IdentifierLocationRequirement_Rule_1; Decision_IdentifierUniquenessCheck_Rule_1; Decision_IdentifierUniquenessCheck_Rule_3; Decision_NumericAbsoluteRangeValidity_Rule_2; Decision_NumericAbsoluteRangeValidity_Rule_3; Decision_NumericInterpretationClassification_Rule_1; Decision_NumericInterpretationClassification_Rule_3; Decision_NumericInterpretationClassification_Rule_5; Decision_NumericPrecisionValidity_Rule_1; Decision_ObsValueRequiredByDatatype_Rule_3; Decision_ObsValueRequiredByDatatype_Rule_5; Decision_ObsValueRequiredByDatatype_Rule_6; Decision_OrderScheduledDateUrgencyConsistency_Rule_1; Decision_OrderScheduledDateUrgencyConsistency_Rule_2; Decision_OrderScheduledDateUrgencyConsistency_Rule_3; Decision_OrderScheduledDateUrgencyConsistency_Rule_4; Decision_PatientStateDateValidity_Rule_2; Decision_PatientStateDateValidity_Rule_3; Decision_PreferredIdentifierRequirement_Rule_1; Decision_PreferredIdentifierRequirement_Rule_2; Decision_PreferredIdentifierRequirement_Rule_3
40,False,True,,2,39,Decision_BirthdateValidity_Rule_1; Decision_ConceptFullySpecifiedNamePresenceRequirement_Rule_1; Decision_ConceptFullySpecifiedNamePresenceRequirement_Rule_2; Decision_ConceptFullySpecifiedNameUniquenessPerLocale_Rule_1; Decision_ConceptFullySpecifiedNameUniquenessPerLocale_Rule_2; Decision_ConceptLocalePreferredNameUniqueness_Rule_1; Decision_ConceptLocalePreferredNameUniqueness_Rule_2; Decision_ConceptPreferredNameValidity_Rule_2; Decision_ConceptPreferredNameValidity_Rule_4; Decision_ConceptPreferredNameValidity_Rule_5; Decision_ConceptShortNameUniquenessPerLocale_Rule_1; Decision_ConceptShortNameUniquenessPerLocale_Rule_2; Decision_DeathRecordConsistency_Rule_1; Decision_DeathRecordConsistency_Rule_2; Decision_DeathRecordConsistency_Rule_3; Decision_DeathRecordConsistency_Rule_5; Decision_IdentifierFormatAndCheckDigitValidity_Rule_2; Decision_IdentifierFormatAndCheckDigitValidity_Rule_4; Decision_IdentifierLocationRequirement_Rule_3; Decision_IdentifierUniquenessCheck_Rule_1; Decision_IdentifierUniquenessCheck_Rule_3; Decision_NumericAbsoluteRangeValidity_Rule_2; Decision_NumericAbsoluteRangeValidity_Rule_3; Decision_NumericInterpretationClassification_Rule_1; Decision_NumericInterpretationClassification_Rule_2; Decision_NumericInterpretationClassification_Rule_5; Decision_NumericPrecisionValidity_Rule_1; Decision_ObsValueRequiredByDatatype_Rule_1; Decision_ObsValueRequiredByDatatype_Rule_2; Decision_ObsValueRequiredByDatatype_Rule_4; Decision_OrderScheduledDateUrgencyConsistency_Rule_1; Decision_OrderScheduledDateUrgencyConsistency_Rule_2; Decision_PatientStateDateValidity_Rule_1; Decision_PatientStateDateValidity_Rule_2; Decision_PatientStateDateValidity_Rule_3; Decision_PatientStateDateValidity_Rule_4; Decision_PreferredIdentifierRequirement_Rule_1; Decision_PreferredIdentifierRequirement_Rule_2; Decision_PreferredIdentifierRequirement_Rule_3
41,False,True,,3,38,Decision_BirthdateValidity_Rule_1; Decision_ConceptFullySpecifiedNamePresenceRequirement_Rule_1; Decision_ConceptFullySpecifiedNamePresenceRequirement_Rule_2; Decision_ConceptFullySpecifiedNameUniquenessPerLocale_Rule_1; Decision_ConceptFullySpecifiedNameUniquenessPerLocale_Rule_2; Decision_ConceptLocalePreferredNameUniqueness_Rule_1; Decision_ConceptLocalePreferredNameUniqueness_Rule_2; Decision_ConceptPreferredNameValidity_Rule_1; Decision_ConceptPreferredNameValidity_Rule_3; Decision_ConceptPreferredNameValidity_Rule_5; Decision_ConceptShortNameUniquenessPerLocale_Rule_1; Decision_ConceptShortNameUniquenessPerLocale_Rule_2; Decision_DeathRecordConsistency_Rule_1; Decision_DeathRecordConsistency_Rule_2; Decision_DeathRecordConsistency_Rule_3; Decision_IdentifierFormatAndCheckDigitValidity_Rule_2; Decision_IdentifierFormatAndCheckDigitValidity_Rule_4; Decision_IdentifierLocationRequirement_Rule_1; Decision_IdentifierLocationRequirement_Rule_2; Decision_IdentifierUniquenessCheck_Rule_1; Decision_IdentifierUniquenessCheck_Rule_3; Decision_NumericAbsoluteRangeValidity_Rule_1; Decision_NumericAbsoluteRangeValidity_Rule_3; Decision_NumericInterpretationClassification_Rule_1; Decision_NumericInterpretationClassification_Rule_5; Decision_NumericPrecisionValidity_Rule_1; Decision_ObsValueRequiredByDatatype_Rule_1; Decision_ObsValueRequiredByDatatype_Rule_2; Decision_ObsValueRequiredByDatatype_Rule_4; Decision_OrderScheduledDateUrgencyConsistency_Rule_2; Decision_OrderScheduledDateUrgencyConsistency_Rule_3; Decision_OrderScheduledDateUrgencyConsistency_Rule_4; Decision_PatientStateDateValidity_Rule_2; Decision_PatientStateDateValidity_Rule_3; Decision_PatientStateDateValidity_Rule_4; Decision_PreferredIdentifierRequirement_Rule_1; Decision_PreferredIdentifierRequirement_Rule_2; Decision_PreferredIdentifierRequirement_Rule_3
42,False,True,,4,41,Decision_BirthdateValidity_Rule_1; Decision_ConceptFullySpecifiedNamePresenceRequirement_Rule_1; Decision_ConceptFullySpecifiedNamePresenceRequirement_Rule_2; Decision_ConceptFullySpecifiedNameUniquenessPerLocale_Rule_1; Decision_ConceptFullySpecifiedNameUniquenessPerLocale_Rule_2; Decision_ConceptLocalePreferredNameUniqueness_Rule_1; Decision_ConceptLocalePreferredNameUniqueness_Rule_2; Decision_ConceptPreferredNameValidity_Rule_1; Decision_ConceptPreferredNameValidity_Rule_2; Decision_ConceptPreferredNameValidity_Rule_4; Decision_ConceptPreferredNameValidity_Rule_5; Decision_ConceptShortNameUniquenessPerLocale_Rule_1; Decision_ConceptShortNameUniquenessPerLocale_Rule_2; Decision_DeathRecordConsistency_Rule_1; Decision_DeathRecordConsistency_Rule_2; Decision_DeathRecordConsistency_Rule_3; Decision_DeathRecordConsistency_Rule_5; Decision_IdentifierFormatAndCheckDigitValidity_Rule_2; Decision_IdentifierFormatAndCheckDigitValidity_Rule_4; Decision_IdentifierLocationRequirement_Rule_1; Decision_IdentifierUniquenessCheck_Rule_1; Decision_IdentifierUniquenessCheck_Rule_3; Decision_NumericAbsoluteRangeValidity_Rule_1; Decision_NumericAbsoluteRangeValidity_Rule_3; Decision_NumericInterpretationClassification_Rule_1; Decision_NumericInterpretationClassification_Rule_2; Decision_NumericInterpretationClassification_Rule_3; Decision_NumericInterpretationClassification_Rule_5; Decision_NumericPrecisionValidity_Rule_1; Decision_ObsValueRequiredByDatatype_Rule_1; Decision_ObsValueRequiredByDatatype_Rule_3; Decision_ObsValueRequiredByDatatype_Rule_5; Decision_ObsValueRequiredByDatatype_Rule_6; Decision_OrderScheduledDateUrgencyConsistency_Rule_1; Decision_OrderScheduledDateUrgencyConsistency_Rule_2; Decision_PatientStateDateValidity_Rule_2; Decision_PatientStateDateValidity_Rule_3; Decision_PatientStateDateValidity_Rule_4; Decision_PreferredIdentifierRequirement_Rule_1; Decision_PreferredIdentifierRequirement_Rule_2; Decision_PreferredIdentifierRequirement_Rule_3
43,False,True,,5,38,Decision_BirthdateValidity_Rule_1; Decision_ConceptFullySpecifiedNamePresenceRequirement_Rule_1; Decision_ConceptFullySpecifiedNamePresenceRequirement_Rule_2; Decision_ConceptFullySpecifiedNameUniquenessPerLocale_Rule_1; Decision_ConceptFullySpecifiedNameUniquenessPerLocale_Rule_2; Decision_ConceptLocalePreferredNameUniqueness_Rule_1; Decision_ConceptLocalePreferredNameUniqueness_Rule_2; Decision_ConceptPreferredNameValidity_Rule_1; Decision_ConceptPreferredNameValidity_Rule_3; Decision_ConceptPreferredNameValidity_Rule_4; Decision_ConceptPreferredNameValidity_Rule_5; Decision_ConceptShortNameUniquenessPerLocale_Rule_1; Decision_ConceptShortNameUniquenessPerLocale_Rule_2; Decision_DeathRecordConsistency_Rule_1; Decision_DeathRecordConsistency_Rule_2; Decision_DeathRecordConsistency_Rule_3; Decision_IdentifierFormatAndCheckDigitValidity_Rule_2; Decision_IdentifierFormatAndCheckDigitValidity_Rule_3; Decision_IdentifierFormatAndCheckDigitValidity_Rule_4; Decision_IdentifierLocationRequirement_Rule_1; Decision_IdentifierUniquenessCheck_Rule_1; Decision_IdentifierUniquenessCheck_Rule_3; Decision_NumericAbsoluteRangeValidity_Rule_2; Decision_NumericAbsoluteRangeValidity_Rule_3; Decision_NumericInterpretationClassification_Rule_1; Decision_NumericInterpretationClassification_Rule_3; Decision_NumericInterpretationClassification_Rule_5; Decision_NumericPrecisionValidity_Rule_1; Decision_ObsValueRequiredByDatatype_Rule_3; Decision_ObsValueRequiredByDatatype_Rule_5; Decision_ObsValueRequiredByDatatype_Rule_6; Decision_OrderScheduledDateUrgencyConsistency_Rule_1; Decision_OrderScheduledDateUrgencyConsistency_Rule_2; Decision_PatientStateDateValidity_Rule_2; Decision_PatientStateDateValidity_Rule_3; Decision_PreferredIdentifierRequirement_Rule_1; Decision_PreferredIdentifierRequirement_Rule_2; Decision_PreferredIdentifierRequirement_Rule_3
44,False,True,,6,45,Decision_BirthdateValidity_Rule_1; Decision_ConceptFullySpecifiedNamePresenceRequirement_Rule_1; Decision_ConceptFullySpecifiedNamePresenceRequirement_Rule_2; Decision_ConceptFullySpecifiedNameUniquenessPerLocale_Rule_1; Decision_ConceptFullySpecifiedNameUniquenessPerLocale_Rule_2; Decision_ConceptLocalePreferredNameUniqueness_Rule_1; Decision_ConceptLocalePreferredNameUniqueness_Rule_2; Decision_ConceptPreferredNameValidity_Rule_1; Decision_ConceptPreferredNameValidity_Rule_2; Decision_ConceptPreferredNameValidity_Rule_4; Decision_ConceptPreferredNameValidity_Rule_5; Decision_ConceptShortNameUniquenessPerLocale_Rule_1; Decision_ConceptShortNameUniquenessPerLocale_Rule_2; Decision_DeathRecordConsistency_Rule_1; Decision_DeathRecordConsistency_Rule_2; Decision_DeathRecordConsistency_Rule_3; Decision_IdentifierFormatAndCheckDigitValidity_Rule_2; Decision_IdentifierFormatAndCheckDigitValidity_Rule_3; Decision_IdentifierFormatAndCheckDigitValidity_Rule_4; Decision_IdentifierLocationRequirement_Rule_1; Decision_IdentifierLocationRequirement_Rule_2; Decision_IdentifierUniquenessCheck_Rule_1; Decision_IdentifierUniquenessCheck_Rule_3; Decision_NumericAbsoluteRangeValidity_Rule_1; Decision_NumericAbsoluteRangeValidity_Rule_2; Decision_NumericAbsoluteRangeValidity_Rule_3; Decision_NumericInterpretationClassification_Rule_1; Decision_NumericInterpretationClassification_Rule_2; Decision_NumericInterpretationClassification_Rule_4; Decision_NumericInterpretationClassification_Rule_5; Decision_NumericPrecisionValidity_Rule_1; Decision_ObsValueRequiredByDatatype_Rule_1; Decision_ObsValueRequiredByDatatype_Rule_2; Decision_ObsValueRequiredByDatatype_Rule_4; Decision_ObsValueRequiredByDatatype_Rule_5; Decision_OrderScheduledDateUrgencyConsistency_Rule_1; Decision_OrderScheduledDateUrgencyConsistency_Rule_2; Decision_OrderScheduledDateUrgencyConsistency_Rule_3; Decision_OrderScheduledDateUrgencyConsistency_Rule_4; Decision_PatientStateDateValidity_Rule_2; Decision_PatientStateDateValidity_Rule_3; Decision_PatientStateDateValidity_Rule_4; Decision_PreferredIdentifierRequirement_Rule_1; Decision_PreferredIdentifierRequirement_Rule_2; Decision_PreferredIdentifierRequirement_Rule_3
45,False,True,,7,39,Decision_BirthdateValidity_Rule_1; Decision_ConceptFullySpecifiedNamePresenceRequirement_Rule_1; Decision_ConceptFullySpecifiedNamePresenceRequirement_Rule_2; Decision_ConceptFullySpecifiedNameUniquenessPerLocale_Rule_1; Decision_ConceptFullySpecifiedNameUniquenessPerLocale_Rule_2; Decision_ConceptLocalePreferredNameUniqueness_Rule_1; Decision_ConceptLocalePreferredNameUniqueness_Rule_2; Decision_ConceptPreferredNameValidity_Rule_1; Decision_ConceptPreferredNameValidity_Rule_2; Decision_ConceptPreferredNameValidity_Rule_4; Decision_ConceptPreferredNameValidity_Rule_5; Decision_ConceptShortNameUniquenessPerLocale_Rule_1; Decision_ConceptShortNameUniquenessPerLocale_Rule_2; Decision_DeathRecordConsistency_Rule_1; Decision_DeathRecordConsistency_Rule_2; Decision_DeathRecordConsistency_Rule_3; Decision_DeathRecordConsistency_Rule_5; Decision_IdentifierFormatAndCheckDigitValidity_Rule_2; Decision_IdentifierFormatAndCheckDigitValidity_Rule_4; Decision_IdentifierLocationRequirement_Rule_1; Decision_IdentifierUniquenessCheck_Rule_1; Decision_IdentifierUniquenessCheck_Rule_3; Decision_NumericAbsoluteRangeValidity_Rule_1; Decision_NumericAbsoluteRangeValidity_Rule_3; Decision_NumericInterpretationClassification_Rule_1; Decision_NumericInterpretationClassification_Rule_2; Decision_NumericInterpretationClassification_Rule_5; Decision_NumericPrecisionValidity_Rule_1; Decision_ObsValueRequiredByDatatype_Rule_3; Decision_ObsValueRequiredByDatatype_Rule_5; Decision_ObsValueRequiredByDatatype_Rule_6; Decision_OrderScheduledDateUrgencyConsistency_Rule_1; Decision_OrderScheduledDateUrgencyConsistency_Rule_2; Decision_PatientStateDateValidity_Rule_1; Decision_PatientStateDateValidity_Rule_3; Decision_PatientStateDateValidity_Rule_4; Decision_PreferredIdentifierRequirement_Rule_1; Decision_PreferredIdentifierRequirement_Rule_2; Decision_PreferredIdentifierRequirement_Rule_3
46,False,True,,8,38,Decision_BirthdateValidity_Rule_1; Decision_ConceptFullySpecifiedNamePresenceRequirement_Rule_1; Decision_ConceptFullySpecifiedNamePresenceRequirement_Rule_2; Decision_ConceptFullySpecifiedNameUniquenessPerLocale_Rule_1; Decision_ConceptFullySpecifiedNameUniquenessPerLocale_Rule_2; Decision_ConceptLocalePreferredNameUniqueness_Rule_2; Decision_ConceptPreferredNameValidity_Rule_1; Decision_ConceptPreferredNameValidity_Rule_2; Decision_ConceptPreferredNameValidity_Rule_3; Decision_ConceptPreferredNameValidity_Rule_4; Decision_ConceptShortNameUniquenessPerLocale_Rule_2; Decision_DeathRecordConsistency_Rule_1; Decision_DeathRecordConsistency_Rule_2; Decision_DeathRecordConsistency_Rule_3; Decision_IdentifierFormatAndCheckDigitValidity_Rule_2; Decision_IdentifierFormatAndCheckDigitValidity_Rule_4; Decision_IdentifierLocationRequirement_Rule_1; Decision_IdentifierLocationRequirement_Rule_2; Decision_IdentifierUniquenessCheck_Rule_1; Decision_IdentifierUniquenessCheck_Rule_3; Decision_NumericAbsoluteRangeValidity_Rule_1; Decision_NumericAbsoluteRangeValidity_Rule_3; Decision_NumericInterpretationClassification_Rule_1; Decision_NumericInterpretationClassification_Rule_3; Decision_NumericInterpretationClassification_Rule_5; Decision_NumericPrecisionValidity_Rule_1; Decision_ObsValueRequiredByDatatype_Rule_1; Decision_ObsValueRequiredByDatatype_Rule_2; Decision_ObsValueRequiredByDatatype_Rule_4; Decision_OrderScheduledDateUrgencyConsistency_Rule_2; Decision_OrderScheduledDateUrgencyConsistency_Rule_3; Decision_OrderScheduledDateUrgencyConsistency_Rule_4; Decision_PatientStateDateValidity_Rule_2; Decision_PatientStateDateValidity_Rule_3; Decision_PatientStateDateValidity_Rule_4; Decision_PreferredIdentifierRequirement_Rule_1; Decision_PreferredIdentifierRequirement_Rule_2; Decision_PreferredIdentifierRequirement_Rule_3
47,False,True,,9,42,Decision_BirthdateValidity_Rule_1; Decision_ConceptFullySpecifiedNamePresenceRequirement_Rule_1; Decision_ConceptFullySpecifiedNamePresenceRequirement_Rule_2; Decision_ConceptFullySpecifiedNameUniquenessPerLocale_Rule_1; Decision_ConceptFullySpecifiedNameUniquenessPerLocale_Rule_2; Decision_ConceptLocalePreferredNameUniqueness_Rule_1; Decision_ConceptLocalePreferredNameUniqueness_Rule_2; Decision_ConceptPreferredNameValidity_Rule_1; Decision_ConceptPreferredNameValidity_Rule_2; Decision_ConceptPreferredNameValidity_Rule_4; Decision_ConceptPreferredNameValidity_Rule_5; Decision_ConceptShortNameUniquenessPerLocale_Rule_1; Decision_ConceptShortNameUniquenessPerLocale_Rule_2; Decision_DeathRecordConsistency_Rule_1; Decision_DeathRecordConsistency_Rule_2; Decision_DeathRecordConsistency_Rule_3; Decision_DeathRecordConsistency_Rule_5; Decision_IdentifierFormatAndCheckDigitValidity_Rule_2; Decision_IdentifierFormatAndCheckDigitValidity_Rule_4; Decision_IdentifierLocationRequirement_Rule_1; Decision_IdentifierUniquenessCheck_Rule_1; Decision_IdentifierUniquenessCheck_Rule_3; Decision_NumericAbsoluteRangeValidity_Rule_1; Decision_NumericAbsoluteRangeValidity_Rule_3; Decision_NumericInterpretationClassification_Rule_1; Decision_NumericInterpretationClassification_Rule_2; Decision_NumericInterpretationClassification_Rule_3; Decision_NumericInterpretationClassification_Rule_5; Decision_NumericPrecisionValidity_Rule_1; Decision_ObsValueRequiredByDatatype_Rule_1; Decision_ObsValueRequiredByDatatype_Rule_3; Decision_ObsValueRequiredByDatatype_Rule_5; Decision_ObsValueRequiredByDatatype_Rule_6; Decision_OrderScheduledDateUrgencyConsistency_Rule_2; Decision_OrderScheduledDateUrgencyConsistency_Rule_3; Decision_OrderScheduledDateUrgencyConsistency_Rule_4; Decision_PatientStateDateValidity_Rule_2; Decision_PatientStateDateValidity_Rule_3; Decision_PatientStateDateValidity_Rule_4; Decision_PreferredIdentifierRequirement_Rule_1; Decision_PreferredIdentifierRequirement_Rule_2; Decision_PreferredIdentifierRequirement_Rule_3
48,False,True,,10,42,Decision_BirthdateValidity_Rule_1; Decision_ConceptFullySpecifiedNamePresenceRequirement_Rule_1; Decision_ConceptFullySpecifiedNamePresenceRequirement_Rule_2; Decision_ConceptFullySpecifiedNameUniquenessPerLocale_Rule_1; Decision_ConceptFullySpecifiedNameUniquenessPerLocale_Rule_2; Decision_ConceptLocalePreferredNameUniqueness_Rule_1; Decision_ConceptLocalePreferredNameUniqueness_Rule_2; Decision_ConceptPreferredNameValidity_Rule_1; Decision_ConceptPreferredNameValidity_Rule_2; Decision_ConceptPreferredNameValidity_Rule_4; Decision_ConceptPreferredNameValidity_Rule_5; Decision_ConceptShortNameUniquenessPerLocale_Rule_1; Decision_ConceptShortNameUniquenessPerLocale_Rule_2; Decision_DeathRecordConsistency_Rule_1; Decision_DeathRecordConsistency_Rule_2; Decision_DeathRecordConsistency_Rule_3; Decision_DeathRecordConsistency_Rule_5; Decision_IdentifierFormatAndCheckDigitValidity_Rule_2; Decision_IdentifierFormatAndCheckDigitValidity_Rule_3; Decision_IdentifierFormatAndCheckDigitValidity_Rule_4; Decision_IdentifierLocationRequirement_Rule_1; Decision_IdentifierLocationRequirement_Rule_3; Decision_IdentifierUniquenessCheck_Rule_1; Decision_IdentifierUniquenessCheck_Rule_3; Decision_NumericAbsoluteRangeValidity_Rule_3; Decision_NumericInterpretationClassification_Rule_1; Decision_NumericInterpretationClassification_Rule_2; Decision_NumericInterpretationClassification_Rule_5; Decision_NumericPrecisionValidity_Rule_1; Decision_ObsValueRequiredByDatatype_Rule_1; Decision_ObsValueRequiredByDatatype_Rule_3; Decision_ObsValueRequiredByDatatype_Rule_6; Decision_OrderScheduledDateUrgencyConsistency_Rule_1; Decision_OrderScheduledDateUrgencyConsistency_Rule_2; Decision_OrderScheduledDateUrgencyConsistency_Rule_3; Decision_OrderScheduledDateUrgencyConsistency_Rule_4; Decision_PatientStateDateValidity_Rule_2; Decision_PatientStateDateValidity_Rule_3; Decision_PatientStateDateValidity_Rule_4; Decision_PreferredIdentifierRequirement_Rule_1; Decision_PreferredIdentifierRequirement_Rule_2; Decision_PreferredIdentifierRequirement_Rule_3
49,False,True,,11,43,Decision_BirthdateValidity_Rule_1; Decision_ConceptFullySpecifiedNamePresenceRequirement_Rule_1; Decision_ConceptFullySpecifiedNamePresenceRequirement_Rule_2; Decision_ConceptFullySpecifiedNameUniquenessPerLocale_Rule_1; Decision_ConceptFullySpecifiedNameUniquenessPerLocale_Rule_2; Decision_ConceptLocalePreferredNameUniqueness_Rule_1; Decision_ConceptLocalePreferredNameUniqueness_Rule_2; Decision_ConceptPreferredNameValidity_Rule_1; Decision_ConceptPreferredNameValidity_Rule_3; Decision_ConceptPreferredNameValidity_Rule_4; Decision_ConceptPreferredNameValidity_Rule_5; Decision_ConceptShortNameUniquenessPerLocale_Rule_1; Decision_ConceptShortNameUniquenessPerLocale_Rule_2; Decision_DeathRecordConsistency_Rule_1; Decision_DeathRecordConsistency_Rule_2; Decision_DeathRecordConsistency_Rule_4; Decision_IdentifierFormatAndCheckDigitValidity_Rule_3; Decision_IdentifierFormatAndCheckDigitValidity_Rule_4; Decision_IdentifierLocationRequirement_Rule_1; Decision_IdentifierLocationRequirement_Rule_2; Decision_IdentifierLocationRequirement_Rule_3; Decision_IdentifierUniquenessCheck_Rule_1; Decision_IdentifierUniquenessCheck_Rule_3; Decision_NumericAbsoluteRangeValidity_Rule_1; Decision_NumericAbsoluteRangeValidity_Rule_2; Decision_NumericAbsoluteRangeValidity_Rule_3; Decision_NumericInterpretationClassification_Rule_1; Decision_NumericInterpretationClassification_Rule_2; Decision_NumericInterpretationClassification_Rule_4; Decision_NumericInterpretationClassification_Rule_5; Decision_NumericPrecisionValidity_Rule_1; Decision_ObsValueRequiredByDatatype_Rule_1; Decision_ObsValueRequiredByDatatype_Rule_3; Decision_ObsValueRequiredByDatatype_Rule_5; Decision_ObsValueRequiredByDatatype_Rule_6; Decision_OrderScheduledDateUrgencyConsistency_Rule_1; Decision_OrderScheduledDateUrgencyConsistency_Rule_2; Decision_PatientStateDateValidity_Rule_2; Decision_PatientStateDateValidity_Rule_3; Decision_PatientStateDateValidity_Rule_4; Decision_PreferredIdentifierRequirement_Rule_1; Decision_PreferredIdentifierRequirement_Rule_2; Decision_PreferredIdentifierRequirement_Rule_3
50,False,True,,12,39,Decision_BirthdateValidity_Rule_1; Decision_ConceptFullySpecifiedNamePresenceRequirement_Rule_1; Decision_ConceptFullySpecifiedNamePresenceRequirement_Rule_2; Decision_ConceptFullySpecifiedNameUniquenessPerLocale_Rule_1; Decision_ConceptFullySpecifiedNameUniquenessPerLocale_Rule_2; Decision_ConceptLocalePreferredNameUniqueness_Rule_1; Decision_ConceptLocalePreferredNameUniqueness_Rule_2; Decision_ConceptPreferredNameValidity_Rule_1; Decision_ConceptPreferredNameValidity_Rule_2; Decision_ConceptPreferredNameValidity_Rule_4; Decision_ConceptPreferredNameValidity_Rule_5; Decision_ConceptShortNameUniquenessPerLocale_Rule_1; Decision_ConceptShortNameUniquenessPerLocale_Rule_2; Decision_DeathRecordConsistency_Rule_1; Decision_DeathRecordConsistency_Rule_2; Decision_DeathRecordConsistency_Rule_3; Decision_DeathRecordConsistency_Rule_5; Decision_IdentifierFormatAndCheckDigitValidity_Rule_2; Decision_IdentifierFormatAndCheckDigitValidity_Rule_4; Decision_IdentifierLocationRequirement_Rule_1; Decision_IdentifierUniquenessCheck_Rule_1; Decision_IdentifierUniquenessCheck_Rule_3; Decision_NumericAbsoluteRangeValidity_Rule_2; Decision_NumericAbsoluteRangeValidity_Rule_3; Decision_NumericInterpretationClassification_Rule_1; Decision_NumericInterpretationClassification_Rule_3; Decision_NumericInterpretationClassification_Rule_5; Decision_NumericPrecisionValidity_Rule_1; Decision_ObsValueRequiredByDatatype_Rule_3; Decision_ObsValueRequiredByDatatype_Rule_5; Decision_ObsValueRequiredByDatatype_Rule_6; Decision_OrderScheduledDateUrgencyConsistency_Rule_1; Decision_OrderScheduledDateUrgencyConsistency_Rule_2; Decision_PatientStateDateValidity_Rule_1; Decision_PatientStateDateValidity_Rule_3; Decision_PatientStateDateValidity_Rule_4; Decision_PreferredIdentifierRequirement_Rule_1; Decision_PreferredIdentifierRequirement_Rule_2; Decision_PreferredIdentifierRequirement_Rule_3
51,False,True,,13,39,Decision_BirthdateValidity_Rule_1; Decision_ConceptFullySpecifiedNamePresenceRequirement_Rule_1; Decision_ConceptFullySpecifiedNamePresenceRequirement_Rule_2; Decision_ConceptFullySpecifiedNameUniquenessPerLocale_Rule_1; Decision_ConceptFullySpecifiedNameUniquenessPerLocale_Rule_2; Decision_ConceptLocalePreferredNameUniqueness_Rule_1; Decision_ConceptLocalePreferredNameUniqueness_Rule_2; Decision_ConceptPreferredNameValidity_Rule_1; Decision_ConceptPreferredNameValidity_Rule_3; Decision_ConceptPreferredNameValidity_Rule_5; Decision_ConceptShortNameUniquenessPerLocale_Rule_1; Decision_ConceptShortNameUniquenessPerLocale_Rule_2; Decision_DeathRecordConsistency_Rule_1; Decision_DeathRecordConsistency_Rule_2; Decision_DeathRecordConsistency_Rule_3; Decision_DeathRecordConsistency_Rule_5; Decision_IdentifierFormatAndCheckDigitValidity_Rule_2; Decision_IdentifierFormatAndCheckDigitValidity_Rule_3; Decision_IdentifierFormatAndCheckDigitValidity_Rule_4; Decision_IdentifierLocationRequirement_Rule_3; Decision_IdentifierUniquenessCheck_Rule_1; Decision_IdentifierUniquenessCheck_Rule_3; Decision_NumericAbsoluteRangeValidity_Rule_1; Decision_NumericAbsoluteRangeValidity_Rule_3; Decision_NumericInterpretationClassification_Rule_1; Decision_NumericInterpretationClassification_Rule_5; Decision_NumericPrecisionValidity_Rule_1; Decision_ObsValueRequiredByDatatype_Rule_1; Decision_ObsValueRequiredByDatatype_Rule_2; Decision_ObsValueRequiredByDatatype_Rule_4; Decision_OrderScheduledDateUrgencyConsistency_Rule_1; Decision_OrderScheduledDateUrgencyConsistency_Rule_2; Decision_PatientStateDateValidity_Rule_1; Decision_PatientStateDateValidity_Rule_2; Decision_PatientStateDateValidity_Rule_3; Decision_PatientStateDateValidity_Rule_4; Decision_PreferredIdentifierRequirement_Rule_1; Decision_PreferredIdentifierRequirement_Rule_2; Decision_PreferredIdentifierRequirement_Rule_3
52,False,True,,14,39,Decision_BirthdateValidity_Rule_1; Decision_ConceptFullySpecifiedNamePresenceRequirement_Rule_1; Decision_ConceptFullySpecifiedNamePresenceRequirement_Rule_2; Decision_ConceptFullySpecifiedNameUniquenessPerLocale_Rule_1; Decision_ConceptFullySpecifiedNameUniquenessPerLocale_Rule_2; Decision_ConceptLocalePreferredNameUniqueness_Rule_1; Decision_ConceptLocalePreferredNameUniqueness_Rule_2; Decision_ConceptPreferredNameValidity_Rule_2; Decision_ConceptPreferredNameValidity_Rule_4; Decision_ConceptPreferredNameValidity_Rule_5; Decision_ConceptShortNameUniquenessPerLocale_Rule_1; Decision_ConceptShortNameUniquenessPerLocale_Rule_2; Decision_DeathRecordConsistency_Rule_1; Decision_DeathRecordConsistency_Rule_2; Decision_DeathRecordConsistency_Rule_3; Decision_DeathRecordConsistency_Rule_4; Decision_IdentifierFormatAndCheckDigitValidity_Rule_2; Decision_IdentifierFormatAndCheckDigitValidity_Rule_4; Decision_IdentifierLocationRequirement_Rule_1; Decision_IdentifierLocationRequirement_Rule_2; Decision_IdentifierUniquenessCheck_Rule_1; Decision_IdentifierUniquenessCheck_Rule_3; Decision_NumericAbsoluteRangeValidity_Rule_2; Decision_NumericAbsoluteRangeValidity_Rule_3; Decision_NumericInterpretationClassification_Rule_1; Decision_NumericInterpretationClassification_Rule_5; Decision_NumericPrecisionValidity_Rule_1; Decision_ObsValueRequiredByDatatype_Rule_1; Decision_ObsValueRequiredByDatatype_Rule_3; Decision_ObsValueRequiredByDatatype_Rule_6; Decision_OrderScheduledDateUrgencyConsistency_Rule_1; Decision_OrderScheduledDateUrgencyConsistency_Rule_2; Decision_PatientStateDateValidity_Rule_1; Decision_PatientStateDateValidity_Rule_2; Decision_PatientStateDateValidity_Rule_3; Decision_PatientStateDateValidity_Rule_4; Decision_PreferredIdentifierRequirement_Rule_1; Decision_PreferredIdentifierRequirement_Rule_2; Decision_PreferredIdentifierRequirement_Rule_3
53,False,True,,15,40,Decision_BirthdateValidity_Rule_1; Decision_ConceptFullySpecifiedNamePresenceRequirement_Rule_1; Decision_ConceptFullySpecifiedNamePresenceRequirement_Rule_2; Decision_ConceptFullySpecifiedNameUniquenessPerLocale_Rule_1; Decision_ConceptFullySpecifiedNameUniquenessPerLocale_Rule_2; Decision_ConceptLocalePreferredNameUniqueness_Rule_1; Decision_ConceptLocalePreferredNameUniqueness_Rule_2; Decision_ConceptPreferredNameValidity_Rule_1; Decision_ConceptPreferredNameValidity_Rule_3; Decision_ConceptPreferredNameValidity_Rule_5; Decision_ConceptShortNameUniquenessPerLocale_Rule_1; Decision_ConceptShortNameUniquenessPerLocale_Rule_2; Decision_DeathRecordConsistency_Rule_1; Decision_DeathRecordConsistency_Rule_2; Decision_DeathRecordConsistency_Rule_4; Decision_IdentifierFormatAndCheckDigitValidity_Rule_2; Decision_IdentifierFormatAndCheckDigitValidity_Rule_3; Decision_IdentifierFormatAndCheckDigitValidity_Rule_4; Decision_IdentifierLocationRequirement_Rule_1; Decision_IdentifierLocationRequirement_Rule_3; Decision_IdentifierUniquenessCheck_Rule_1; Decision_IdentifierUniquenessCheck_Rule_3; Decision_NumericAbsoluteRangeValidity_Rule_1; Decision_NumericAbsoluteRangeValidity_Rule_3; Decision_NumericInterpretationClassification_Rule_1; Decision_NumericInterpretationClassification_Rule_3; Decision_NumericInterpretationClassification_Rule_5; Decision_NumericPrecisionValidity_Rule_1; Decision_ObsValueRequiredByDatatype_Rule_1; Decision_ObsValueRequiredByDatatype_Rule_2; Decision_ObsValueRequiredByDatatype_Rule_4; Decision_ObsValueRequiredByDatatype_Rule_6; Decision_OrderScheduledDateUrgencyConsistency_Rule_1; Decision_OrderScheduledDateUrgencyConsistency_Rule_2; Decision_PatientStateDateValidity_Rule_2; Decision_PatientStateDateValidity_Rule_3; Decision_PatientStateDateValidity_Rule_4; Decision_PreferredIdentifierRequirement_Rule_1; Decision_PreferredIdentifierRequirement_Rule_2; Decision_PreferredIdentifierRequirement_Rule_3
54,False,True,,16,39,Decision_BirthdateValidity_Rule_1; Decision_ConceptFullySpecifiedNamePresenceRequirement_Rule_1; Decision_ConceptFullySpecifiedNamePresenceRequirement_Rule_2; Decision_ConceptFullySpecifiedNameUniquenessPerLocale_Rule_1; Decision_ConceptFullySpecifiedNameUniquenessPerLocale_Rule_2; Decision_ConceptLocalePreferredNameUniqueness_Rule_1; Decision_ConceptLocalePreferredNameUniqueness_Rule_2; Decision_ConceptPreferredNameValidity_Rule_2; Decision_ConceptPreferredNameValidity_Rule_4; Decision_ConceptPreferredNameValidity_Rule_5; Decision_ConceptShortNameUniquenessPerLocale_Rule_1; Decision_ConceptShortNameUniquenessPerLocale_Rule_2; Decision_DeathRecordConsistency_Rule_1; Decision_DeathRecordConsistency_Rule_2; Decision_DeathRecordConsistency_Rule_4; Decision_IdentifierFormatAndCheckDigitValidity_Rule_2; Decision_IdentifierFormatAndCheckDigitValidity_Rule_4; Decision_IdentifierLocationRequirement_Rule_2; Decision_IdentifierLocationRequirement_Rule_3; Decision_IdentifierUniquenessCheck_Rule_1; Decision_IdentifierUniquenessCheck_Rule_3; Decision_NumericAbsoluteRangeValidity_Rule_1; Decision_NumericAbsoluteRangeValidity_Rule_3; Decision_NumericInterpretationClassification_Rule_1; Decision_NumericInterpretationClassification_Rule_3; Decision_NumericInterpretationClassification_Rule_5; Decision_NumericPrecisionValidity_Rule_1; Decision_ObsValueRequiredByDatatype_Rule_1; Decision_ObsValueRequiredByDatatype_Rule_2; Decision_ObsValueRequiredByDatatype_Rule_3; Decision_ObsValueRequiredByDatatype_Rule_5; Decision_OrderScheduledDateUrgencyConsistency_Rule_1; Decision_OrderScheduledDateUrgencyConsistency_Rule_2; Decision_PatientStateDateValidity_Rule_2; Decision_PatientStateDateValidity_Rule_3; Decision_PatientStateDateValidity_Rule_4; Decision_PreferredIdentifierRequirement_Rule_1; Decision_PreferredIdentifierRequirement_Rule_2; Decision_PreferredIdentifierRequirement_Rule_3
55,False,True,,17,45,Decision_BirthdateValidity_Rule_1; Decision_ConceptFullySpecifiedNamePresenceRequirement_Rule_1; Decision_ConceptFullySpecifiedNamePresenceRequirement_Rule_2; Decision_ConceptFullySpecifiedNameUniquenessPerLocale_Rule_1; Decision_ConceptFullySpecifiedNameUniquenessPerLocale_Rule_2; Decision_ConceptLocalePreferredNameUniqueness_Rule_1; Decision_ConceptLocalePreferredNameUniqueness_Rule_2; Decision_ConceptPreferredNameValidity_Rule_1; Decision_ConceptPreferredNameValidity_Rule_2; Decision_ConceptPreferredNameValidity_Rule_4; Decision_ConceptPreferredNameValidity_Rule_5; Decision_ConceptShortNameUniquenessPerLocale_Rule_1; Decision_ConceptShortNameUniquenessPerLocale_Rule_2; Decision_DeathRecordConsistency_Rule_1; Decision_DeathRecordConsistency_Rule_2; Decision_DeathRecordConsistency_Rule_3; Decision_DeathRecordConsistency_Rule_5; Decision_IdentifierFormatAndCheckDigitValidity_Rule_2; Decision_IdentifierFormatAndCheckDigitValidity_Rule_3; Decision_IdentifierFormatAndCheckDigitValidity_Rule_4; Decision_IdentifierLocationRequirement_Rule_1; Decision_IdentifierLocationRequirement_Rule_2; Decision_IdentifierUniquenessCheck_Rule_1; Decision_IdentifierUniquenessCheck_Rule_3; Decision_NumericAbsoluteRangeValidity_Rule_2; Decision_NumericAbsoluteRangeValidity_Rule_3; Decision_NumericInterpretationClassification_Rule_1; Decision_NumericInterpretationClassification_Rule_3; Decision_NumericInterpretationClassification_Rule_5; Decision_NumericPrecisionValidity_Rule_1; Decision_ObsValueRequiredByDatatype_Rule_1; Decision_ObsValueRequiredByDatatype_Rule_2; Decision_ObsValueRequiredByDatatype_Rule_4; Decision_ObsValueRequiredByDatatype_Rule_5; Decision_OrderScheduledDateUrgencyConsistency_Rule_1; Decision_OrderScheduledDateUrgencyConsistency_Rule_2; Decision_OrderScheduledDateUrgencyConsistency_Rule_3; Decision_OrderScheduledDateUrgencyConsistency_Rule_4; Decision_PatientStateDateValidity_Rule_1; Decision_PatientStateDateValidity_Rule_2; Decision_PatientStateDateValidity_Rule_3; Decision_PatientStateDateValidity_Rule_4; Decision_PreferredIdentifierRequirement_Rule_1; Decision_PreferredIdentifierRequirement_Rule_2; Decision_PreferredIdentifierRequirement_Rule_3
56,False,True,,18,42,Decision_BirthdateValidity_Rule_1; Decision_ConceptFullySpecifiedNamePresenceRequirement_Rule_1; Decision_ConceptFullySpecifiedNamePresenceRequirement_Rule_2; Decision_ConceptFullySpecifiedNameUniquenessPerLocale_Rule_1; Decision_ConceptFullySpecifiedNameUniquenessPerLocale_Rule_2; Decision_ConceptLocalePreferredNameUniqueness_Rule_1; Decision_ConceptLocalePreferredNameUniqueness_Rule_2; Decision_ConceptPreferredNameValidity_Rule_1; Decision_ConceptPreferredNameValidity_Rule_2; Decision_ConceptPreferredNameValidity_Rule_4; Decision_ConceptPreferredNameValidity_Rule_5; Decision_ConceptShortNameUniquenessPerLocale_Rule_1; Decision_ConceptShortNameUniquenessPerLocale_Rule_2; Decision_DeathRecordConsistency_Rule_1; Decision_DeathRecordConsistency_Rule_2; Decision_DeathRecordConsistency_Rule_3; Decision_IdentifierFormatAndCheckDigitValidity_Rule_2; Decision_IdentifierFormatAndCheckDigitValidity_Rule_3; Decision_IdentifierFormatAndCheckDigitValidity_Rule_4; Decision_IdentifierLocationRequirement_Rule_1; Decision_IdentifierLocationRequirement_Rule_2; Decision_IdentifierUniquenessCheck_Rule_1; Decision_IdentifierUniquenessCheck_Rule_3; Decision_NumericAbsoluteRangeValidity_Rule_1; Decision_NumericAbsoluteRangeValidity_Rule_3; Decision_NumericInterpretationClassification_Rule_1; Decision_NumericInterpretationClassification_Rule_2; Decision_NumericInterpretationClassification_Rule_3; Decision_NumericInterpretationClassification_Rule_5; Decision_NumericPrecisionValidity_Rule_1; Decision_ObsValueRequiredByDatatype_Rule_1; Decision_ObsValueRequiredByDatatype_Rule_2; Decision_ObsValueRequiredByDatatype_Rule_4; Decision_ObsValueRequiredByDatatype_Rule_5; Decision_OrderScheduledDateUrgencyConsistency_Rule_2; Decision_OrderScheduledDateUrgencyConsistency_Rule_3; Decision_OrderScheduledDateUrgencyConsistency_Rule_4; Decision_PatientStateDateValidity_Rule_2; Decision_PatientStateDateValidity_Rule_3; Decision_PreferredIdentifierRequirement_Rule_1; Decision_PreferredIdentifierRequirement_Rule_2; Decision_PreferredIdentifierRequirement_Rule_3
57,False,True,,19,39,Decision_BirthdateValidity_Rule_1; Decision_ConceptFullySpecifiedNamePresenceRequirement_Rule_1; Decision_ConceptFullySpecifiedNamePresenceRequirement_Rule_2; Decision_ConceptFullySpecifiedNameUniquenessPerLocale_Rule_1; Decision_ConceptFullySpecifiedNameUniquenessPerLocale_Rule_2; Decision_ConceptLocalePreferredNameUniqueness_Rule_1; Decision_ConceptLocalePreferredNameUniqueness_Rule_2; Decision_ConceptPreferredNameValidity_Rule_1; Decision_ConceptPreferredNameValidity_Rule_2; Decision_ConceptPreferredNameValidity_Rule_5; Decision_ConceptShortNameUniquenessPerLocale_Rule_1; Decision_ConceptShortNameUniquenessPerLocale_Rule_2; Decision_DeathRecordConsistency_Rule_1; Decision_DeathRecordConsistency_Rule_2; Decision_DeathRecordConsistency_Rule_3; Decision_DeathRecordConsistency_Rule_5; Decision_IdentifierFormatAndCheckDigitValidity_Rule_2; Decision_IdentifierFormatAndCheckDigitValidity_Rule_4; Decision_IdentifierLocationRequirement_Rule_1; Decision_IdentifierUniquenessCheck_Rule_1; Decision_IdentifierUniquenessCheck_Rule_3; Decision_NumericAbsoluteRangeValidity_Rule_1; Decision_NumericAbsoluteRangeValidity_Rule_3; Decision_NumericInterpretationClassification_Rule_1; Decision_NumericInterpretationClassification_Rule_2; Decision_NumericInterpretationClassification_Rule_5; Decision_NumericPrecisionValidity_Rule_1; Decision_ObsValueRequiredByDatatype_Rule_1; Decision_ObsValueRequiredByDatatype_Rule_3; Decision_ObsValueRequiredByDatatype_Rule_6; Decision_OrderScheduledDateUrgencyConsistency_Rule_1; Decision_OrderScheduledDateUrgencyConsistency_Rule_2; Decision_OrderScheduledDateUrgencyConsistency_Rule_3; Decision_PatientStateDateValidity_Rule_2; Decision_PatientStateDateValidity_Rule_3; Decision_PatientStateDateValidity_Rule_4; Decision_PreferredIdentifierRequirement_Rule_1; Decision_PreferredIdentifierRequirement_Rule_2; Decision_PreferredIdentifierRequirement_Rule_3
58,False,True,,20,39,Decision_BirthdateValidity_Rule_1; Decision_ConceptFullySpecifiedNamePresenceRequirement_Rule_1; Decision_ConceptFullySpecifiedNamePresenceRequirement_Rule_2; Decision_ConceptFullySpecifiedNameUniquenessPerLocale_Rule_1; Decision_ConceptFullySpecifiedNameUniquenessPerLocale_Rule_2; Decision_ConceptLocalePreferredNameUniqueness_Rule_1; Decision_ConceptLocalePreferredNameUniqueness_Rule_2; Decision_ConceptPreferredNameValidity_Rule_1; Decision_ConceptPreferredNameValidity_Rule_2; Decision_ConceptPreferredNameValidity_Rule_5; Decision_ConceptShortNameUniquenessPerLocale_Rule_1; Decision_ConceptShortNameUniquenessPerLocale_Rule_2; Decision_DeathRecordConsistency_Rule_1; Decision_DeathRecordConsistency_Rule_2; Decision_DeathRecordConsistency_Rule_3; Decision_DeathRecordConsistency_Rule_5; Decision_IdentifierFormatAndCheckDigitValidity_Rule_2; Decision_IdentifierFormatAndCheckDigitValidity_Rule_4; Decision_IdentifierLocationRequirement_Rule_1; Decision_IdentifierUniquenessCheck_Rule_1; Decision_IdentifierUniquenessCheck_Rule_3; Decision_NumericAbsoluteRangeValidity_Rule_2; Decision_NumericAbsoluteRangeValidity_Rule_3; Decision_NumericInterpretationClassification_Rule_1; Decision_NumericInterpretationClassification_Rule_3; Decision_NumericInterpretationClassification_Rule_5; Decision_NumericPrecisionValidity_Rule_1; Decision_ObsValueRequiredByDatatype_Rule_1; Decision_ObsValueRequiredByDatatype_Rule_3; Decision_ObsValueRequiredByDatatype_Rule_5; Decision_ObsValueRequiredByDatatype_Rule_6; Decision_OrderScheduledDateUrgencyConsistency_Rule_1; Decision_OrderScheduledDateUrgencyConsistency_Rule_2; Decision_PatientStateDateValidity_Rule_1; Decision_PatientStateDateValidity_Rule_3; Decision_PatientStateDateValidity_Rule_4; Decision_PreferredIdentifierRequirement_Rule_1; Decision_PreferredIdentifierRequirement_Rule_2; Decision_PreferredIdentifierRequirement_Rule_3
59,False,True,,21,40,Decision_BirthdateValidity_Rule_1; Decision_ConceptFullySpecifiedNamePresenceRequirement_Rule_1; Decision_ConceptFullySpecifiedNamePresenceRequirement_Rule_2; Decision_ConceptFullySpecifiedNameUniquenessPerLocale_Rule_1; Decision_ConceptFullySpecifiedNameUniquenessPerLocale_Rule_2; Decision_ConceptLocalePreferredNameUniqueness_Rule_2; Decision_ConceptPreferredNameValidity_Rule_1; Decision_ConceptPreferredNameValidity_Rule_2; Decision_ConceptPreferredNameValidity_Rule_3; Decision_ConceptPreferredNameValidity_Rule_4; Decision_ConceptShortNameUniquenessPerLocale_Rule_2; Decision_DeathRecordConsistency_Rule_1; Decision_DeathRecordConsistency_Rule_2; Decision_DeathRecordConsistency_Rule_3; Decision_IdentifierFormatAndCheckDigitValidity_Rule_2; Decision_IdentifierFormatAndCheckDigitValidity_Rule_3; Decision_IdentifierFormatAndCheckDigitValidity_Rule_4; Decision_IdentifierLocationRequirement_Rule_1; Decision_IdentifierUniquenessCheck_Rule_1; Decision_IdentifierUniquenessCheck_Rule_3; Decision_NumericAbsoluteRangeValidity_Rule_1; Decision_NumericAbsoluteRangeValidity_Rule_2; Decision_NumericAbsoluteRangeValidity_Rule_3; Decision_NumericInterpretationClassification_Rule_1; Decision_NumericInterpretationClassification_Rule_2; Decision_NumericInterpretationClassification_Rule_3; Decision_NumericInterpretationClassification_Rule_5; Decision_NumericPrecisionValidity_Rule_1; Decision_ObsValueRequiredByDatatype_Rule_1; Decision_ObsValueRequiredByDatatype_Rule_3; Decision_ObsValueRequiredByDatatype_Rule_5; Decision_ObsValueRequiredByDatatype_Rule_6; Decision_OrderScheduledDateUrgencyConsistency_Rule_1; Decision_OrderScheduledDateUrgencyConsistency_Rule_2; Decision_PatientStateDateValidity_Rule_1; Decision_PatientStateDateValidity_Rule_3; Decision_PatientStateDateValidity_Rule_4; Decision_PreferredIdentifierRequirement_Rule_1; Decision_PreferredIdentifierRequirement_Rule_2; Decision_PreferredIdentifierRequirement_Rule_3
60,False,True,,22,43,Decision_BirthdateValidity_Rule_1; Decision_ConceptFullySpecifiedNamePresenceRequirement_Rule_1; Decision_ConceptFullySpecifiedNamePresenceRequirement_Rule_2; Decision_ConceptFullySpecifiedNameUniquenessPerLocale_Rule_1; Decision_ConceptFullySpecifiedNameUniquenessPerLocale_Rule_2; Decision_ConceptLocalePreferredNameUniqueness_Rule_1; Decision_ConceptLocalePreferredNameUniqueness_Rule_2; Decision_ConceptPreferredNameValidity_Rule_2; Decision_ConceptPreferredNameValidity_Rule_3; Decision_ConceptPreferredNameValidity_Rule_4; Decision_ConceptPreferredNameValidity_Rule_5; Decision_ConceptShortNameUniquenessPerLocale_Rule_1; Decision_ConceptShortNameUniquenessPerLocale_Rule_2; Decision_DeathRecordConsistency_Rule_1; Decision_DeathRecordConsistency_Rule_2; Decision_DeathRecordConsistency_Rule_4; Decision_IdentifierFormatAndCheckDigitValidity_Rule_3; Decision_IdentifierFormatAndCheckDigitValidity_Rule_4; Decision_IdentifierLocationRequirement_Rule_1; Decision_IdentifierLocationRequirement_Rule_2; Decision_IdentifierLocationRequirement_Rule_3; Decision_IdentifierUniquenessCheck_Rule_1; Decision_IdentifierUniquenessCheck_Rule_3; Decision_NumericAbsoluteRangeValidity_Rule_1; Decision_NumericAbsoluteRangeValidity_Rule_2; Decision_NumericAbsoluteRangeValidity_Rule_3; Decision_NumericInterpretationClassification_Rule_1; Decision_NumericInterpretationClassification_Rule_2; Decision_NumericInterpretationClassification_Rule_5; Decision_NumericPrecisionValidity_Rule_1; Decision_ObsValueRequiredByDatatype_Rule_1; Decision_ObsValueRequiredByDatatype_Rule_3; Decision_ObsValueRequiredByDatatype_Rule_5; Decision_ObsValueRequiredByDatatype_Rule_6; Decision_OrderScheduledDateUrgencyConsistency_Rule_1; Decision_OrderScheduledDateUrgencyConsistency_Rule_2; Decision_OrderScheduledDateUrgencyConsistency_Rule_3; Decision_OrderScheduledDateUrgencyConsistency_Rule_4; Decision_PatientStateDateValidity_Rule_2; Decision_PatientStateDateValidity_Rule_3; Decision_PreferredIdentifierRequirement_Rule_1; Decision_PreferredIdentifierRequirement_Rule_2; Decision_PreferredIdentifierRequirement_Rule_3
61,False,True,,23,38,Decision_BirthdateValidity_Rule_1; Decision_ConceptFullySpecifiedNamePresenceRequirement_Rule_1; Decision_ConceptFullySpecifiedNamePresenceRequirement_Rule_2; Decision_ConceptFullySpecifiedNameUniquenessPerLocale_Rule_1; Decision_ConceptFullySpecifiedNameUniquenessPerLocale_Rule_2; Decision_ConceptLocalePreferredNameUniqueness_Rule_1; Decision_ConceptLocalePreferredNameUniqueness_Rule_2; Decision_ConceptPreferredNameValidity_Rule_2; Decision_ConceptPreferredNameValidity_Rule_4; Decision_ConceptPreferredNameValidity_Rule_5; Decision_ConceptShortNameUniquenessPerLocale_Rule_1; Decision_ConceptShortNameUniquenessPerLocale_Rule_2; Decision_DeathRecordConsistency_Rule_2; Decision_DeathRecordConsistency_Rule_3; Decision_IdentifierFormatAndCheckDigitValidity_Rule_2; Decision_IdentifierFormatAndCheckDigitValidity_Rule_4; Decision_IdentifierLocationRequirement_Rule_1; Decision_IdentifierUniquenessCheck_Rule_1; Decision_IdentifierUniquenessCheck_Rule_3; Decision_NumericAbsoluteRangeValidity_Rule_1; Decision_NumericAbsoluteRangeValidity_Rule_3; Decision_NumericInterpretationClassification_Rule_2; Decision_NumericInterpretationClassification_Rule_3; Decision_NumericInterpretationClassification_Rule_5; Decision_NumericPrecisionValidity_Rule_1; Decision_ObsValueRequiredByDatatype_Rule_1; Decision_ObsValueRequiredByDatatype_Rule_3; Decision_ObsValueRequiredByDatatype_Rule_5; Decision_ObsValueRequiredByDatatype_Rule_6; Decision_OrderScheduledDateUrgencyConsistency_Rule_1; Decision_OrderScheduledDateUrgencyConsistency_Rule_2; Decision_PatientStateDateValidity_Rule_1; Decision_PatientStateDateValidity_Rule_2; Decision_PatientStateDateValidity_Rule_3; Decision_PatientStateDateValidity_Rule_4; Decision_PreferredIdentifierRequirement_Rule_1; Decision_PreferredIdentifierRequirement_Rule_2; Decision_PreferredIdentifierRequirement_Rule_3
62,False,True,,24,38,Decision_BirthdateValidity_Rule_1; Decision_ConceptFullySpecifiedNamePresenceRequirement_Rule_1; Decision_ConceptFullySpecifiedNamePresenceRequirement_Rule_2; Decision_ConceptFullySpecifiedNameUniquenessPerLocale_Rule_1; Decision_ConceptFullySpecifiedNameUniquenessPerLocale_Rule_2; Decision_ConceptLocalePreferredNameUniqueness_Rule_2; Decision_ConceptPreferredNameValidity_Rule_1; Decision_ConceptPreferredNameValidity_Rule_2; Decision_ConceptPreferredNameValidity_Rule_3; Decision_ConceptPreferredNameValidity_Rule_4; Decision_ConceptShortNameUniquenessPerLocale_Rule_2; Decision_DeathRecordConsistency_Rule_1; Decision_DeathRecordConsistency_Rule_2; Decision_DeathRecordConsistency_Rule_3; Decision_DeathRecordConsistency_Rule_5; Decision_IdentifierFormatAndCheckDigitValidity_Rule_2; Decision_IdentifierFormatAndCheckDigitValidity_Rule_4; Decision_IdentifierLocationRequirement_Rule_1; Decision_IdentifierUniquenessCheck_Rule_1; Decision_IdentifierUniquenessCheck_Rule_3; Decision_NumericAbsoluteRangeValidity_Rule_2; Decision_NumericAbsoluteRangeValidity_Rule_3; Decision_NumericInterpretationClassification_Rule_1; Decision_NumericInterpretationClassification_Rule_3; Decision_NumericInterpretationClassification_Rule_5; Decision_NumericPrecisionValidity_Rule_1; Decision_ObsValueRequiredByDatatype_Rule_1; Decision_ObsValueRequiredByDatatype_Rule_3; Decision_ObsValueRequiredByDatatype_Rule_5; Decision_ObsValueRequiredByDatatype_Rule_6; Decision_OrderScheduledDateUrgencyConsistency_Rule_1; Decision_OrderScheduledDateUrgencyConsistency_Rule_2; Decision_PatientStateDateValidity_Rule_1; Decision_PatientStateDateValidity_Rule_3; Decision_PatientStateDateValidity_Rule_4; Decision_PreferredIdentifierRequirement_Rule_1; Decision_PreferredIdentifierRequirement_Rule_2; Decision_PreferredIdentifierRequirement_Rule_3
63,False,True,,25,41,Decision_BirthdateValidity_Rule_1; Decision_ConceptFullySpecifiedNamePresenceRequirement_Rule_1; Decision_ConceptFullySpecifiedNamePresenceRequirement_Rule_2; Decision_ConceptFullySpecifiedNameUniquenessPerLocale_Rule_1; Decision_ConceptFullySpecifiedNameUniquenessPerLocale_Rule_2; Decision_ConceptLocalePreferredNameUniqueness_Rule_1; Decision_ConceptLocalePreferredNameUniqueness_Rule_2; Decision_ConceptPreferredNameValidity_Rule_1; Decision_ConceptPreferredNameValidity_Rule_2; Decision_ConceptPreferredNameValidity_Rule_5; Decision_ConceptShortNameUniquenessPerLocale_Rule_1; Decision_ConceptShortNameUniquenessPerLocale_Rule_2; Decision_DeathRecordConsistency_Rule_1; Decision_DeathRecordConsistency_Rule_2; Decision_DeathRecordConsistency_Rule_3; Decision_IdentifierFormatAndCheckDigitValidity_Rule_2; Decision_IdentifierFormatAndCheckDigitValidity_Rule_3; Decision_IdentifierFormatAndCheckDigitValidity_Rule_4; Decision_IdentifierLocationRequirement_Rule_1; Decision_IdentifierUniquenessCheck_Rule_1; Decision_IdentifierUniquenessCheck_Rule_3; Decision_NumericAbsoluteRangeValidity_Rule_1; Decision_NumericAbsoluteRangeValidity_Rule_2; Decision_NumericAbsoluteRangeValidity_Rule_3; Decision_NumericInterpretationClassification_Rule_1; Decision_NumericInterpretationClassification_Rule_2; Decision_NumericInterpretationClassification_Rule_3; Decision_NumericInterpretationClassification_Rule_5; Decision_NumericPrecisionValidity_Rule_1; Decision_ObsValueRequiredByDatatype_Rule_1; Decision_ObsValueRequiredByDatatype_Rule_3; Decision_ObsValueRequiredByDatatype_Rule_5; Decision_ObsValueRequiredByDatatype_Rule_6; Decision_OrderScheduledDateUrgencyConsistency_Rule_1; Decision_OrderScheduledDateUrgencyConsistency_Rule_2; Decision_PatientStateDateValidity_Rule_1; Decision_PatientStateDateValidity_Rule_3; Decision_PatientStateDateValidity_Rule_4; Decision_PreferredIdentifierRequirement_Rule_1; Decision_PreferredIdentifierRequirement_Rule_2; Decision_PreferredIdentifierRequirement_Rule_3
64,False,True,,26,39,Decision_BirthdateValidity_Rule_1; Decision_ConceptFullySpecifiedNamePresenceRequirement_Rule_1; Decision_ConceptFullySpecifiedNamePresenceRequirement_Rule_2; Decision_ConceptFullySpecifiedNameUniquenessPerLocale_Rule_1; Decision_ConceptFullySpecifiedNameUniquenessPerLocale_Rule_2; Decision_ConceptLocalePreferredNameUniqueness_Rule_1; Decision_ConceptLocalePreferredNameUniqueness_Rule_2; Decision_ConceptPreferredNameValidity_Rule_2; Decision_ConceptPreferredNameValidity_Rule_4; Decision_ConceptPreferredNameValidity_Rule_5; Decision_ConceptShortNameUniquenessPerLocale_Rule_1; Decision_ConceptShortNameUniquenessPerLocale_Rule_2; Decision_DeathRecordConsistency_Rule_2; Decision_DeathRecordConsistency_Rule_3; Decision_IdentifierFormatAndCheckDigitValidity_Rule_2; Decision_IdentifierFormatAndCheckDigitValidity_Rule_4; Decision_IdentifierLocationRequirement_Rule_1; Decision_IdentifierUniquenessCheck_Rule_1; Decision_IdentifierUniquenessCheck_Rule_3; Decision_NumericAbsoluteRangeValidity_Rule_1; Decision_NumericAbsoluteRangeValidity_Rule_2; Decision_NumericAbsoluteRangeValidity_Rule_3; Decision_NumericInterpretationClassification_Rule_1; Decision_NumericInterpretationClassification_Rule_2; Decision_NumericInterpretationClassification_Rule_5; Decision_NumericPrecisionValidity_Rule_1; Decision_ObsValueRequiredByDatatype_Rule_1; Decision_ObsValueRequiredByDatatype_Rule_3; Decision_ObsValueRequiredByDatatype_Rule_5; Decision_ObsValueRequiredByDatatype_Rule_6; Decision_OrderScheduledDateUrgencyConsistency_Rule_1; Decision_OrderScheduledDateUrgencyConsistency_Rule_2; Decision_OrderScheduledDateUrgencyConsistency_Rule_3; Decision_OrderScheduledDateUrgencyConsistency_Rule_4; Decision_PatientStateDateValidity_Rule_2; Decision_PatientStateDateValidity_Rule_3; Decision_PreferredIdentifierRequirement_Rule_1; Decision_PreferredIdentifierRequirement_Rule_2; Decision_PreferredIdentifierRequirement_Rule_3
65,False,True,,27,41,Decision_BirthdateValidity_Rule_1; Decision_ConceptFullySpecifiedNamePresenceRequirement_Rule_1; Decision_ConceptFullySpecifiedNamePresenceRequirement_Rule_2; Decision_ConceptFullySpecifiedNameUniquenessPerLocale_Rule_1; Decision_ConceptFullySpecifiedNameUniquenessPerLocale_Rule_2; Decision_ConceptLocalePreferredNameUniqueness_Rule_1; Decision_ConceptLocalePreferredNameUniqueness_Rule_2; Decision_ConceptPreferredNameValidity_Rule_1; Decision_ConceptPreferredNameValidity_Rule_2; Decision_ConceptPreferredNameValidity_Rule_4; Decision_ConceptPreferredNameValidity_Rule_5; Decision_ConceptShortNameUniquenessPerLocale_Rule_1; Decision_ConceptShortNameUniquenessPerLocale_Rule_2; Decision_DeathRecordConsistency_Rule_1; Decision_DeathRecordConsistency_Rule_2; Decision_DeathRecordConsistency_Rule_3; Decision_DeathRecordConsistency_Rule_5; Decision_IdentifierFormatAndCheckDigitValidity_Rule_2; Decision_IdentifierFormatAndCheckDigitValidity_Rule_3; Decision_IdentifierFormatAndCheckDigitValidity_Rule_4; Decision_IdentifierLocationRequirement_Rule_1; Decision_IdentifierLocationRequirement_Rule_3; Decision_IdentifierUniquenessCheck_Rule_1; Decision_IdentifierUniquenessCheck_Rule_3; Decision_NumericAbsoluteRangeValidity_Rule_3; Decision_NumericInterpretationClassification_Rule_1; Decision_NumericInterpretationClassification_Rule_2; Decision_NumericInterpretationClassification_Rule_5; Decision_NumericPrecisionValidity_Rule_1; Decision_ObsValueRequiredByDatatype_Rule_1; Decision_ObsValueRequiredByDatatype_Rule_3; Decision_ObsValueRequiredByDatatype_Rule_6; Decision_OrderScheduledDateUrgencyConsistency_Rule_2; Decision_OrderScheduledDateUrgencyConsistency_Rule_3; Decision_OrderScheduledDateUrgencyConsistency_Rule_4; Decision_PatientStateDateValidity_Rule_2; Decision_PatientStateDateValidity_Rule_3; Decision_PatientStateDateValidity_Rule_4; Decision_PreferredIdentifierRequirement_Rule_1; Decision_PreferredIdentifierRequirement_Rule_2; Decision_PreferredIdentifierRequirement_Rule_3
66,False,True,,28,40,Decision_BirthdateValidity_Rule_1; Decision_ConceptFullySpecifiedNamePresenceRequirement_Rule_1; Decision_ConceptFullySpecifiedNamePresenceRequirement_Rule_2; Decision_ConceptFullySpecifiedNameUniquenessPerLocale_Rule_1; Decision_ConceptFullySpecifiedNameUniquenessPerLocale_Rule_2; Decision_ConceptLocalePreferredNameUniqueness_Rule_1; Decision_ConceptLocalePreferredNameUniqueness_Rule_2; Decision_ConceptPreferredNameValidity_Rule_1; Decision_ConceptPreferredNameValidity_Rule_2; Decision_ConceptPreferredNameValidity_Rule_5; Decision_ConceptShortNameUniquenessPerLocale_Rule_1; Decision_ConceptShortNameUniquenessPerLocale_Rule_2; Decision_DeathRecordConsistency_Rule_1; Decision_DeathRecordConsistency_Rule_2; Decision_DeathRecordConsistency_Rule_3; Decision_DeathRecordConsistency_Rule_5; Decision_IdentifierFormatAndCheckDigitValidity_Rule_2; Decision_IdentifierFormatAndCheckDigitValidity_Rule_3; Decision_IdentifierFormatAndCheckDigitValidity_Rule_4; Decision_IdentifierLocationRequirement_Rule_1; Decision_IdentifierLocationRequirement_Rule_2; Decision_IdentifierUniquenessCheck_Rule_1; Decision_IdentifierUniquenessCheck_Rule_3; Decision_NumericAbsoluteRangeValidity_Rule_1; Decision_NumericAbsoluteRangeValidity_Rule_3; Decision_NumericInterpretationClassification_Rule_1; Decision_NumericInterpretationClassification_Rule_2; Decision_NumericInterpretationClassification_Rule_5; Decision_NumericPrecisionValidity_Rule_1; Decision_ObsValueRequiredByDatatype_Rule_1; Decision_ObsValueRequiredByDatatype_Rule_3; Decision_ObsValueRequiredByDatatype_Rule_6; Decision_OrderScheduledDateUrgencyConsistency_Rule_1; Decision_OrderScheduledDateUrgencyConsistency_Rule_2; Decision_OrderScheduledDateUrgencyConsistency_Rule_3; Decision_PatientStateDateValidity_Rule_2; Decision_PatientStateDateValidity_Rule_3; Decision_PreferredIdentifierRequirement_Rule_1; Decision_PreferredIdentifierRequirement_Rule_2; Decision_PreferredIdentifierRequirement_Rule_3
67,False,True,,29,43,Decision_BirthdateValidity_Rule_1; Decision_ConceptFullySpecifiedNamePresenceRequirement_Rule_1; Decision_ConceptFullySpecifiedNamePresenceRequirement_Rule_2; Decision_ConceptFullySpecifiedNameUniquenessPerLocale_Rule_1; Decision_ConceptFullySpecifiedNameUniquenessPerLocale_Rule_2; Decision_ConceptLocalePreferredNameUniqueness_Rule_1; Decision_ConceptLocalePreferredNameUniqueness_Rule_2; Decision_ConceptPreferredNameValidity_Rule_2; Decision_ConceptPreferredNameValidity_Rule_3; Decision_ConceptPreferredNameValidity_Rule_4; Decision_ConceptPreferredNameValidity_Rule_5; Decision_ConceptShortNameUniquenessPerLocale_Rule_1; Decision_ConceptShortNameUniquenessPerLocale_Rule_2; Decision_DeathRecordConsistency_Rule_1; Decision_DeathRecordConsistency_Rule_2; Decision_DeathRecordConsistency_Rule_4; Decision_IdentifierFormatAndCheckDigitValidity_Rule_3; Decision_IdentifierFormatAndCheckDigitValidity_Rule_4; Decision_IdentifierLocationRequirement_Rule_1; Decision_IdentifierLocationRequirement_Rule_2; Decision_IdentifierLocationRequirement_Rule_3; Decision_IdentifierUniquenessCheck_Rule_1; Decision_IdentifierUniquenessCheck_Rule_3; Decision_NumericAbsoluteRangeValidity_Rule_1; Decision_NumericAbsoluteRangeValidity_Rule_3; Decision_NumericInterpretationClassification_Rule_1; Decision_NumericInterpretationClassification_Rule_2; Decision_NumericInterpretationClassification_Rule_3; Decision_NumericInterpretationClassification_Rule_5; Decision_NumericPrecisionValidity_Rule_1; Decision_ObsValueRequiredByDatatype_Rule_1; Decision_ObsValueRequiredByDatatype_Rule_3; Decision_ObsValueRequiredByDatatype_Rule_5; Decision_ObsValueRequiredByDatatype_Rule_6; Decision_OrderScheduledDateUrgencyConsistency_Rule_1; Decision_OrderScheduledDateUrgencyConsistency_Rule_2; Decision_PatientStateDateValidity_Rule_1; Decision_PatientStateDateValidity_Rule_2; Decision_PatientStateDateValidity_Rule_3; Decision_PatientStateDateValidity_Rule_4; Decision_PreferredIdentifierRequirement_Rule_1; Decision_PreferredIdentifierRequirement_Rule_2; Decision_PreferredIdentifierRequirement_Rule_3
