pool_index,in_archive,in_final,archived_for_rules,final_positions,num_rules_verified,rules_verified
0,True,False,Decision_AcademicWarningStatus_Rule_1,,14,Decision_AcademicWarningStatus_Rule_1; Decision_AcademicWarningStatus_Rule_4; Decision_AcademicWarningStatus_Rule_5; Decision_CourseLoadLimit_Rule_2; Decision_CourseLoadLimit_Rule_3; Decision_CourseRegistrationEligibility_Rule_2; Decision_CourseReplacementEligibility_Rule_2; Decision_CreditTransferExemption_Rule_2; Decision_GradePointsAndInterpretation_Rule_1; Decision_GradePointsAndInterpretation_Rule_2; Decision_GraduationEligibility_Rule_2; Decision_GraduationEligibility_Rule_3; Decision_SummerSemesterRegistration_Rule_3; Decision_SummerSemesterRegistration_Rule_4
1,True,False,Decision_AcademicWarningStatus_Rule_2,,17,Decision_AcademicWarningStatus_Rule_2; Decision_AcademicWarningStatus_Rule_3; Decision_AcademicWarningStatus_Rule_5; Decision_CourseLoadLimit_Rule_1; Decision_CourseLoadLimit_Rule_3; Decision_CourseRegistrationEligibility_Rule_2; Decision_CourseReplacementEligibility_Rule_2; Decision_CreditTransferExemption_Rule_2; Decision_GradePointsAndInterpretation_Rule_14; Decision_GradePointsAndInterpretation_Rule_2; Decision_GradePointsAndInterpretation_Rule_3; Decision_GradePointsAndInterpretation_Rule_8; Decision_GraduationEligibility_Rule_1; Decision_GraduationEligibility_Rule_2; Decision_GraduationEligibility_Rule_3; Decision_SummerSemesterRegistration_Rule_3; Decision_SummerSemesterRegistration_Rule_4
2,True,False,Decision_AcademicWarningStatus_Rule_3,,13,Decision_AcademicWarningStatus_Rule_3; Decision_AcademicWarningStatus_Rule_5; Decision_CourseLoadLimit_Rule_3; Decision_CourseRegistrationEligibility_Rule_2; Decision_CourseRegistrationEligibility_Rule_4; Decision_CourseReplacementEligibility_Rule_2; Decision_CreditTransferExemption_Rule_2; Decision_GradePointsAndInterpretation_Rule_2; Decision_GradePointsAndInterpretation_Rule_9; Decision_GraduationEligibility_Rule_2; Decision_GraduationEligibility_Rule_3; Decision_SummerSemesterRegistration_Rule_3; Decision_SummerSemesterRegistration_Rule_4
3,True,False,Decision_AcademicWarningStatus_Rule_4,,11,Decision_AcademicWarningStatus_Rule_4; Decision_AcademicWarningStatus_Rule_5; Decision_CourseLoadLimit_Rule_3; Decision_CourseRegistrationEligibility_Rule_2; Decision_CourseReplacementEligibility_Rule_2; Decision_CreditTransferExemption_Rule_2; Decision_GradePointsAndInterpretation_Rule_2; Decision_GraduationEligibility_Rule_2; Decision_GraduationEligibility_Rule_3; Decision_SummerSemesterRegistration_Rule_3; Decision_SummerSemesterRegistration_Rule_4
4,True,False,Decision_AcademicWarningStatus_Rule_5; Decision_AttendanceEligibility_Rule_2; Decision_CourseLoadLimit_Rule_3; Decision_CourseRegistrationEligibility_Rule_2; Decision_CourseReplacementEligibility_Rule_2; Decision_CreditTransferExemption_Rule_2; Decision_GraduationEligibility_Rule_2; Decision_SummerSemesterRegistration_Rule_3,,10,Decision_AcademicWarningStatus_Rule_5; Decision_CourseLoadLimit_Rule_3; Decision_CourseRegistrationEligibility_Rule_2; Decision_CourseReplacementEligibility_Rule_2; Decision_CreditTransferExemption_Rule_2; Decision_GradePointsAndInterpretation_Rule_2; Decision_GraduationEligibility_Rule_2; Decision_GraduationEligibility_Rule_3; Decision_SummerSemesterRegistration_Rule_3; Decision_SummerSemesterRegistration_Rule_4
5,True,False,Decision_AcademicWarningStatus_Rule_6,,15,Decision_AcademicWarningStatus_Rule_5; Decision_AcademicWarningStatus_Rule_6; Decision_AttendanceEligibility_Rule_2; Decision_CourseLoadLimit_Rule_3; Decision_CourseRegistrationEligibility_Rule_1; Decision_CourseRegistrationEligibility_Rule_2; Decision_CourseReplacementEligibility_Rule_2; Decision_CreditTransferExemption_Rule_2; Decision_CreditTransferExemption_Rule_3; Decision_GradePointsAndInterpretation_Rule_15; Decision_GradePointsAndInterpretation_Rule_2; Decision_GraduationEligibility_Rule_2; Decision_GraduationEligibility_Rule_3; Decision_SummerSemesterRegistration_Rule_3; Decision_SummerSemesterRegistration_Rule_4
6,True,False,Decision_CourseLoadLimit_Rule_1,,21,Decision_AcademicWarningStatus_Rule_1; Decision_AcademicWarningStatus_Rule_2; Decision_AcademicWarningStatus_Rule_4; Decision_AcademicWarningStatus_Rule_5; Decision_AttendanceEligibility_Rule_2; Decision_CourseLoadLimit_Rule_1; Decision_CourseLoadLimit_Rule_2; Decision_CourseLoadLimit_Rule_3; Decision_CourseRegistrationEligibility_Rule_1; Decision_CourseRegistrationEligibility_Rule_2; Decision_CourseRegistrationEligibility_Rule_3; Decision_CourseReplacementEligibility_Rule_2; Decision_CourseReplacementEligibility_Rule_6; Decision_CreditTransferExemption_Rule_2; Decision_CreditTransferExemption_Rule_3; Decision_GradePointsAndInterpretation_Rule_12; Decision_GradePointsAndInterpretation_Rule_2; Decision_GraduationEligibility_Rule_2; Decision_GraduationEligibility_Rule_3; Decision_SummerSemesterRegistration_Rule_3; Decision_SummerSemesterRegistration_Rule_4
7,True,False,Decision_CourseLoadLimit_Rule_1,,20,Decision_AcademicWarningStatus_Rule_1; Decision_AcademicWarningStatus_Rule_2; Decision_AcademicWarningStatus_Rule_4; Decision_AcademicWarningStatus_Rule_5; Decision_AttendanceEligibility_Rule_2; Decision_CourseLoadLimit_Rule_1; Decision_CourseLoadLimit_Rule_2; Decision_CourseLoadLimit_Rule_3; Decision_CourseLoadLimit_Rule_4; Decision_CourseRegistrationEligibility_Rule_2; Decision_CourseReplacementEligibility_Rule_2; Decision_CreditTransferExemption_Rule_2; Decision_GradePointsAndInterpretation_Rule_1; Decision_GradePointsAndInterpretation_Rule_2; Decision_GradePointsAndInterpretation_Rule_4; Decision_GraduationEligibility_Rule_2; Decision_GraduationEligibility_Rule_3; Decision_GraduationEligibility_Rule_4; Decision_SummerSemesterRegistration_Rule_3; Decision_SummerSemesterRegistration_Rule_4
8,True,False,Decision_CourseLoadLimit_Rule_1,,16,Decision_AcademicWarningStatus_Rule_3; Decision_AcademicWarningStatus_Rule_5; Decision_CourseLoadLimit_Rule_1; Decision_CourseLoadLimit_Rule_3; Decision_CourseRegistrationEligibility_Rule_2; Decision_CourseReplacementEligibility_Rule_2; Decision_CourseReplacementEligibility_Rule_3; Decision_CreditTransferExemption_Rule_2; Decision_GradePointsAndInterpretation_Rule_12; Decision_GradePointsAndInterpretation_Rule_2; Decision_GradePointsAndInterpretation_Rule_4; Decision_GraduationEligibility_Rule_1; Decision_GraduationEligibility_Rule_2; Decision_GraduationEligibility_Rule_3; Decision_SummerSemesterRegistration_Rule_3; Decision_SummerSemesterRegistration_Rule_4
9,True,False,Decision_CourseLoadLimit_Rule_2,,13,Decision_AcademicWarningStatus_Rule_4; Decision_AcademicWarningStatus_Rule_5; Decision_CourseLoadLimit_Rule_2; Decision_CourseLoadLimit_Rule_3; Decision_CourseRegistrationEligibility_Rule_2; Decision_CourseReplacementEligibility_Rule_2; Decision_CreditTransferExemption_Rule_2; Decision_GradePointsAndInterpretation_Rule_15; Decision_GradePointsAndInterpretation_Rule_2; Decision_GraduationEligibility_Rule_2; Decision_GraduationEligibility_Rule_3; Decision_SummerSemesterRegistration_Rule_3; Decision_SummerSemesterRegistration_Rule_4
10,True,False,Decision_CourseLoadLimit_Rule_4,,20,Decision_AcademicWarningStatus_Rule_1; Decision_AcademicWarningStatus_Rule_2; Decision_AcademicWarningStatus_Rule_5; Decision_AttendanceEligibility_Rule_2; Decision_CourseLoadLimit_Rule_1; Decision_CourseLoadLimit_Rule_3; Decision_CourseLoadLimit_Rule_4; Decision_CourseRegistrationEligibility_Rule_2; Decision_CourseRegistrationEligibility_Rule_4; Decision_CourseReplacementEligibility_Rule_2; Decision_CourseReplacementEligibility_Rule_6; Decision_CreditTransferExemption_Rule_2; Decision_GradePointsAndInterpretation_Rule_11; Decision_GradePointsAndInterpretation_Rule_12; Decision_GradePointsAndInterpretation_Rule_2; Decision_GradePointsAndInterpretation_Rule_9; Decision_GraduationEligibility_Rule_2; Decision_GraduationEligibility_Rule_3; Decision_SummerSemesterRegistration_Rule_3; Decision_SummerSemesterRegistration_Rule_4
11,True,False,Decision_CourseLoadLimit_Rule_4,,21,Decision_AcademicWarningStatus_Rule_1; Decision_AcademicWarningStatus_Rule_2; Decision_AcademicWarningStatus_Rule_4; Decision_AcademicWarningStatus_Rule_5; Decision_AttendanceEligibility_Rule_2; Decision_CourseLoadLimit_Rule_1; Decision_CourseLoadLimit_Rule_2; Decision_CourseLoadLimit_Rule_3; Decision_CourseLoadLimit_Rule_4; Decision_CourseRegistrationEligibility_Rule_2; Decision_CourseRegistrationEligibility_Rule_4; Decision_CourseReplacementEligibility_Rule_2; Decision_CreditTransferExemption_Rule_2; Decision_GradePointsAndInterpretation_Rule_15; Decision_GradePointsAndInterpretation_Rule_2; Decision_GradePointsAndInterpretation_Rule_7; Decision_GradePointsAndInterpretation_Rule_9; Decision_GraduationEligibility_Rule_2; Decision_GraduationEligibility_Rule_3; Decision_SummerSemesterRegistration_Rule_3; Decision_SummerSemesterRegistration_Rule_4
12,True,False,Decision_CourseLoadLimit_Rule_4,,22,Decision_AcademicWarningStatus_Rule_3; Decision_AcademicWarningStatus_Rule_4; Decision_AcademicWarningStatus_Rule_5; Decision_CourseLoadLimit_Rule_1; Decision_CourseLoadLimit_Rule_2; Decision_CourseLoadLimit_Rule_3; Decision_CourseLoadLimit_Rule_4; Decision_CourseRegistrationEligibility_Rule_2; Decision_CourseRegistrationEligibility_Rule_4; Decision_CourseReplacementEligibility_Rule_2; Decision_CourseReplacementEligibility_Rule_6; Decision_CreditTransferExemption_Rule_2; Decision_GradePointsAndInterpretation_Rule_10; Decision_GradePointsAndInterpretation_Rule_12; Decision_GradePointsAndInterpretation_Rule_2; Decision_GradePointsAndInterpretation_Rule_3; Decision_GradePointsAndInterpretation_Rule_7; Decision_GraduationEligibility_Rule_1; Decision_GraduationEligibility_Rule_2; Decision_GraduationEligibility_Rule_3; Decision_SummerSemesterRegistration_Rule_3; Decision_SummerSemesterRegistration_Rule_4
13,True,False,Decision_CourseLoadLimit_Rule_4,,23,Decision_AcademicWarningStatus_Rule_3; Decision_AcademicWarningStatus_Rule_4; Decision_AcademicWarningStatus_Rule_5; Decision_AttendanceEligibility_Rule_2; Decision_CourseLoadLimit_Rule_1; Decision_CourseLoadLimit_Rule_2; Decision_CourseLoadLimit_Rule_3; Decision_CourseLoadLimit_Rule_4; Decision_CourseRegistrationEligibility_Rule_2; Decision_CourseRegistrationEligibility_Rule_4; Decision_CourseReplacementEligibility_Rule_2; Decision_CourseReplacementEligibility_Rule_6; Decision_CreditTransferExemption_Rule_2; Decision_GradePointsAndInterpretation_Rule_10; Decision_GradePointsAndInterpretation_Rule_12; Decision_GradePointsAndInterpretation_Rule_2; Decision_GradePointsAndInterpretation_Rule_3; Decision_GradePointsAndInterpretation_Rule_7; Decision_GraduationEligibility_Rule_1; Decision_GraduationEligibility_Rule_2; Decision_GraduationEligibility_Rule_3; Decision_SummerSemesterRegistration_Rule_3; Decision_SummerSemesterRegistration_Rule_4
14,True,False,Decision_CourseLoadLimit_Rule_4,,11,Decision_AcademicWarningStatus_Rule_5; Decision_CourseLoadLimit_Rule_3; Decision_CourseLoadLimit_Rule_4; Decision_CourseRegistrationEligibility_Rule_2; Decision_CourseReplacementEligibility_Rule_2; Decision_CreditTransferExemption_Rule_2; Decision_GradePointsAndInterpretation_Rule_2; Decision_GraduationEligibility_Rule_2; Decision_GraduationEligibility_Rule_3; Decision_SummerSemesterRegistration_Rule_3; Decision_SummerSemesterRegistration_Rule_4
15,True,False,Decision_CourseLoadLimit_Rule_4,,19,Decision_AcademicWarningStatus_Rule_4; Decision_AcademicWarningStatus_Rule_5; Decision_AcademicWarningStatus_Rule_6; Decision_AttendanceEligibility_Rule_2; Decision_CourseLoadLimit_Rule_2; Decision_CourseLoadLimit_Rule_3; Decision_CourseLoadLimit_Rule_4; Decision_CourseRegistrationEligibility_Rule_1; Decision_CourseRegistrationEligibility_Rule_2; Decision_CourseRegistrationEligibility_Rule_4; Decision_CourseReplacementEligibility_Rule_2; Decision_CreditTransferExemption_Rule_2; Decision_CreditTransferExemption_Rule_3; Decision_GradePointsAndInterpretation_Rule_2; Decision_GradePointsAndInterpretation_Rule_7; Decision_GraduationEligibility_Rule_2; Decision_GraduationEligibility_Rule_3; Decision_SummerSemesterRegistration_Rule_3; Decision_SummerSemesterRegistration_Rule_4
16,True,False,Decision_CourseRegistrationEligibility_Rule_1,,13,Decision_AcademicWarningStatus_Rule_5; Decision_CourseLoadLimit_Rule_3; Decision_CourseRegistrationEligibility_Rule_1; Decision_CourseRegistrationEligibility_Rule_2; Decision_CourseReplacementEligibility_Rule_2; Decision_CreditTransferExemption_Rule_2; Decision_CreditTransferExemption_Rule_3; Decision_GradePointsAndInterpretation_Rule_15; Decision_GradePointsAndInterpretation_Rule_2; Decision_GraduationEligibility_Rule_2; Decision_GraduationEligibility_Rule_3; Decision_SummerSemesterRegistration_Rule_3; Decision_SummerSemesterRegistration_Rule_4
17,True,False,Decision_CourseRegistrationEligibility_Rule_3,,24,Decision_AcademicWarningStatus_Rule_1; Decision_AcademicWarningStatus_Rule_2; Decision_AcademicWarningStatus_Rule_3; Decision_AcademicWarningStatus_Rule_4; Decision_AcademicWarningStatus_Rule_5; Decision_CourseLoadLimit_Rule_1; Decision_CourseLoadLimit_Rule_2; Decision_CourseLoadLimit_Rule_3; Decision_CourseLoadLimit_Rule_4; Decision_CourseRegistrationEligibility_Rule_2; Decision_CourseRegistrationEligibility_Rule_3; Decision_CourseRegistrationEligibility_Rule_4; Decision_CourseReplacementEligibility_Rule_2; Decision_CourseReplacementEligibility_Rule_6; Decision_CreditTransferExemption_Rule_2; Decision_GradePointsAndInterpretation_Rule_10; Decision_GradePointsAndInterpretation_Rule_12; Decision_GradePointsAndInterpretation_Rule_2; Decision_GradePointsAndInterpretation_Rule_3; Decision_GradePointsAndInterpretation_Rule_7; Decision_GraduationEligibility_Rule_2; Decision_GraduationEligibility_Rule_3; Decision_SummerSemesterRegistration_Rule_3; Decision_SummerSemesterRegistration_Rule_4
18,True,False,Decision_CourseRegistrationEligibility_Rule_3,,24,Decision_AcademicWarningStatus_Rule_2; Decision_AcademicWarningStatus_Rule_3; Decision_AcademicWarningStatus_Rule_4; Decision_AcademicWarningStatus_Rule_5; Decision_AttendanceEligibility_Rule_2; Decision_CourseLoadLimit_Rule_1; Decision_CourseLoadLimit_Rule_3; Decision_CourseLoadLimit_Rule_4; Decision_CourseRegistrationEligibility_Rule_2; Decision_CourseRegistrationEligibility_Rule_3; Decision_CourseRegistrationEligibility_Rule_4; Decision_CourseReplacementEligibility_Rule_2; Decision_CourseReplacementEligibility_Rule_3; Decision_CourseReplacementEligibility_Rule_4; Decision_CourseReplacementEligibility_Rule_6; Decision_CreditTransferExemption_Rule_2; Decision_GradePointsAndInterpretation_Rule_12; Decision_GradePointsAndInterpretation_Rule_2; Decision_GradePointsAndInterpretation_Rule_9; Decision_GraduationEligibility_Rule_2; Decision_GraduationEligibility_Rule_3; Decision_SummerSemesterRegistration_Rule_3; Decision_SummerSemesterRegistration_Rule_4; Decision_SummerSemesterRegistration_Rule_5
19,True,False,Decision_CourseRegistrationEligibility_Rule_3,,16,Decision_AcademicWarningStatus_Rule_3; Decision_AcademicWarningStatus_Rule_5; Decision_CourseLoadLimit_Rule_1; Decision_CourseLoadLimit_Rule_3; Decision_CourseRegistrationEligibility_Rule_2; Decision_CourseRegistrationEligibility_Rule_3; Decision_CourseReplacementEligibility_Rule_2; Decision_CourseReplacementEligibility_Rule_6; Decision_CreditTransferExemption_Rule_2; Decision_GradePointsAndInterpretation_Rule_12; Decision_GradePointsAndInterpretation_Rule_2; Decision_GradePointsAndInterpretation_Rule_8; Decision_GraduationEligibility_Rule_2; Decision_GraduationEligibility_Rule_3; Decision_SummerSemesterRegistration_Rule_3; Decision_SummerSemesterRegistration_Rule_4
20,True,False,Decision_CourseRegistrationEligibility_Rule_3,,17,Decision_AcademicWarningStatus_Rule_2; Decision_AcademicWarningStatus_Rule_4; Decision_AcademicWarningStatus_Rule_5; Decision_AttendanceEligibility_Rule_2; Decision_CourseLoadLimit_Rule_2; Decision_CourseLoadLimit_Rule_3; Decision_CourseRegistrationEligibility_Rule_2; Decision_CourseRegistrationEligibility_Rule_3; Decision_CourseReplacementEligibility_Rule_2; Decision_CourseReplacementEligibility_Rule_6; Decision_CreditTransferExemption_Rule_2; Decision_GradePointsAndInterpretation_Rule_12; Decision_GradePointsAndInterpretation_Rule_2; Decision_GraduationEligibility_Rule_2; Decision_GraduationEligibility_Rule_3; Decision_SummerSemesterRegistration_Rule_3; Decision_SummerSemesterRegistration_Rule_4
21,True,False,Decision_CourseRegistrationEligibility_Rule_3,,16,Decision_AcademicWarningStatus_Rule_5; Decision_CourseLoadLimit_Rule_3; Decision_CourseLoadLimit_Rule_4; Decision_CourseRegistrationEligibility_Rule_2; Decision_CourseRegistrationEligibility_Rule_3; Decision_CourseReplacementEligibility_Rule_2; Decision_CourseReplacementEligibility_Rule_6; Decision_CreditTransferExemption_Rule_2; Decision_GradePointsAndInterpretation_Rule_12; Decision_GradePointsAndInterpretation_Rule_2; Decision_GradePointsAndInterpretation_Rule_3; Decision_GradePointsAndInterpretation_Rule_6; Decision_GraduationEligibility_Rule_2; Decision_GraduationEligibility_Rule_3; Decision_SummerSemesterRegistration_Rule_3; Decision_SummerSemesterRegistration_Rule_4
22,True,False,Decision_CourseRegistrationEligibility_Rule_3,,18,Decision_AcademicWarningStatus_Rule_1; Decision_AcademicWarningStatus_Rule_4; Decision_AcademicWarningStatus_Rule_5; Decision_AttendanceEligibility_Rule_2; Decision_CourseLoadLimit_Rule_2; Decision_CourseLoadLimit_Rule_3; Decision_CourseLoadLimit_Rule_4; Decision_CourseRegistrationEligibility_Rule_2; Decision_CourseRegistrationEligibility_Rule_3; Decision_CourseRegistrationEligibility_Rule_4; Decision_CourseReplacementEligibility_Rule_2; Decision_CreditTransferExemption_Rule_2; Decision_GradePointsAndInterpretation_Rule_2; Decision_GradePointsAndInterpretation_Rule_9; Decision_GraduationEligibility_Rule_2; Decision_GraduationEligibility_Rule_3; Decision_SummerSemesterRegistration_Rule_3; Decision_SummerSemesterRegistration_Rule_4
23,True,False,Decision_CourseRegistrationEligibility_Rule_3,,23,Decision_AcademicWarningStatus_Rule_2; Decision_AcademicWarningStatus_Rule_4; Decision_AcademicWarningStatus_Rule_5; Decision_AttendanceEligibility_Rule_2; Decision_CourseLoadLimit_Rule_2; Decision_CourseLoadLimit_Rule_3; Decision_CourseLoadLimit_Rule_4; Decision_CourseRegistrationEligibility_Rule_2; Decision_CourseRegistrationEligibility_Rule_3; Decision_CourseRegistrationEligibility_Rule_4; Decision_CourseReplacementEligibility_Rule_2; Decision_CourseReplacementEligibility_Rule_6; Decision_CreditTransferExemption_Rule_2; Decision_GradePointsAndInterpretation_Rule_10; Decision_GradePointsAndInterpretation_Rule_12; Decision_GradePointsAndInterpretation_Rule_2; Decision_GradePointsAndInterpretation_Rule_3; Decision_GradePointsAndInterpretation_Rule_7; Decision_GraduationEligibility_Rule_1; Decision_GraduationEligibility_Rule_2; Decision_GraduationEligibility_Rule_3; Decision_SummerSemesterRegistration_Rule_3; Decision_SummerSemesterRegistration_Rule_4
24,True,False,Decision_CourseRegistrationEligibility_Rule_3,,24,Decision_AcademicWarningStatus_Rule_2; Decision_AcademicWarningStatus_Rule_3; Decision_AcademicWarningStatus_Rule_4; Decision_AcademicWarningStatus_Rule_5; Decision_AcademicWarningStatus_Rule_6; Decision_AttendanceEligibility_Rule_2; Decision_CourseLoadLimit_Rule_1; Decision_CourseLoadLimit_Rule_2; Decision_CourseLoadLimit_Rule_3; Decision_CourseLoadLimit_Rule_4; Decision_CourseRegistrationEligibility_Rule_2; Decision_CourseRegistrationEligibility_Rule_3; Decision_CourseRegistrationEligibility_Rule_4; Decision_CourseReplacementEligibility_Rule_2; Decision_CreditTransferExemption_Rule_2; Decision_GradePointsAndInterpretation_Rule_15; Decision_GradePointsAndInterpretation_Rule_2; Decision_GradePointsAndInterpretation_Rule_7; Decision_GradePointsAndInterpretation_Rule_9; Decision_GraduationEligibility_Rule_1; Decision_GraduationEligibility_Rule_2; Decision_GraduationEligibility_Rule_3; Decision_SummerSemesterRegistration_Rule_3; Decision_SummerSemesterRegistration_Rule_4
25,True,False,Decision_CourseRegistrationEligibility_Rule_3,,14,Decision_AcademicWarningStatus_Rule_4; Decision_AcademicWarningStatus_Rule_5; Decision_CourseLoadLimit_Rule_3; Decision_CourseLoadLimit_Rule_4; Decision_CourseRegistrationEligibility_Rule_2; Decision_CourseRegistrationEligibility_Rule_3; Decision_CourseReplacementEligibility_Rule_2; Decision_CreditTransferExemption_Rule_2; Decision_GradePointsAndInterpretation_Rule_2; Decision_GradePointsAndInterpretation_Rule_7; Decision_GraduationEligibility_Rule_2; Decision_GraduationEligibility_Rule_3; Decision_SummerSemesterRegistration_Rule_3; Decision_SummerSemesterRegistration_Rule_4
26,True,False,Decision_CourseRegistrationEligibility_Rule_3,,13,Decision_AcademicWarningStatus_Rule_5; Decision_CourseLoadLimit_Rule_3; Decision_CourseLoadLimit_Rule_4; Decision_CourseRegistrationEligibility_Rule_2; Decision_CourseRegistrationEligibility_Rule_3; Decision_CourseReplacementEligibility_Rule_2; Decision_CreditTransferExemption_Rule_2; Decision_GradePointsAndInterpretation_Rule_2; Decision_GradePointsAndInterpretation_Rule_9; Decision_GraduationEligibility_Rule_2; Decision_GraduationEligibility_Rule_3; Decision_SummerSemesterRegistration_Rule_3; Decision_SummerSemesterRegistration_Rule_4
27,True,False,Decision_CourseRegistrationEligibility_Rule_3,,20,Decision_AcademicWarningStatus_Rule_4; Decision_AcademicWarningStatus_Rule_5; Decision_AcademicWarningStatus_Rule_6; Decision_AttendanceEligibility_Rule_2; Decision_CourseLoadLimit_Rule_3; Decision_CourseLoadLimit_Rule_4; Decision_CourseRegistrationEligibility_Rule_2; Decision_CourseRegistrationEligibility_Rule_3; Decision_CourseReplacementEligibility_Rule_2; Decision_CourseReplacementEligibility_Rule_6; Decision_CreditTransferExemption_Rule_2; Decision_GradePointsAndInterpretation_Rule_1; Decision_GradePointsAndInterpretation_Rule_12; Decision_GradePointsAndInterpretation_Rule_15; Decision_GradePointsAndInterpretation_Rule_2; Decision_GraduationEligibility_Rule_1; Decision_GraduationEligibility_Rule_2; Decision_GraduationEligibility_Rule_3; Decision_SummerSemesterRegistration_Rule_3; Decision_SummerSemesterRegistration_Rule_4
28,True,False,Decision_CourseRegistrationEligibility_Rule_4,,30,Decision_AcademicWarningStatus_Rule_1; Decision_AcademicWarningStatus_Rule_2; Decision_AcademicWarningStatus_Rule_4; Decision_AcademicWarningStatus_Rule_5; Decision_AcademicWarningStatus_Rule_6; Decision_AttendanceEligibility_Rule_2; Decision_CourseLoadLimit_Rule_1; Decision_CourseLoadLimit_Rule_2; Decision_CourseLoadLimit_Rule_3; Decision_CourseLoadLimit_Rule_4; Decision_CourseRegistrationEligibility_Rule_2; Decision_CourseRegistrationEligibility_Rule_3; Decision_CourseRegistrationEligibility_Rule_4; Decision_CourseReplacementEligibility_Rule_1; Decision_CourseReplacementEligibility_Rule_2; Decision_CourseReplacementEligibility_Rule_3; Decision_CourseReplacementEligibility_Rule_4; Decision_CourseReplacementEligibility_Rule_6; Decision_CreditTransferExemption_Rule_2; Decision_GradePointsAndInterpretation_Rule_12; Decision_GradePointsAndInterpretation_Rule_2; Decision_GradePointsAndInterpretation_Rule_9; Decision_GraduationEligibility_Rule_1; Decision_GraduationEligibility_Rule_2; Decision_GraduationEligibility_Rule_3; Decision_GraduationEligibility_Rule_4; Decision_SummerSemesterRegistration_Rule_1; Decision_SummerSemesterRegistration_Rule_3; Decision_SummerSemesterRegistration_Rule_4; Decision_SummerSemesterRegistration_Rule_5
29,True,False,Decision_CourseRegistrationEligibility_Rule_4,,23,Decision_AcademicWarningStatus_Rule_1; Decision_AcademicWarningStatus_Rule_2; Decision_AcademicWarningStatus_Rule_4; Decision_AcademicWarningStatus_Rule_5; Decision_AttendanceEligibility_Rule_2; Decision_CourseLoadLimit_Rule_1; Decision_CourseLoadLimit_Rule_2; Decision_CourseLoadLimit_Rule_3; Decision_CourseLoadLimit_Rule_4; Decision_CourseRegistrationEligibility_Rule_2; Decision_CourseRegistrationEligibility_Rule_3; Decision_CourseRegistrationEligibility_Rule_4; Decision_CourseReplacementEligibility_Rule_2; Decision_CreditTransferExemption_Rule_2; Decision_GradePointsAndInterpretation_Rule_15; Decision_GradePointsAndInterpretation_Rule_2; Decision_GradePointsAndInterpretation_Rule_7; Decision_GradePointsAndInterpretation_Rule_9; Decision_GraduationEligibility_Rule_1; Decision_GraduationEligibility_Rule_2; Decision_GraduationEligibility_Rule_3; Decision_SummerSemesterRegistration_Rule_3; Decision_SummerSemesterRegistration_Rule_4
30,True,False,Decision_CourseRegistrationEligibility_Rule_4,,21,Decision_AcademicWarningStatus_Rule_1; Decision_AcademicWarningStatus_Rule_2; Decision_AcademicWarningStatus_Rule_5; Decision_AttendanceEligibility_Rule_2; Decision_CourseLoadLimit_Rule_1; Decision_CourseLoadLimit_Rule_3; Decision_CourseLoadLimit_Rule_4; Decision_CourseRegistrationEligibility_Rule_2; Decision_CourseRegistrationEligibility_Rule_4; Decision_CourseReplacementEligibility_Rule_2; Decision_CourseReplacementEligibility_Rule_4; Decision_CourseReplacementEligibility_Rule_6; Decision_CreditTransferExemption_Rule_2; Decision_GradePointsAndInterpretation_Rule_11; Decision_GradePointsAndInterpretation_Rule_12; Decision_GradePointsAndInterpretation_Rule_2; Decision_GradePointsAndInterpretation_Rule_9; Decision_GraduationEligibility_Rule_2; Decision_GraduationEligibility_Rule_3; Decision_SummerSemesterRegistration_Rule_3; Decision_SummerSemesterRegistration_Rule_4
31,True,False,Decision_CourseRegistrationEligibility_Rule_4,,20,Decision_AcademicWarningStatus_Rule_2; Decision_AcademicWarningStatus_Rule_5; Decision_AttendanceEligibility_Rule_2; Decision_CourseLoadLimit_Rule_3; Decision_CourseLoadLimit_Rule_4; Decision_CourseRegistrationEligibility_Rule_1; Decision_CourseRegistrationEligibility_Rule_2; Decision_CourseRegistrationEligibility_Rule_3; Decision_CourseReplacementEligibility_Rule_2; Decision_CourseReplacementEligibility_Rule_6; Decision_CreditTransferExemption_Rule_2; Decision_CreditTransferExemption_Rule_3; Decision_GradePointsAndInterpretation_Rule_12; Decision_GradePointsAndInterpretation_Rule_15; Decision_GradePointsAndInterpretation_Rule_2; Decision_GraduationEligibility_Rule_1; Decision_GraduationEligibility_Rule_2; Decision_GraduationEligibility_Rule_3; Decision_SummerSemesterRegistration_Rule_3; Decision_SummerSemesterRegistration_Rule_4
32,True,False,Decision_CourseRegistrationEligibility_Rule_4,,21,Decision_AcademicWarningStatus_Rule_1; Decision_AcademicWarningStatus_Rule_2; Decision_AcademicWarningStatus_Rule_3; Decision_AcademicWarningStatus_Rule_4; Decision_AcademicWarningStatus_Rule_5; Decision_AttendanceEligibility_Rule_2; Decision_CourseLoadLimit_Rule_1; Decision_CourseLoadLimit_Rule_2; Decision_CourseLoadLimit_Rule_3; Decision_CourseLoadLimit_Rule_4; Decision_CourseRegistrationEligibility_Rule_2; Decision_CourseRegistrationEligibility_Rule_4; Decision_CourseReplacementEligibility_Rule_2; Decision_CreditTransferExemption_Rule_2; Decision_GradePointsAndInterpretation_Rule_1; Decision_GradePointsAndInterpretation_Rule_2; Decision_GradePointsAndInterpretation_Rule_4; Decision_GraduationEligibility_Rule_2; Decision_GraduationEligibility_Rule_3; Decision_SummerSemesterRegistration_Rule_3; Decision_SummerSemesterRegistration_Rule_4
33,True,False,Decision_CourseRegistrationEligibility_Rule_4,,32,Decision_AcademicWarningStatus_Rule_1; Decision_AcademicWarningStatus_Rule_2; Decision_AcademicWarningStatus_Rule_3; Decision_AcademicWarningStatus_Rule_4; Decision_AcademicWarningStatus_Rule_5; Decision_AcademicWarningStatus_Rule_6; Decision_AttendanceEligibility_Rule_1; Decision_AttendanceEligibility_Rule_2; Decision_CourseLoadLimit_Rule_1; Decision_CourseLoadLimit_Rule_2; Decision_CourseLoadLimit_Rule_3; Decision_CourseLoadLimit_Rule_4; Decision_CourseRegistrationEligibility_Rule_1; Decision_CourseRegistrationEligibility_Rule_2; Decision_CourseRegistrationEligibility_Rule_3; Decision_CourseRegistrationEligibility_Rule_4; Decision_CourseReplacementEligibility_Rule_1; Decision_CourseReplacementEligibility_Rule_2; Decision_CourseReplacementEligibility_Rule_3; Decision_CreditTransferExemption_Rule_2; Decision_CreditTransferExemption_Rule_3; Decision_GradePointsAndInterpretation_Rule_12; Decision_GradePointsAndInterpretation_Rule_14; Decision_GradePointsAndInterpretation_Rule_2; Decision_GradePointsAndInterpretation_Rule_4; Decision_GradePointsAndInterpretation_Rule_9; Decision_GraduationEligibility_Rule_1; Decision_GraduationEligibility_Rule_2; Decision_GraduationEligibility_Rule_3; Decision_SummerSemesterRegistration_Rule_1; Decision_SummerSemesterRegistration_Rule_3; Decision_SummerSemesterRegistration_Rule_4
34,True,False,Decision_CourseRegistrationEligibility_Rule_4; Decision_SummerSemesterRegistration_Rule_2,,18,Decision_AcademicWarningStatus_Rule_4; Decision_AcademicWarningStatus_Rule_5; Decision_AttendanceEligibility_Rule_2; Decision_CourseLoadLimit_Rule_2; Decision_CourseLoadLimit_Rule_3; Decision_CourseRegistrationEligibility_Rule_1; Decision_CourseRegistrationEligibility_Rule_2; Decision_CourseRegistrationEligibility_Rule_4; Decision_CourseReplacementEligibility_Rule_2; Decision_CreditTransferExemption_Rule_2; Decision_CreditTransferExemption_Rule_3; Decision_GradePointsAndInterpretation_Rule_2; Decision_GradePointsAndInterpretation_Rule_7; Decision_GradePointsAndInterpretation_Rule_9; Decision_GraduationEligibility_Rule_2; Decision_GraduationEligibility_Rule_3; Decision_SummerSemesterRegistration_Rule_3; Decision_SummerSemesterRegistration_Rule_4
35,True,False,Decision_CourseRegistrationEligibility_Rule_4,,21,Decision_AcademicWarningStatus_Rule_2; Decision_AcademicWarningStatus_Rule_4; Decision_AcademicWarningStatus_Rule_5; Decision_AttendanceEligibility_Rule_2; Decision_CourseLoadLimit_Rule_1; Decision_CourseLoadLimit_Rule_2; Decision_CourseLoadLimit_Rule_3; Decision_CourseLoadLimit_Rule_4; Decision_CourseRegistrationEligibility_Rule_2; Decision_CourseRegistrationEligibility_Rule_3; Decision_CourseRegistrationEligibility_Rule_4; Decision_CourseReplacementEligibility_Rule_2; Decision_CreditTransferExemption_Rule_2; Decision_GradePointsAndInterpretation_Rule_2; Decision_GradePointsAndInterpretation_Rule_7; Decision_GradePointsAndInterpretation_Rule_9; Decision_GraduationEligibility_Rule_1; Decision_GraduationEligibility_Rule_2; Decision_GraduationEligibility_Rule_3; Decision_SummerSemesterRegistration_Rule_3; Decision_SummerSemesterRegistration_Rule_4
36,True,False,Decision_CourseRegistrationEligibility_Rule_4,,13,Decision_AcademicWarningStatus_Rule_5; Decision_CourseLoadLimit_Rule_3; Decision_CourseRegistrationEligibility_Rule_2; Decision_CourseRegistrationEligibility_Rule_4; Decision_CourseReplacementEligibility_Rule_2; Decision_CreditTransferExemption_Rule_2; Decision_GradePointsAndInterpretation_Rule_10; Decision_GradePointsAndInterpretation_Rule_2; Decision_GradePointsAndInterpretation_Rule_9; Decision_GraduationEligibility_Rule_2; Decision_GraduationEligibility_Rule_3; Decision_SummerSemesterRegistration_Rule_3; Decision_SummerSemesterRegistration_Rule_4
37,True,False,Decision_CourseRegistrationEligibility_Rule_4,,14,Decision_AcademicWarningStatus_Rule_5; Decision_CourseLoadLimit_Rule_3; Decision_CourseLoadLimit_Rule_4; Decision_CourseRegistrationEligibility_Rule_2; Decision_CourseRegistrationEligibility_Rule_3; Decision_CourseReplacementEligibility_Rule_2; Decision_CreditTransferExemption_Rule_2; Decision_GradePointsAndInterpretation_Rule_2; Decision_GradePointsAndInterpretation_Rule_9; Decision_GraduationEligibility_Rule_2; Decision_GraduationEligibility_Rule_3; Decision_GraduationEligibility_Rule_4; Decision_SummerSemesterRegistration_Rule_3; Decision_SummerSemesterRegistration_Rule_4
38,True,False,Decision_CourseRegistrationEligibility_Rule_4,,17,Decision_AcademicWarningStatus_Rule_4; Decision_AcademicWarningStatus_Rule_5; Decision_AcademicWarningStatus_Rule_6; Decision_CourseLoadLimit_Rule_2; Decision_CourseLoadLimit_Rule_3; Decision_CourseLoadLimit_Rule_4; Decision_CourseRegistrationEligibility_Rule_2; Decision_CourseRegistrationEligibility_Rule_3; Decision_CourseRegistrationEligibility_Rule_4; Decision_CourseReplacementEligibility_Rule_2; Decision_CreditTransferExemption_Rule_2; Decision_GradePointsAndInterpretation_Rule_2; Decision_GradePointsAndInterpretation_Rule_8; Decision_GraduationEligibility_Rule_2; Decision_GraduationEligibility_Rule_3; Decision_SummerSemesterRegistration_Rule_3; Decision_SummerSemesterRegistration_Rule_4
39,True,False,Decision_CourseReplacementEligibility_Rule_1,,17,Decision_AcademicWarningStatus_Rule_4; Decision_AcademicWarningStatus_Rule_5; Decision_CourseLoadLimit_Rule_2; Decision_CourseLoadLimit_Rule_3; Decision_CourseRegistrationEligibility_Rule_2; Decision_CourseRegistrationEligibility_Rule_4; Decision_CourseReplacementEligibility_Rule_1; Decision_CourseReplacementEligibility_Rule_2; Decision_CourseReplacementEligibility_Rule_4; Decision_CreditTransferExemption_Rule_2; Decision_GradePointsAndInterpretation_Rule_12; Decision_GradePointsAndInterpretation_Rule_2; Decision_GradePointsAndInterpretation_Rule_4; Decision_GraduationEligibility_Rule_2; Decision_GraduationEligibility_Rule_3; Decision_SummerSemesterRegistration_Rule_3; Decision_SummerSemesterRegistration_Rule_4
40,True,False,Decision_CourseReplacementEligibility_Rule_3,,17,Decision_AcademicWarningStatus_Rule_5; Decision_AttendanceEligibility_Rule_2; Decision_CourseLoadLimit_Rule_3; Decision_CourseLoadLimit_Rule_4; Decision_CourseRegistrationEligibility_Rule_2; Decision_CourseReplacementEligibility_Rule_2; Decision_CourseReplacementEligibility_Rule_3; Decision_CreditTransferExemption_Rule_2; Decision_GradePointsAndInterpretation_Rule_10; Decision_GradePointsAndInterpretation_Rule_12; Decision_GradePointsAndInterpretation_Rule_14; Decision_GradePointsAndInterpretation_Rule_2; Decision_GradePointsAndInterpretation_Rule_3; Decision_GraduationEligibility_Rule_2; Decision_GraduationEligibility_Rule_3; Decision_SummerSemesterRegistration_Rule_3; Decision_SummerSemesterRegistration_Rule_4
41,True,False,Decision_CourseReplacementEligibility_Rule_4,,12,Decision_AcademicWarningStatus_Rule_5; Decision_CourseLoadLimit_Rule_3; Decision_CourseRegistrationEligibility_Rule_2; Decision_CourseReplacementEligibility_Rule_2; Decision_CourseReplacementEligibility_Rule_4; Decision_CreditTransferExemption_Rule_2; Decision_GradePointsAndInterpretation_Rule_12; Decision_GradePointsAndInterpretation_Rule_2; Decision_GraduationEligibility_Rule_2; Decision_GraduationEligibility_Rule_3; Decision_SummerSemesterRegistration_Rule_3; Decision_SummerSemesterRegistration_Rule_4
42,True,False,Decision_CourseReplacementEligibility_Rule_5,,17,Decision_AcademicWarningStatus_Rule_3; Decision_AcademicWarningStatus_Rule_5; Decision_AttendanceEligibility_Rule_1; Decision_CourseLoadLimit_Rule_1; Decision_CourseLoadLimit_Rule_3; Decision_CourseRegistrationEligibility_Rule_2; Decision_CourseReplacementEligibility_Rule_2; Decision_CourseReplacementEligibility_Rule_5; Decision_CreditTransferExemption_Rule_2; Decision_GradePointsAndInterpretation_Rule_12; Decision_GradePointsAndInterpretation_Rule_2; Decision_GradePointsAndInterpretation_Rule_4; Decision_GradePointsAndInterpretation_Rule_5; Decision_GraduationEligibility_Rule_2; Decision_GraduationEligibility_Rule_3; Decision_SummerSemesterRegistration_Rule_3; Decision_SummerSemesterRegistration_Rule_4
43,True,False,Decision_CourseReplacementEligibility_Rule_6,,12,Decision_AcademicWarningStatus_Rule_5; Decision_CourseLoadLimit_Rule_3; Decision_CourseRegistrationEligibility_Rule_2; Decision_CourseReplacementEligibility_Rule_2; Decision_CourseReplacementEligibility_Rule_6; Decision_CreditTransferExemption_Rule_2; Decision_GradePointsAndInterpretation_Rule_12; Decision_GradePointsAndInterpretation_Rule_2; Decision_GraduationEligibility_Rule_2; Decision_GraduationEligibility_Rule_3; Decision_SummerSemesterRegistration_Rule_3; Decision_SummerSemesterRegistration_Rule_4
44,True,False,Decision_CreditTransferExemption_Rule_1,,13,Decision_AcademicWarningStatus_Rule_5; Decision_CourseLoadLimit_Rule_3; Decision_CourseRegistrationEligibility_Rule_2; Decision_CourseReplacementEligibility_Rule_2; Decision_CourseReplacementEligibility_Rule_6; Decision_CreditTransferExemption_Rule_1; Decision_CreditTransferExemption_Rule_2; Decision_GradePointsAndInterpretation_Rule_12; Decision_GradePointsAndInterpretation_Rule_2; Decision_GraduationEligibility_Rule_2; Decision_GraduationEligibility_Rule_3; Decision_SummerSemesterRegistration_Rule_3; Decision_SummerSemesterRegistration_Rule_4
45,True,False,Decision_CreditTransferExemption_Rule_3,,12,Decision_AcademicWarningStatus_Rule_5; Decision_CourseLoadLimit_Rule_3; Decision_CourseRegistrationEligibility_Rule_1; Decision_CourseRegistrationEligibility_Rule_2; Decision_CourseReplacementEligibility_Rule_2; Decision_CreditTransferExemption_Rule_2; Decision_CreditTransferExemption_Rule_3; Decision_GradePointsAndInterpretation_Rule_2; Decision_GraduationEligibility_Rule_2; Decision_GraduationEligibility_Rule_3; Decision_SummerSemesterRegistration_Rule_3; Decision_SummerSemesterRegistration_Rule_4
46,True,False,Decision_AttendanceEligibility_Rule_1,,15,Decision_AcademicWarningStatus_Rule_5; Decision_AttendanceEligibility_Rule_1; Decision_CourseLoadLimit_Rule_3; Decision_CourseRegistrationEligibility_Rule_2; Decision_CourseReplacementEligibility_Rule_2; Decision_CourseReplacementEligibility_Rule_4; Decision_CreditTransferExemption_Rule_2; Decision_GradePointsAndInterpretation_Rule_12; Decision_GradePointsAndInterpretation_Rule_14; Decision_GradePointsAndInterpretation_Rule_2; Decision_GraduationEligibility_Rule_2; Decision_GraduationEligibility_Rule_3; Decision_SummerSemesterRegistration_Rule_3; Decision_SummerSemesterRegistration_Rule_4; Decision_SummerSemesterRegistration_Rule_5
47,True,False,Decision_GradePointsAndInterpretation_Rule_1,,11,Decision_AcademicWarningStatus_Rule_5; Decision_CourseLoadLimit_Rule_3; Decision_CourseRegistrationEligibility_Rule_2; Decision_CourseReplacementEligibility_Rule_2; Decision_CreditTransferExemption_Rule_2; Decision_GradePointsAndInterpretation_Rule_1; Decision_GradePointsAndInterpretation_Rule_2; Decision_GraduationEligibility_Rule_2; Decision_GraduationEligibility_Rule_3; Decision_SummerSemesterRegistration_Rule_3; Decision_SummerSemesterRegistration_Rule_4
48,True,False,Decision_GradePointsAndInterpretation_Rule_2,,10,Decision_AcademicWarningStatus_Rule_5; Decision_CourseLoadLimit_Rule_3; Decision_CourseRegistrationEligibility_Rule_2; Decision_CourseReplacementEligibility_Rule_2; Decision_CreditTransferExemption_Rule_2; Decision_GradePointsAndInterpretation_Rule_2; Decision_GraduationEligibility_Rule_2; Decision_GraduationEligibility_Rule_3; Decision_SummerSemesterRegistration_Rule_3; Decision_SummerSemesterRegistration_Rule_4
49,True,False,Decision_GradePointsAndInterpretation_Rule_3,,11,Decision_AcademicWarningStatus_Rule_5; Decision_CourseLoadLimit_Rule_3; Decision_CourseRegistrationEligibility_Rule_2; Decision_CourseReplacementEligibility_Rule_2; Decision_CreditTransferExemption_Rule_2; Decision_GradePointsAndInterpretation_Rule_2; Decision_GradePointsAndInterpretation_Rule_3; Decision_GraduationEligibility_Rule_2; Decision_GraduationEligibility_Rule_3; Decision_SummerSemesterRegistration_Rule_3; Decision_SummerSemesterRegistration_Rule_4
50,True,False,Decision_GradePointsAndInterpretation_Rule_4,,11,Decision_AcademicWarningStatus_Rule_5; Decision_CourseLoadLimit_Rule_3; Decision_CourseRegistrationEligibility_Rule_2; Decision_CourseReplacementEligibility_Rule_2; Decision_CreditTransferExemption_Rule_2; Decision_GradePointsAndInterpretation_Rule_2; Decision_GradePointsAndInterpretation_Rule_4; Decision_GraduationEligibility_Rule_2; Decision_GraduationEligibility_Rule_3; Decision_SummerSemesterRegistration_Rule_3; Decision_SummerSemesterRegistration_Rule_4
51,True,False,Decision_GradePointsAndInterpretation_Rule_5,,12,Decision_AcademicWarningStatus_Rule_5; Decision_CourseLoadLimit_Rule_3; Decision_CourseRegistrationEligibility_Rule_2; Decision_CourseReplacementEligibility_Rule_2; Decision_CreditTransferExemption_Rule_2; Decision_GradePointsAndInterpretation_Rule_15; Decision_GradePointsAndInterpretation_Rule_2; Decision_GradePointsAndInterpretation_Rule_5; Decision_GraduationEligibility_Rule_2; Decision_GraduationEligibility_Rule_3; Decision_SummerSemesterRegistration_Rule_3; Decision_SummerSemesterRegistration_Rule_4
52,True,False,Decision_GradePointsAndInterpretation_Rule_6,,14,Decision_AcademicWarningStatus_Rule_5; Decision_CourseLoadLimit_Rule_3; Decision_CourseRegistrationEligibility_Rule_2; Decision_CourseRegistrationEligibility_Rule_4; Decision_CourseReplacementEligibility_Rule_2; Decision_CourseReplacementEligibility_Rule_6; Decision_CreditTransferExemption_Rule_2; Decision_GradePointsAndInterpretation_Rule_12; Decision_GradePointsAndInterpretation_Rule_2; Decision_GradePointsAndInterpretation_Rule_6; Decision_GraduationEligibility_Rule_2; Decision_GraduationEligibility_Rule_3; Decision_SummerSemesterRegistration_Rule_3; Decision_SummerSemesterRegistration_Rule_4
53,True,False,Decision_GradePointsAndInterpretation_Rule_7,,11,Decision_AcademicWarningStatus_Rule_5; Decision_CourseLoadLimit_Rule_3; Decision_CourseRegistrationEligibility_Rule_2; Decision_CourseReplacementEligibility_Rule_2; Decision_CreditTransferExemption_Rule_2; Decision_GradePointsAndInterpretation_Rule_2; Decision_GradePointsAndInterpretation_Rule_7; Decision_GraduationEligibility_Rule_2; Decision_GraduationEligibility_Rule_3; Decision_SummerSemesterRegistration_Rule_3; Decision_SummerSemesterRegistration_Rule_4
54,True,False,Decision_GradePointsAndInterpretation_Rule_8,,11,Decision_AcademicWarningStatus_Rule_5; Decision_CourseLoadLimit_Rule_3; Decision_CourseRegistrationEligibility_Rule_2; Decision_CourseReplacementEligibility_Rule_2; Decision_CreditTransferExemption_Rule_2; Decision_GradePointsAndInterpretation_Rule_2; Decision_GradePointsAndInterpretation_Rule_8; Decision_GraduationEligibility_Rule_2; Decision_GraduationEligibility_Rule_3; Decision_SummerSemesterRegistration_Rule_3; Decision_SummerSemesterRegistration_Rule_4
55,True,False,Decision_GradePointsAndInterpretation_Rule_9,,11,Decision_AcademicWarningStatus_Rule_5; Decision_CourseLoadLimit_Rule_3; Decision_CourseRegistrationEligibility_Rule_2; Decision_CourseReplacementEligibility_Rule_2; Decision_CreditTransferExemption_Rule_2; Decision_GradePointsAndInterpretation_Rule_2; Decision_GradePointsAndInterpretation_Rule_9; Decision_GraduationEligibility_Rule_2; Decision_GraduationEligibility_Rule_3; Decision_SummerSemesterRegistration_Rule_3; Decision_SummerSemesterRegistration_Rule_4
56,True,False,Decision_GradePointsAndInterpretation_Rule_10,,11,Decision_AcademicWarningStatus_Rule_5; Decision_CourseLoadLimit_Rule_3; Decision_CourseRegistrationEligibility_Rule_2; Decision_CourseReplacementEligibility_Rule_2; Decision_CreditTransferExemption_Rule_2; Decision_GradePointsAndInterpretation_Rule_10; Decision_GradePointsAndInterpretation_Rule_2; Decision_GraduationEligibility_Rule_2; Decision_GraduationEligibility_Rule_3; Decision_SummerSemesterRegistration_Rule_3; Decision_SummerSemesterRegistration_Rule_4
57,True,False,Decision_GradePointsAndInterpretation_Rule_11,,15,Decision_AcademicWarningStatus_Rule_5; Decision_CourseLoadLimit_Rule_3; Decision_CourseRegistrationEligibility_Rule_2; Decision_CourseRegistrationEligibility_Rule_4; Decision_CourseReplacementEligibility_Rule_2; Decision_CourseReplacementEligibility_Rule_6; Decision_CreditTransferExemption_Rule_2; Decision_GradePointsAndInterpretation_Rule_11; Decision_GradePointsAndInterpretation_Rule_12; Decision_GradePointsAndInterpretation_Rule_2; Decision_GradePointsAndInterpretation_Rule_9; Decision_GraduationEligibility_Rule_2; Decision_GraduationEligibility_Rule_3; Decision_SummerSemesterRegistration_Rule_3; Decision_SummerSemesterRegistration_Rule_4
58,True,False,Decision_GradePointsAndInterpretation_Rule_12,,14,Decision_AcademicWarningStatus_Rule_5; Decision_CourseLoadLimit_Rule_3; Decision_CourseRegistrationEligibility_Rule_2; Decision_CourseReplacementEligibility_Rule_2; Decision_CourseReplacementEligibility_Rule_6; Decision_CreditTransferExemption_Rule_2; Decision_GradePointsAndInterpretation_Rule_12; Decision_GradePointsAndInterpretation_Rule_2; Decision_GradePointsAndInterpretation_Rule_7; Decision_GraduationEligibility_Rule_1; Decision_GraduationEligibility_Rule_2; Decision_GraduationEligibility_Rule_3; Decision_SummerSemesterRegistration_Rule_3; Decision_SummerSemesterRegistration_Rule_4
59,True,False,Decision_GradePointsAndInterpretation_Rule_13,,11,Decision_AcademicWarningStatus_Rule_5; Decision_CourseLoadLimit_Rule_3; Decision_CourseRegistrationEligibility_Rule_2; Decision_CourseReplacementEligibility_Rule_2; Decision_CreditTransferExemption_Rule_2; Decision_GradePointsAndInterpretation_Rule_13; Decision_GradePointsAndInterpretation_Rule_2; Decision_GraduationEligibility_Rule_2; Decision_GraduationEligibility_Rule_3; Decision_SummerSemesterRegistration_Rule_3; Decision_SummerSemesterRegistration_Rule_4
60,True,False,Decision_GradePointsAndInterpretation_Rule_14,,11,Decision_AcademicWarningStatus_Rule_5; Decision_CourseLoadLimit_Rule_3; Decision_CourseRegistrationEligibility_Rule_2; Decision_CourseReplacementEligibility_Rule_2; Decision_CreditTransferExemption_Rule_2; Decision_GradePointsAndInterpretation_Rule_14; Decision_GradePointsAndInterpretation_Rule_2; Decision_GraduationEligibility_Rule_2; Decision_GraduationEligibility_Rule_3; Decision_SummerSemesterRegistration_Rule_3; Decision_SummerSemesterRegistration_Rule_4
61,True,False,Decision_GradePointsAndInterpretation_Rule_15,,11,Decision_AcademicWarningStatus_Rule_5; Decision_CourseLoadLimit_Rule_3; Decision_CourseRegistrationEligibility_Rule_2; Decision_CourseReplacementEligibility_Rule_2; Decision_CreditTransferExemption_Rule_2; Decision_GradePointsAndInterpretation_Rule_15; Decision_GradePointsAndInterpretation_Rule_2; Decision_GraduationEligibility_Rule_2; Decision_GraduationEligibility_Rule_3; Decision_SummerSemesterRegistration_Rule_3; Decision_SummerSemesterRegistration_Rule_4
62,True,False,Decision_GraduationEligibility_Rule_1,,11,Decision_AcademicWarningStatus_Rule_5; Decision_CourseLoadLimit_Rule_3; Decision_CourseRegistrationEligibility_Rule_2; Decision_CourseReplacementEligibility_Rule_2; Decision_CreditTransferExemption_Rule_2; Decision_GradePointsAndInterpretation_Rule_2; Decision_GraduationEligibility_Rule_1; Decision_GraduationEligibility_Rule_2; Decision_GraduationEligibility_Rule_3; Decision_SummerSemesterRegistration_Rule_3; Decision_SummerSemesterRegistration_Rule_4
63,True,False,Decision_GraduationEligibility_Rule_3,,10,Decision_AcademicWarningStatus_Rule_5; Decision_CourseLoadLimit_Rule_3; Decision_CourseRegistrationEligibility_Rule_2; Decision_CourseReplacementEligibility_Rule_2; Decision_CreditTransferExemption_Rule_2; Decision_GradePointsAndInterpretation_Rule_2; Decision_GraduationEligibility_Rule_2; Decision_GraduationEligibility_Rule_3; Decision_SummerSemesterRegistration_Rule_3; Decision_SummerSemesterRegistration_Rule_4
64,True,False,Decision_GraduationEligibility_Rule_4,,17,Decision_AcademicWarningStatus_Rule_1; Decision_AcademicWarningStatus_Rule_5; Decision_CourseLoadLimit_Rule_1; Decision_CourseLoadLimit_Rule_3; Decision_CourseLoadLimit_Rule_4; Decision_CourseRegistrationEligibility_Rule_2; Decision_CourseRegistrationEligibility_Rule_3; Decision_CourseRegistrationEligibility_Rule_4; Decision_CourseReplacementEligibility_Rule_2; Decision_CreditTransferExemption_Rule_2; Decision_GradePointsAndInterpretation_Rule_2; Decision_GradePointsAndInterpretation_Rule_9; Decision_GraduationEligibility_Rule_2; Decision_GraduationEligibility_Rule_3; Decision_GraduationEligibility_Rule_4; Decision_SummerSemesterRegistration_Rule_3; Decision_SummerSemesterRegistration_Rule_4
65,True,False,Decision_GraduationEligibility_Rule_5,,18,Decision_AcademicWarningStatus_Rule_4; Decision_AcademicWarningStatus_Rule_5; Decision_AttendanceEligibility_Rule_2; Decision_CourseLoadLimit_Rule_2; Decision_CourseLoadLimit_Rule_3; Decision_CourseRegistrationEligibility_Rule_2; Decision_CourseRegistrationEligibility_Rule_4; Decision_CourseReplacementEligibility_Rule_2; Decision_CreditTransferExemption_Rule_2; Decision_GradePointsAndInterpretation_Rule_2; Decision_GradePointsAndInterpretation_Rule_3; Decision_GradePointsAndInterpretation_Rule_9; Decision_GraduationEligibility_Rule_1; Decision_GraduationEligibility_Rule_2; Decision_GraduationEligibility_Rule_3; Decision_GraduationEligibility_Rule_5; Decision_SummerSemesterRegistration_Rule_3; Decision_SummerSemesterRegistration_Rule_4
66,True,False,Decision_SummerSemesterRegistration_Rule_1,,18,Decision_AcademicWarningStatus_Rule_3; Decision_AcademicWarningStatus_Rule_5; Decision_CourseLoadLimit_Rule_1; Decision_CourseLoadLimit_Rule_3; Decision_CourseRegistrationEligibility_Rule_2; Decision_CourseReplacementEligibility_Rule_1; Decision_CourseReplacementEligibility_Rule_2; Decision_CourseReplacementEligibility_Rule_3; Decision_CreditTransferExemption_Rule_2; Decision_GradePointsAndInterpretation_Rule_12; Decision_GradePointsAndInterpretation_Rule_2; Decision_GradePointsAndInterpretation_Rule_4; Decision_GraduationEligibility_Rule_1; Decision_GraduationEligibility_Rule_2; Decision_GraduationEligibility_Rule_3; Decision_SummerSemesterRegistration_Rule_1; Decision_SummerSemesterRegistration_Rule_3; Decision_SummerSemesterRegistration_Rule_4
67,True,False,Decision_SummerSemesterRegistration_Rule_4,,15,Decision_AcademicWarningStatus_Rule_5; Decision_CourseLoadLimit_Rule_3; Decision_CourseRegistrationEligibility_Rule_2; Decision_CourseReplacementEligibility_Rule_2; Decision_CourseReplacementEligibility_Rule_6; Decision_CreditTransferExemption_Rule_2; Decision_GradePointsAndInterpretation_Rule_12; Decision_GradePointsAndInterpretation_Rule_2; Decision_GradePointsAndInterpretation_Rule_3; Decision_GradePointsAndInterpretation_Rule_7; Decision_GraduationEligibility_Rule_1; Decision_GraduationEligibility_Rule_2; Decision_GraduationEligibility_Rule_3; Decision_SummerSemesterRegistration_Rule_3; Decision_SummerSemesterRegistration_Rule_4
68,True,False,Decision_SummerSemesterRegistration_Rule_5,,22,Decision_AcademicWarningStatus_Rule_2; Decision_AcademicWarningStatus_Rule_3; Decision_AcademicWarningStatus_Rule_4; Decision_AcademicWarningStatus_Rule_5; Decision_AttendanceEligibility_Rule_2; Decision_CourseLoadLimit_Rule_1; Decision_CourseLoadLimit_Rule_2; Decision_CourseLoadLimit_Rule_3; Decision_CourseRegistrationEligibility_Rule_2; Decision_CourseRegistrationEligibility_Rule_4; Decision_CourseReplacementEligibility_Rule_2; Decision_CourseReplacementEligibility_Rule_6; Decision_CreditTransferExemption_Rule_2; Decision_GradePointsAndInterpretation_Rule_12; Decision_GradePointsAndInterpretation_Rule_13; Decision_GradePointsAndInterpretation_Rule_2; Decision_GradePointsAndInterpretation_Rule_5; Decision_GraduationEligibility_Rule_2; Decision_GraduationEligibility_Rule_3; Decision_SummerSemesterRegistration_Rule_3; Decision_SummerSemesterRegistration_Rule_4; Decision_SummerSemesterRegistration_Rule_5
69,False,True,,0,38,Decision_AcademicWarningStatus_Rule_1; Decision_AcademicWarningStatus_Rule_2; Decision_AcademicWarningStatus_Rule_3; Decision_AcademicWarningStatus_Rule_4; Decision_AcademicWarningStatus_Rule_5; Decision_AcademicWarningStatus_Rule_6; Decision_AttendanceEligibility_Rule_2; Decision_CourseLoadLimit_Rule_1; Decision_CourseLoadLimit_Rule_2; Decision_CourseLoadLimit_Rule_3; Decision_CourseLoadLimit_Rule_4; Decision_CourseRegistrationEligibility_Rule_1; Decision_CourseRegistrationEligibility_Rule_2; Decision_CourseRegistrationEligibility_Rule_3; Decision_CourseRegistrationEligibility_Rule_4; Decision_CourseReplacementEligibility_Rule_1; Decision_CourseReplacementEligibility_Rule_2; Decision_CourseReplacementEligibility_Rule_3; Decision_CreditTransferExemption_Rule_1; Decision_CreditTransferExemption_Rule_2; Decision_CreditTransferExemption_Rule_3; Decision_GradePointsAndInterpretation_Rule_1; Decision_GradePointsAndInterpretation_Rule_11; Decision_GradePointsAndInterpretation_Rule_12; Decision_GradePointsAndInterpretation_Rule_14; Decision_GradePointsAndInterpretation_Rule_15; Decision_GradePointsAndInterpretation_Rule_2; Decision_GradePointsAndInterpretation_Rule_6; Decision_GradePointsAndInterpretation_Rule_7; Decision_GradePointsAndInterpretation_Rule_9; Decision_GraduationEligibility_Rule_1; Decision_GraduationEligibility_Rule_2; Decision_GraduationEligibility_Rule_3; Decision_GraduationEligibility_Rule_4; Decision_GraduationEligibility_Rule_5; Decision_SummerSemesterRegistration_Rule_1; Decision_SummerSemesterRegistration_Rule_3; Decision_SummerSemesterRegistration_Rule_4
70,False,True,,1,38,Decision_AcademicWarningStatus_Rule_1; Decision_AcademicWarningStatus_Rule_2; Decision_AcademicWarningStatus_Rule_3; Decision_AcademicWarningStatus_Rule_4; Decision_AcademicWarningStatus_Rule_5; Decision_AcademicWarningStatus_Rule_6; Decision_AttendanceEligibility_Rule_2; Decision_CourseLoadLimit_Rule_1; Decision_CourseLoadLimit_Rule_2; Decision_CourseLoadLimit_Rule_3; Decision_CourseLoadLimit_Rule_4; Decision_CourseRegistrationEligibility_Rule_1; Decision_CourseRegistrationEligibility_Rule_2; Decision_CourseRegistrationEligibility_Rule_3; Decision_CourseRegistrationEligibility_Rule_4; Decision_CourseReplacementEligibility_Rule_1; Decision_CourseReplacementEligibility_Rule_2; Decision_CourseReplacementEligibility_Rule_3; Decision_CreditTransferExemption_Rule_1; Decision_CreditTransferExemption_Rule_2; Decision_CreditTransferExemption_Rule_3; Decision_GradePointsAndInterpretation_Rule_1; Decision_GradePointsAndInterpretation_Rule_10; Decision_GradePointsAndInterpretation_Rule_12; Decision_GradePointsAndInterpretation_Rule_13; Decision_GradePointsAndInterpretation_Rule_14; Decision_GradePointsAndInterpretation_Rule_15; Decision_GradePointsAndInterpretation_Rule_2; Decision_GradePointsAndInterpretation_Rule_4; Decision_GradePointsAndInterpretation_Rule_5; Decision_GradePointsAndInterpretation_Rule_6; Decision_GradePointsAndInterpretation_Rule_8; Decision_GradePointsAndInterpretation_Rule_9; Decision_GraduationEligibility_Rule_2; Decision_GraduationEligibility_Rule_3; Decision_SummerSemesterRegistration_Rule_1; Decision_SummerSemesterRegistration_Rule_3; Decision_SummerSemesterRegistration_Rule_4
71,False,True,,2,43,Decision_AcademicWarningStatus_Rule_1; Decision_AcademicWarningStatus_Rule_2; Decision_AcademicWarningStatus_Rule_3; Decision_AcademicWarningStatus_Rule_4; Decision_AcademicWarningStatus_Rule_5; Decision_AcademicWarningStatus_Rule_6; Decision_AttendanceEligibility_Rule_2; Decision_CourseLoadLimit_Rule_1; Decision_CourseLoadLimit_Rule_2; Decision_CourseLoadLimit_Rule_3; Decision_CourseLoadLimit_Rule_4; Decision_CourseRegistrationEligibility_Rule_1; Decision_CourseRegistrationEligibility_Rule_2; Decision_CourseRegistrationEligibility_Rule_3; Decision_CourseRegistrationEligibility_Rule_4; Decision_CourseReplacementEligibility_Rule_1; Decision_CourseReplacementEligibility_Rule_2; Decision_CourseReplacementEligibility_Rule_3; Decision_CourseReplacementEligibility_Rule_6; Decision_CreditTransferExemption_Rule_1; Decision_CreditTransferExemption_Rule_2; Decision_CreditTransferExemption_Rule_3; Decision_GradePointsAndInterpretation_Rule_1; Decision_GradePointsAndInterpretation_Rule_10; Decision_GradePointsAndInterpretation_Rule_11; Decision_GradePointsAndInterpretation_Rule_12; Decision_GradePointsAndInterpretation_Rule_13; Decision_GradePointsAndInterpretation_Rule_14; Decision_GradePointsAndInterpretation_Rule_2; Decision_GradePointsAndInterpretation_Rule_3; Decision_GradePointsAndInterpretation_Rule_4; Decision_GradePointsAndInterpretation_Rule_5; Decision_GradePointsAndInterpretation_Rule_6; Decision_GradePointsAndInterpretation_Rule_8; Decision_GradePointsAndInterpretation_Rule_9; Decision_GraduationEligibility_Rule_1; Decision_GraduationEligibility_Rule_2; Decision_GraduationEligibility_Rule_3; Decision_GraduationEligibility_Rule_4; Decision_SummerSemesterRegistration_Rule_1; Decision_SummerSemesterRegistration_Rule_3; Decision_SummerSemesterRegistration_Rule_4; Decision_SummerSemesterRegistration_Rule_5
72,False,True,,3,42,Decision_AcademicWarningStatus_Rule_1; Decision_AcademicWarningStatus_Rule_2; Decision_AcademicWarningStatus_Rule_3; Decision_AcademicWarningStatus_Rule_4; Decision_AcademicWarningStatus_Rule_5; Decision_AcademicWarningStatus_Rule_6; Decision_AttendanceEligibility_Rule_2; Decision_CourseLoadLimit_Rule_1; Decision_CourseLoadLimit_Rule_2; Decision_CourseLoadLimit_Rule_3; Decision_CourseLoadLimit_Rule_4; Decision_CourseRegistrationEligibility_Rule_1; Decision_CourseRegistrationEligibility_Rule_2; Decision_CourseRegistrationEligibility_Rule_3; Decision_CourseRegistrationEligibility_Rule_4; Decision_CourseReplacementEligibility_Rule_1; Decision_CourseReplacementEligibility_Rule_2; Decision_CourseReplacementEligibility_Rule_5; Decision_CourseReplacementEligibility_Rule_6; Decision_CreditTransferExemption_Rule_1; Decision_CreditTransferExemption_Rule_2; Decision_CreditTransferExemption_Rule_3; Decision_GradePointsAndInterpretation_Rule_1; Decision_GradePointsAndInterpretation_Rule_10; Decision_GradePointsAndInterpretation_Rule_11; Decision_GradePointsAndInterpretation_Rule_12; Decision_GradePointsAndInterpretation_Rule_13; Decision_GradePointsAndInterpretation_Rule_14; Decision_GradePointsAndInterpretation_Rule_2; Decision_GradePointsAndInterpretation_Rule_3; Decision_GradePointsAndInterpretation_Rule_4; Decision_GradePointsAndInterpretation_Rule_5; Decision_GradePointsAndInterpretation_Rule_6; Decision_GradePointsAndInterpretation_Rule_8; Decision_GradePointsAndInterpretation_Rule_9; Decision_GraduationEligibility_Rule_1; Decision_GraduationEligibility_Rule_2; Decision_GraduationEligibility_Rule_3; Decision_GraduationEligibility_Rule_4; Decision_SummerSemesterRegistration_Rule_1; Decision_SummerSemesterRegistration_Rule_4; Decision_SummerSemesterRegistration_Rule_5
73,False,True,,4,41,Decision_AcademicWarningStatus_Rule_1; Decision_AcademicWarningStatus_Rule_2; Decision_AcademicWarningStatus_Rule_3; Decision_AcademicWarningStatus_Rule_4; Decision_AcademicWarningStatus_Rule_5; Decision_AcademicWarningStatus_Rule_6; Decision_AttendanceEligibility_Rule_2; Decision_CourseLoadLimit_Rule_1; Decision_CourseLoadLimit_Rule_2; Decision_CourseLoadLimit_Rule_3; Decision_CourseLoadLimit_Rule_4; Decision_CourseRegistrationEligibility_Rule_1; Decision_CourseRegistrationEligibility_Rule_2; Decision_CourseRegistrationEligibility_Rule_3; Decision_CourseRegistrationEligibility_Rule_4; Decision_CourseReplacementEligibility_Rule_1; Decision_CourseReplacementEligibility_Rule_2; Decision_CourseReplacementEligibility_Rule_3; Decision_CourseReplacementEligibility_Rule_4; Decision_CourseReplacementEligibility_Rule_6; Decision_CreditTransferExemption_Rule_1; Decision_CreditTransferExemption_Rule_2; Decision_CreditTransferExemption_Rule_3; Decision_GradePointsAndInterpretation_Rule_1; Decision_GradePointsAndInterpretation_Rule_10; Decision_GradePointsAndInterpretation_Rule_11; Decision_GradePointsAndInterpretation_Rule_12; Decision_GradePointsAndInterpretation_Rule_14; Decision_GradePointsAndInterpretation_Rule_15; Decision_GradePointsAndInterpretation_Rule_2; Decision_GradePointsAndInterpretation_Rule_3; Decision_GradePointsAndInterpretation_Rule_4; Decision_GradePointsAndInterpretation_Rule_7; Decision_GradePointsAndInterpretation_Rule_9; Decision_GraduationEligibility_Rule_1; Decision_GraduationEligibility_Rule_2; Decision_GraduationEligibility_Rule_3; Decision_SummerSemesterRegistration_Rule_1; Decision_SummerSemesterRegistration_Rule_3; Decision_SummerSemesterRegistration_Rule_4; Decision_SummerSemesterRegistration_Rule_5
74,False,True,,5,41,Decision_AcademicWarningStatus_Rule_1; Decision_AcademicWarningStatus_Rule_2; Decision_AcademicWarningStatus_Rule_3; Decision_AcademicWarningStatus_Rule_4; Decision_AcademicWarningStatus_Rule_5; Decision_AcademicWarningStatus_Rule_6; Decision_AttendanceEligibility_Rule_2; Decision_CourseLoadLimit_Rule_1; Decision_CourseLoadLimit_Rule_3; Decision_CourseLoadLimit_Rule_4; Decision_CourseRegistrationEligibility_Rule_1; Decision_CourseRegistrationEligibility_Rule_2; Decision_CourseRegistrationEligibility_Rule_3; Decision_CourseRegistrationEligibility_Rule_4; Decision_CourseReplacementEligibility_Rule_1; Decision_CourseReplacementEligibility_Rule_2; Decision_CourseReplacementEligibility_Rule_6; Decision_CreditTransferExemption_Rule_1; Decision_CreditTransferExemption_Rule_2; Decision_CreditTransferExemption_Rule_3; Decision_GradePointsAndInterpretation_Rule_1; Decision_GradePointsAndInterpretation_Rule_10; Decision_GradePointsAndInterpretation_Rule_11; Decision_GradePointsAndInterpretation_Rule_12; Decision_GradePointsAndInterpretation_Rule_13; Decision_GradePointsAndInterpretation_Rule_15; Decision_GradePointsAndInterpretation_Rule_2; Decision_GradePointsAndInterpretation_Rule_4; Decision_GradePointsAndInterpretation_Rule_5; Decision_GradePointsAndInterpretation_Rule_6; Decision_GradePointsAndInterpretation_Rule_7; Decision_GradePointsAndInterpretation_Rule_8; Decision_GradePointsAndInterpretation_Rule_9; Decision_GraduationEligibility_Rule_1; Decision_GraduationEligibility_Rule_2; Decision_GraduationEligibility_Rule_3; Decision_GraduationEligibility_Rule_5; Decision_SummerSemesterRegistration_Rule_1; Decision_SummerSemesterRegistration_Rule_3; Decision_SummerSemesterRegistration_Rule_4; Decision_SummerSemesterRegistration_Rule_5
75,False,True,,6,43,Decision_AcademicWarningStatus_Rule_1; Decision_AcademicWarningStatus_Rule_2; Decision_AcademicWarningStatus_Rule_3; Decision_AcademicWarningStatus_Rule_4; Decision_AcademicWarningStatus_Rule_5; Decision_AcademicWarningStatus_Rule_6; Decision_AttendanceEligibility_Rule_2; Decision_CourseLoadLimit_Rule_1; Decision_CourseLoadLimit_Rule_2; Decision_CourseLoadLimit_Rule_3; Decision_CourseLoadLimit_Rule_4; Decision_CourseRegistrationEligibility_Rule_1; Decision_CourseRegistrationEligibility_Rule_2; Decision_CourseRegistrationEligibility_Rule_3; Decision_CourseRegistrationEligibility_Rule_4; Decision_CourseReplacementEligibility_Rule_1; Decision_CourseReplacementEligibility_Rule_2; Decision_CourseReplacementEligibility_Rule_3; Decision_CourseReplacementEligibility_Rule_6; Decision_CreditTransferExemption_Rule_1; Decision_CreditTransferExemption_Rule_2; Decision_CreditTransferExemption_Rule_3; Decision_GradePointsAndInterpretation_Rule_1; Decision_GradePointsAndInterpretation_Rule_10; Decision_GradePointsAndInterpretation_Rule_11; Decision_GradePointsAndInterpretation_Rule_12; Decision_GradePointsAndInterpretation_Rule_13; Decision_GradePointsAndInterpretation_Rule_15; Decision_GradePointsAndInterpretation_Rule_2; Decision_GradePointsAndInterpretation_Rule_4; Decision_GradePointsAndInterpretation_Rule_5; Decision_GradePointsAndInterpretation_Rule_6; Decision_GradePointsAndInterpretation_Rule_7; Decision_GradePointsAndInterpretation_Rule_8; Decision_GradePointsAndInterpretation_Rule_9; Decision_GraduationEligibility_Rule_1; Decision_GraduationEligibility_Rule_2; Decision_GraduationEligibility_Rule_3; Decision_GraduationEligibility_Rule_4; Decision_SummerSemesterRegistration_Rule_1; Decision_SummerSemesterRegistration_Rule_3; Decision_SummerSemesterRegistration_Rule_4; Decision_SummerSemesterRegistration_Rule_5
76,False,True,,7,45,Decision_AcademicWarningStatus_Rule_1; Decision_AcademicWarningStatus_Rule_2; Decision_AcademicWarningStatus_Rule_3; Decision_AcademicWarningStatus_Rule_4; Decision_AcademicWarningStatus_Rule_5; Decision_AcademicWarningStatus_Rule_6; Decision_AttendanceEligibility_Rule_1; Decision_AttendanceEligibility_Rule_2; Decision_CourseLoadLimit_Rule_1; Decision_CourseLoadLimit_Rule_2; Decision_CourseLoadLimit_Rule_3; Decision_CourseLoadLimit_Rule_4; Decision_CourseRegistrationEligibility_Rule_1; Decision_CourseRegistrationEligibility_Rule_2; Decision_CourseRegistrationEligibility_Rule_3; Decision_CourseRegistrationEligibility_Rule_4; Decision_CourseReplacementEligibility_Rule_1; Decision_CourseReplacementEligibility_Rule_2; Decision_CourseReplacementEligibility_Rule_3; Decision_CourseReplacementEligibility_Rule_6; Decision_CreditTransferExemption_Rule_1; Decision_CreditTransferExemption_Rule_2; Decision_CreditTransferExemption_Rule_3; Decision_GradePointsAndInterpretation_Rule_1; Decision_GradePointsAndInterpretation_Rule_10; Decision_GradePointsAndInterpretation_Rule_11; Decision_GradePointsAndInterpretation_Rule_12; Decision_GradePointsAndInterpretation_Rule_13; Decision_GradePointsAndInterpretation_Rule_15; Decision_GradePointsAndInterpretation_Rule_2; Decision_GradePointsAndInterpretation_Rule_3; Decision_GradePointsAndInterpretation_Rule_4; Decision_GradePointsAndInterpretation_Rule_5; Decision_GradePointsAndInterpretation_Rule_6; Decision_GradePointsAndInterpretation_Rule_7; Decision_GradePointsAndInterpretation_Rule_8; Decision_GradePointsAndInterpretation_Rule_9; Decision_GraduationEligibility_Rule_1; Decision_GraduationEligibility_Rule_2; Decision_GraduationEligibility_Rule_3; Decision_GraduationEligibility_Rule_5; Decision_SummerSemesterRegistration_Rule_1; Decision_SummerSemesterRegistration_Rule_3; Decision_SummerSemesterRegistration_Rule_4; Decision_SummerSemesterRegistration_Rule_5
77,False,True,,8,41,Decision_AcademicWarningStatus_Rule_1; Decision_AcademicWarningStatus_Rule_2; Decision_AcademicWarningStatus_Rule_3; Decision_AcademicWarningStatus_Rule_4; Decision_AcademicWarningStatus_Rule_5; Decision_AcademicWarningStatus_Rule_6; Decision_AttendanceEligibility_Rule_1; Decision_AttendanceEligibility_Rule_2; Decision_CourseLoadLimit_Rule_1; Decision_CourseLoadLimit_Rule_3; Decision_CourseLoadLimit_Rule_4; Decision_CourseRegistrationEligibility_Rule_1; Decision_CourseRegistrationEligibility_Rule_2; Decision_CourseRegistrationEligibility_Rule_3; Decision_CourseRegistrationEligibility_Rule_4; Decision_CourseReplacementEligibility_Rule_1; Decision_CourseReplacementEligibility_Rule_2; Decision_CourseReplacementEligibility_Rule_3; Decision_CourseReplacementEligibility_Rule_6; Decision_CreditTransferExemption_Rule_1; Decision_CreditTransferExemption_Rule_2; Decision_CreditTransferExemption_Rule_3; Decision_GradePointsAndInterpretation_Rule_1; Decision_GradePointsAndInterpretation_Rule_10; Decision_GradePointsAndInterpretation_Rule_11; Decision_GradePointsAndInterpretation_Rule_12; Decision_GradePointsAndInterpretation_Rule_13; Decision_GradePointsAndInterpretation_Rule_15; Decision_GradePointsAndInterpretation_Rule_2; Decision_GradePointsAndInterpretation_Rule_4; Decision_GradePointsAndInterpretation_Rule_5; Decision_GradePointsAndInterpretation_Rule_6; Decision_GradePointsAndInterpretation_Rule_7; Decision_GradePointsAndInterpretation_Rule_8; Decision_GradePointsAndInterpretation_Rule_9; Decision_GraduationEligibility_Rule_1; Decision_GraduationEligibility_Rule_2; Decision_GraduationEligibility_Rule_3; Decision_SummerSemesterRegistration_Rule_1; Decision_SummerSemesterRegistration_Rule_4; Decision_SummerSemesterRegistration_Rule_5
78,False,True,,9,41,Decision_AcademicWarningStatus_Rule_1; Decision_AcademicWarningStatus_Rule_2; Decision_AcademicWarningStatus_Rule_3; Decision_AcademicWarningStatus_Rule_4; Decision_AcademicWarningStatus_Rule_5; Decision_AcademicWarningStatus_Rule_6; Decision_AttendanceEligibility_Rule_2; Decision_CourseLoadLimit_Rule_1; Decision_CourseLoadLimit_Rule_2; Decision_CourseLoadLimit_Rule_3; Decision_CourseLoadLimit_Rule_4; Decision_CourseRegistrationEligibility_Rule_1; Decision_CourseRegistrationEligibility_Rule_2; Decision_CourseRegistrationEligibility_Rule_3; Decision_CourseRegistrationEligibility_Rule_4; Decision_CourseReplacementEligibility_Rule_1; Decision_CourseReplacementEligibility_Rule_2; Decision_CourseReplacementEligibility_Rule_5; Decision_CourseReplacementEligibility_Rule_6; Decision_CreditTransferExemption_Rule_1; Decision_CreditTransferExemption_Rule_2; Decision_CreditTransferExemption_Rule_3; Decision_GradePointsAndInterpretation_Rule_1; Decision_GradePointsAndInterpretation_Rule_10; Decision_GradePointsAndInterpretation_Rule_11; Decision_GradePointsAndInterpretation_Rule_12; Decision_GradePointsAndInterpretation_Rule_13; Decision_GradePointsAndInterpretation_Rule_14; Decision_GradePointsAndInterpretation_Rule_2; Decision_GradePointsAndInterpretation_Rule_3; Decision_GradePointsAndInterpretation_Rule_4; Decision_GradePointsAndInterpretation_Rule_5; Decision_GradePointsAndInterpretation_Rule_8; Decision_GradePointsAndInterpretation_Rule_9; Decision_GraduationEligibility_Rule_1; Decision_GraduationEligibility_Rule_2; Decision_GraduationEligibility_Rule_3; Decision_SummerSemesterRegistration_Rule_1; Decision_SummerSemesterRegistration_Rule_3; Decision_SummerSemesterRegistration_Rule_4; Decision_SummerSemesterRegistration_Rule_5
79,False,True,,10,37,Decision_AcademicWarningStatus_Rule_1; Decision_AcademicWarningStatus_Rule_2; Decision_AcademicWarningStatus_Rule_3; Decision_AcademicWarningStatus_Rule_4; Decision_AcademicWarningStatus_Rule_5; Decision_AcademicWarningStatus_Rule_6; Decision_AttendanceEligibility_Rule_2; Decision_CourseLoadLimit_Rule_1; Decision_CourseLoadLimit_Rule_2; Decision_CourseLoadLimit_Rule_3; Decision_CourseLoadLimit_Rule_4; Decision_CourseRegistrationEligibility_Rule_1; Decision_CourseRegistrationEligibility_Rule_2; Decision_CourseRegistrationEligibility_Rule_3; Decision_CourseRegistrationEligibility_Rule_4; Decision_CourseReplacementEligibility_Rule_1; Decision_CourseReplacementEligibility_Rule_2; Decision_CourseReplacementEligibility_Rule_3; Decision_CreditTransferExemption_Rule_1; Decision_CreditTransferExemption_Rule_2; Decision_CreditTransferExemption_Rule_3; Decision_GradePointsAndInterpretation_Rule_1; Decision_GradePointsAndInterpretation_Rule_11; Decision_GradePointsAndInterpretation_Rule_12; Decision_GradePointsAndInterpretation_Rule_14; Decision_GradePointsAndInterpretation_Rule_15; Decision_GradePointsAndInterpretation_Rule_2; Decision_GradePointsAndInterpretation_Rule_6; Decision_GradePointsAndInterpretation_Rule_7; Decision_GradePointsAndInterpretation_Rule_9; Decision_GraduationEligibility_Rule_1; Decision_GraduationEligibility_Rule_2; Decision_GraduationEligibility_Rule_3; Decision_GraduationEligibility_Rule_4; Decision_GraduationEligibility_Rule_5; Decision_SummerSemesterRegistration_Rule_1; Decision_SummerSemesterRegistration_Rule_4
80,False,True,,11,42,Decision_AcademicWarningStatus_Rule_1; Decision_AcademicWarningStatus_Rule_2; Decision_AcademicWarningStatus_Rule_3; Decision_AcademicWarningStatus_Rule_4; Decision_AcademicWarningStatus_Rule_5; Decision_AcademicWarningStatus_Rule_6; Decision_AttendanceEligibility_Rule_2; Decision_CourseLoadLimit_Rule_1; Decision_CourseLoadLimit_Rule_2; Decision_CourseLoadLimit_Rule_3; Decision_CourseLoadLimit_Rule_4; Decision_CourseRegistrationEligibility_Rule_1; Decision_CourseRegistrationEligibility_Rule_2; Decision_CourseRegistrationEligibility_Rule_3; Decision_CourseRegistrationEligibility_Rule_4; Decision_CourseReplacementEligibility_Rule_1; Decision_CourseReplacementEligibility_Rule_2; Decision_CourseReplacementEligibility_Rule_6; Decision_CreditTransferExemption_Rule_1; Decision_CreditTransferExemption_Rule_2; Decision_CreditTransferExemption_Rule_3; Decision_GradePointsAndInterpretation_Rule_1; Decision_GradePointsAndInterpretation_Rule_10; Decision_GradePointsAndInterpretation_Rule_11; Decision_GradePointsAndInterpretation_Rule_12; Decision_GradePointsAndInterpretation_Rule_13; Decision_GradePointsAndInterpretation_Rule_14; Decision_GradePointsAndInterpretation_Rule_2; Decision_GradePointsAndInterpretation_Rule_3; Decision_GradePointsAndInterpretation_Rule_4; Decision_GradePointsAndInterpretation_Rule_5; Decision_GradePointsAndInterpretation_Rule_6; Decision_GradePointsAndInterpretation_Rule_7; Decision_GradePointsAndInterpretation_Rule_8; Decision_GradePointsAndInterpretation_Rule_9; Decision_GraduationEligibility_Rule_1; Decision_GraduationEligibility_Rule_2; Decision_GraduationEligibility_Rule_3; Decision_SummerSemesterRegistration_Rule_1; Decision_SummerSemesterRegistration_Rule_3; Decision_SummerSemesterRegistration_Rule_4; Decision_SummerSemesterRegistration_Rule_5
81,False,True,,12,37,Decision_AcademicWarningStatus_Rule_1; Decision_AcademicWarningStatus_Rule_2; Decision_AcademicWarningStatus_Rule_3; Decision_AcademicWarningStatus_Rule_4; Decision_AcademicWarningStatus_Rule_5; Decision_AcademicWarningStatus_Rule_6; Decision_AttendanceEligibility_Rule_2; Decision_CourseLoadLimit_Rule_1; Decision_CourseLoadLimit_Rule_2; Decision_CourseLoadLimit_Rule_3; Decision_CourseLoadLimit_Rule_4; Decision_CourseRegistrationEligibility_Rule_1; Decision_CourseRegistrationEligibility_Rule_2; Decision_CourseRegistrationEligibility_Rule_3; Decision_CourseRegistrationEligibility_Rule_4; Decision_CourseReplacementEligibility_Rule_1; Decision_CourseReplacementEligibility_Rule_2; Decision_CourseReplacementEligibility_Rule_4; Decision_CreditTransferExemption_Rule_1; Decision_CreditTransferExemption_Rule_2; Decision_CreditTransferExemption_Rule_3; Decision_GradePointsAndInterpretation_Rule_1; Decision_GradePointsAndInterpretation_Rule_11; Decision_GradePointsAndInterpretation_Rule_12; Decision_GradePointsAndInterpretation_Rule_14; Decision_GradePointsAndInterpretation_Rule_15; Decision_GradePointsAndInterpretation_Rule_2; Decision_GradePointsAndInterpretation_Rule_6; Decision_GradePointsAndInterpretation_Rule_7; Decision_GradePointsAndInterpretation_Rule_9; Decision_GraduationEligibility_Rule_1; Decision_GraduationEligibility_Rule_2; Decision_GraduationEligibility_Rule_3; Decision_GraduationEligibility_Rule_4; Decision_SummerSemesterRegistration_Rule_1; Decision_SummerSemesterRegistration_Rule_4; Decision_SummerSemesterRegistration_Rule_5
82,False,True,,13,36,Decision_AcademicWarningStatus_Rule_1; Decision_AcademicWarningStatus_Rule_2; Decision_AcademicWarningStatus_Rule_3; Decision_AcademicWarningStatus_Rule_4; Decision_AcademicWarningStatus_Rule_5; Decision_AcademicWarningStatus_Rule_6; Decision_AttendanceEligibility_Rule_2; Decision_CourseLoadLimit_Rule_1; Decision_CourseLoadLimit_Rule_2; Decision_CourseLoadLimit_Rule_3; Decision_CourseLoadLimit_Rule_4; Decision_CourseRegistrationEligibility_Rule_1; Decision_CourseRegistrationEligibility_Rule_2; Decision_CourseRegistrationEligibility_Rule_3; Decision_CourseRegistrationEligibility_Rule_4; Decision_CourseReplacementEligibility_Rule_1; Decision_CourseReplacementEligibility_Rule_2; Decision_CourseReplacementEligibility_Rule_4; Decision_CreditTransferExemption_Rule_1; Decision_CreditTransferExemption_Rule_2; Decision_CreditTransferExemption_Rule_3; Decision_GradePointsAndInterpretation_Rule_1; Decision_GradePointsAndInterpretation_Rule_11; Decision_GradePointsAndInterpretation_Rule_12; Decision_GradePointsAndInterpretation_Rule_14; Decision_GradePointsAndInterpretation_Rule_15; Decision_GradePointsAndInterpretation_Rule_2; Decision_GradePointsAndInterpretation_Rule_6; Decision_GradePointsAndInterpretation_Rule_7; Decision_GradePointsAndInterpretation_Rule_9; Decision_GraduationEligibility_Rule_1; Decision_GraduationEligibility_Rule_2; Decision_GraduationEligibility_Rule_3; Decision_SummerSemesterRegistration_Rule_1; Decision_SummerSemesterRegistration_Rule_3; Decision_SummerSemesterRegistration_Rule_4
83,False,True,,14,41,Decision_AcademicWarningStatus_Rule_1; Decision_AcademicWarningStatus_Rule_2; Decision_AcademicWarningStatus_Rule_3; Decision_AcademicWarningStatus_Rule_4; Decision_AcademicWarningStatus_Rule_5; Decision_AcademicWarningStatus_Rule_6; Decision_AttendanceEligibility_Rule_1; Decision_AttendanceEligibility_Rule_2; Decision_CourseLoadLimit_Rule_1; Decision_CourseLoadLimit_Rule_2; Decision_CourseLoadLimit_Rule_3; Decision_CourseLoadLimit_Rule_4; Decision_CourseRegistrationEligibility_Rule_1; Decision_CourseRegistrationEligibility_Rule_2; Decision_CourseRegistrationEligibility_Rule_3; Decision_CourseRegistrationEligibility_Rule_4; Decision_CourseReplacementEligibility_Rule_1; Decision_CourseReplacementEligibility_Rule_2; Decision_CourseReplacementEligibility_Rule_4; Decision_CourseReplacementEligibility_Rule_6; Decision_CreditTransferExemption_Rule_1; Decision_CreditTransferExemption_Rule_2; Decision_CreditTransferExemption_Rule_3; Decision_GradePointsAndInterpretation_Rule_1; Decision_GradePointsAndInterpretation_Rule_10; Decision_GradePointsAndInterpretation_Rule_11; Decision_GradePointsAndInterpretation_Rule_12; Decision_GradePointsAndInterpretation_Rule_14; Decision_GradePointsAndInterpretation_Rule_15; Decision_GradePointsAndInterpretation_Rule_2; Decision_GradePointsAndInterpretation_Rule_3; Decision_GradePointsAndInterpretation_Rule_4; Decision_GradePointsAndInterpretation_Rule_7; Decision_GradePointsAndInterpretation_Rule_9; Decision_GraduationEligibility_Rule_1; Decision_GraduationEligibility_Rule_2; Decision_GraduationEligibility_Rule_3; Decision_GraduationEligibility_Rule_5; Decision_SummerSemesterRegistration_Rule_1; Decision_SummerSemesterRegistration_Rule_4; Decision_SummerSemesterRegistration_Rule_5
84,False,True,,15,43,Decision_AcademicWarningStatus_Rule_1; Decision_AcademicWarningStatus_Rule_2; Decision_AcademicWarningStatus_Rule_3; Decision_AcademicWarningStatus_Rule_4; Decision_AcademicWarningStatus_Rule_5; Decision_AcademicWarningStatus_Rule_6; Decision_AttendanceEligibility_Rule_2; Decision_CourseLoadLimit_Rule_1; Decision_CourseLoadLimit_Rule_2; Decision_CourseLoadLimit_Rule_3; Decision_CourseLoadLimit_Rule_4; Decision_CourseRegistrationEligibility_Rule_1; Decision_CourseRegistrationEligibility_Rule_2; Decision_CourseRegistrationEligibility_Rule_3; Decision_CourseRegistrationEligibility_Rule_4; Decision_CourseReplacementEligibility_Rule_1; Decision_CourseReplacementEligibility_Rule_2; Decision_CourseReplacementEligibility_Rule_3; Decision_CourseReplacementEligibility_Rule_6; Decision_CreditTransferExemption_Rule_1; Decision_CreditTransferExemption_Rule_2; Decision_CreditTransferExemption_Rule_3; Decision_GradePointsAndInterpretation_Rule_1; Decision_GradePointsAndInterpretation_Rule_10; Decision_GradePointsAndInterpretation_Rule_11; Decision_GradePointsAndInterpretation_Rule_12; Decision_GradePointsAndInterpretation_Rule_13; Decision_GradePointsAndInterpretation_Rule_14; Decision_GradePointsAndInterpretation_Rule_2; Decision_GradePointsAndInterpretation_Rule_3; Decision_GradePointsAndInterpretation_Rule_4; Decision_GradePointsAndInterpretation_Rule_5; Decision_GradePointsAndInterpretation_Rule_6; Decision_GradePointsAndInterpretation_Rule_8; Decision_GradePointsAndInterpretation_Rule_9; Decision_GraduationEligibility_Rule_1; Decision_GraduationEligibility_Rule_2; Decision_GraduationEligibility_Rule_3; Decision_GraduationEligibility_Rule_4; Decision_SummerSemesterRegistration_Rule_1; Decision_SummerSemesterRegistration_Rule_3; Decision_SummerSemesterRegistration_Rule_4; Decision_SummerSemesterRegistration_Rule_5
85,False,True,,16,44,Decision_AcademicWarningStatus_Rule_1; Decision_AcademicWarningStatus_Rule_2; Decision_AcademicWarningStatus_Rule_3; Decision_AcademicWarningStatus_Rule_4; Decision_AcademicWarningStatus_Rule_5; Decision_AcademicWarningStatus_Rule_6; Decision_AttendanceEligibility_Rule_1; Decision_AttendanceEligibility_Rule_2; Decision_CourseLoadLimit_Rule_1; Decision_CourseLoadLimit_Rule_2; Decision_CourseLoadLimit_Rule_3; Decision_CourseLoadLimit_Rule_4; Decision_CourseRegistrationEligibility_Rule_1; Decision_CourseRegistrationEligibility_Rule_2; Decision_CourseRegistrationEligibility_Rule_3; Decision_CourseRegistrationEligibility_Rule_4; Decision_CourseReplacementEligibility_Rule_1; Decision_CourseReplacementEligibility_Rule_2; Decision_CourseReplacementEligibility_Rule_3; Decision_CourseReplacementEligibility_Rule_4; Decision_CourseReplacementEligibility_Rule_6; Decision_CreditTransferExemption_Rule_1; Decision_CreditTransferExemption_Rule_2; Decision_CreditTransferExemption_Rule_3; Decision_GradePointsAndInterpretation_Rule_1; Decision_GradePointsAndInterpretation_Rule_10; Decision_GradePointsAndInterpretation_Rule_11; Decision_GradePointsAndInterpretation_Rule_12; Decision_GradePointsAndInterpretation_Rule_14; Decision_GradePointsAndInterpretation_Rule_15; Decision_GradePointsAndInterpretation_Rule_2; Decision_GradePointsAndInterpretation_Rule_3; Decision_GradePointsAndInterpretation_Rule_5; Decision_GradePointsAndInterpretation_Rule_7; Decision_GradePointsAndInterpretation_Rule_9; Decision_GraduationEligibility_Rule_1; Decision_GraduationEligibility_Rule_2; Decision_GraduationEligibility_Rule_3; Decision_GraduationEligibility_Rule_4; Decision_GraduationEligibility_Rule_5; Decision_SummerSemesterRegistration_Rule_1; Decision_SummerSemesterRegistration_Rule_3; Decision_SummerSemesterRegistration_Rule_4; Decision_SummerSemesterRegistration_Rule_5
86,False,True,,17,41,Decision_AcademicWarningStatus_Rule_1; Decision_AcademicWarningStatus_Rule_2; Decision_AcademicWarningStatus_Rule_3; Decision_AcademicWarningStatus_Rule_4; Decision_AcademicWarningStatus_Rule_5; Decision_AcademicWarningStatus_Rule_6; Decision_AttendanceEligibility_Rule_1; Decision_AttendanceEligibility_Rule_2; Decision_CourseLoadLimit_Rule_1; Decision_CourseLoadLimit_Rule_2; Decision_CourseLoadLimit_Rule_3; Decision_CourseLoadLimit_Rule_4; Decision_CourseRegistrationEligibility_Rule_1; Decision_CourseRegistrationEligibility_Rule_2; Decision_CourseRegistrationEligibility_Rule_3; Decision_CourseRegistrationEligibility_Rule_4; Decision_CourseReplacementEligibility_Rule_1; Decision_CourseReplacementEligibility_Rule_2; Decision_CourseReplacementEligibility_Rule_3; Decision_CourseReplacementEligibility_Rule_6; Decision_CreditTransferExemption_Rule_1; Decision_CreditTransferExemption_Rule_2; Decision_CreditTransferExemption_Rule_3; Decision_GradePointsAndInterpretation_Rule_1; Decision_GradePointsAndInterpretation_Rule_10; Decision_GradePointsAndInterpretation_Rule_11; Decision_GradePointsAndInterpretation_Rule_12; Decision_GradePointsAndInterpretation_Rule_14; Decision_GradePointsAndInterpretation_Rule_15; Decision_GradePointsAndInterpretation_Rule_2; Decision_GradePointsAndInterpretation_Rule_3; Decision_GradePointsAndInterpretation_Rule_5; Decision_GradePointsAndInterpretation_Rule_7; Decision_GradePointsAndInterpretation_Rule_9; Decision_GraduationEligibility_Rule_1; Decision_GraduationEligibility_Rule_2; Decision_GraduationEligibility_Rule_3; Decision_GraduationEligibility_Rule_5; Decision_SummerSemesterRegistration_Rule_1; Decision_SummerSemesterRegistration_Rule_4; Decision_SummerSemesterRegistration_Rule_5
87,False,True,,18,43,Decision_AcademicWarningStatus_Rule_1; Decision_AcademicWarningStatus_Rule_2; Decision_AcademicWarningStatus_Rule_3; Decision_AcademicWarningStatus_Rule_4; Decision_AcademicWarningStatus_Rule_5; Decision_AcademicWarningStatus_Rule_6; Decision_AttendanceEligibility_Rule_1; Decision_AttendanceEligibility_Rule_2; Decision_CourseLoadLimit_Rule_1; Decision_CourseLoadLimit_Rule_2; Decision_CourseLoadLimit_Rule_3; Decision_CourseLoadLimit_Rule_4; Decision_CourseRegistrationEligibility_Rule_1; Decision_CourseRegistrationEligibility_Rule_2; Decision_CourseRegistrationEligibility_Rule_3; Decision_CourseRegistrationEligibility_Rule_4; Decision_CourseReplacementEligibility_Rule_1; Decision_CourseReplacementEligibility_Rule_2; Decision_CourseReplacementEligibility_Rule_5; Decision_CourseReplacementEligibility_Rule_6; Decision_CreditTransferExemption_Rule_1; Decision_CreditTransferExemption_Rule_2; Decision_CreditTransferExemption_Rule_3; Decision_GradePointsAndInterpretation_Rule_1; Decision_GradePointsAndInterpretation_Rule_10; Decision_GradePointsAndInterpretation_Rule_11; Decision_GradePointsAndInterpretation_Rule_12; Decision_GradePointsAndInterpretation_Rule_13; Decision_GradePointsAndInterpretation_Rule_14; Decision_GradePointsAndInterpretation_Rule_2; Decision_GradePointsAndInterpretation_Rule_3; Decision_GradePointsAndInterpretation_Rule_4; Decision_GradePointsAndInterpretation_Rule_5; Decision_GradePointsAndInterpretation_Rule_8; Decision_GradePointsAndInterpretation_Rule_9; Decision_GraduationEligibility_Rule_1; Decision_GraduationEligibility_Rule_2; Decision_GraduationEligibility_Rule_3; Decision_GraduationEligibility_Rule_5; Decision_SummerSemesterRegistration_Rule_1; Decision_SummerSemesterRegistration_Rule_3; Decision_SummerSemesterRegistration_Rule_4; Decision_SummerSemesterRegistration_Rule_5
88,False,True,,19,36,Decision_AcademicWarningStatus_Rule_1; Decision_AcademicWarningStatus_Rule_2; Decision_AcademicWarningStatus_Rule_3; Decision_AcademicWarningStatus_Rule_4; Decision_AcademicWarningStatus_Rule_5; Decision_AcademicWarningStatus_Rule_6; Decision_AttendanceEligibility_Rule_2; Decision_CourseLoadLimit_Rule_1; Decision_CourseLoadLimit_Rule_2; Decision_CourseLoadLimit_Rule_3; Decision_CourseLoadLimit_Rule_4; Decision_CourseRegistrationEligibility_Rule_1; Decision_CourseRegistrationEligibility_Rule_2; Decision_CourseRegistrationEligibility_Rule_3; Decision_CourseRegistrationEligibility_Rule_4; Decision_CourseReplacementEligibility_Rule_1; Decision_CourseReplacementEligibility_Rule_2; Decision_CourseReplacementEligibility_Rule_4; Decision_CreditTransferExemption_Rule_1; Decision_CreditTransferExemption_Rule_2; Decision_CreditTransferExemption_Rule_3; Decision_GradePointsAndInterpretation_Rule_1; Decision_GradePointsAndInterpretation_Rule_11; Decision_GradePointsAndInterpretation_Rule_12; Decision_GradePointsAndInterpretation_Rule_14; Decision_GradePointsAndInterpretation_Rule_15; Decision_GradePointsAndInterpretation_Rule_2; Decision_GradePointsAndInterpretation_Rule_6; Decision_GradePointsAndInterpretation_Rule_7; Decision_GradePointsAndInterpretation_Rule_9; Decision_GraduationEligibility_Rule_1; Decision_GraduationEligibility_Rule_2; Decision_GraduationEligibility_Rule_3; Decision_SummerSemesterRegistration_Rule_1; Decision_SummerSemesterRegistration_Rule_3; Decision_SummerSemesterRegistration_Rule_4
89,False,True,,20,41,Decision_AcademicWarningStatus_Rule_1; Decision_AcademicWarningStatus_Rule_2; Decision_AcademicWarningStatus_Rule_3; Decision_AcademicWarningStatus_Rule_4; Decision_AcademicWarningStatus_Rule_5; Decision_AcademicWarningStatus_Rule_6; Decision_AttendanceEligibility_Rule_2; Decision_CourseLoadLimit_Rule_1; Decision_CourseLoadLimit_Rule_2; Decision_CourseLoadLimit_Rule_3; Decision_CourseLoadLimit_Rule_4; Decision_CourseRegistrationEligibility_Rule_1; Decision_CourseRegistrationEligibility_Rule_2; Decision_CourseRegistrationEligibility_Rule_3; Decision_CourseRegistrationEligibility_Rule_4; Decision_CourseReplacementEligibility_Rule_1; Decision_CourseReplacementEligibility_Rule_2; Decision_CourseReplacementEligibility_Rule_3; Decision_CourseReplacementEligibility_Rule_4; Decision_CourseReplacementEligibility_Rule_6; Decision_CreditTransferExemption_Rule_1; Decision_CreditTransferExemption_Rule_2; Decision_CreditTransferExemption_Rule_3; Decision_GradePointsAndInterpretation_Rule_1; Decision_GradePointsAndInterpretation_Rule_10; Decision_GradePointsAndInterpretation_Rule_11; Decision_GradePointsAndInterpretation_Rule_12; Decision_GradePointsAndInterpretation_Rule_14; Decision_GradePointsAndInterpretation_Rule_15; Decision_GradePointsAndInterpretation_Rule_2; Decision_GradePointsAndInterpretation_Rule_3; Decision_GradePointsAndInterpretation_Rule_4; Decision_GradePointsAndInterpretation_Rule_7; Decision_GradePointsAndInterpretation_Rule_9; Decision_GraduationEligibility_Rule_1; Decision_GraduationEligibility_Rule_2; Decision_GraduationEligibility_Rule_3; Decision_SummerSemesterRegistration_Rule_1; Decision_SummerSemesterRegistration_Rule_3; Decision_SummerSemesterRegistration_Rule_4; Decision_SummerSemesterRegistration_Rule_5
90,False,True,,21,39,Decision_AcademicWarningStatus_Rule_1; Decision_AcademicWarningStatus_Rule_2; Decision_AcademicWarningStatus_Rule_3; Decision_AcademicWarningStatus_Rule_4; Decision_AcademicWarningStatus_Rule_5; Decision_AcademicWarningStatus_Rule_6; Decision_AttendanceEligibility_Rule_2; Decision_CourseLoadLimit_Rule_1; Decision_CourseLoadLimit_Rule_2; Decision_CourseLoadLimit_Rule_3; Decision_CourseLoadLimit_Rule_4; Decision_CourseRegistrationEligibility_Rule_1; Decision_CourseRegistrationEligibility_Rule_2; Decision_CourseRegistrationEligibility_Rule_3; Decision_CourseRegistrationEligibility_Rule_4; Decision_CourseReplacementEligibility_Rule_1; Decision_CourseReplacementEligibility_Rule_2; Decision_CourseReplacementEligibility_Rule_3; Decision_CourseReplacementEligibility_Rule_4; Decision_CourseReplacementEligibility_Rule_5; Decision_CourseReplacementEligibility_Rule_6; Decision_CreditTransferExemption_Rule_1; Decision_CreditTransferExemption_Rule_2; Decision_CreditTransferExemption_Rule_3; Decision_GradePointsAndInterpretation_Rule_10; Decision_GradePointsAndInterpretation_Rule_11; Decision_GradePointsAndInterpretation_Rule_12; Decision_GradePointsAndInterpretation_Rule_15; Decision_GradePointsAndInterpretation_Rule_2; Decision_GradePointsAndInterpretation_Rule_4; Decision_GradePointsAndInterpretation_Rule_8; Decision_GradePointsAndInterpretation_Rule_9; Decision_GraduationEligibility_Rule_2; Decision_GraduationEligibility_Rule_3; Decision_GraduationEligibility_Rule_4; Decision_GraduationEligibility_Rule_5; Decision_SummerSemesterRegistration_Rule_1; Decision_SummerSemesterRegistration_Rule_4; Decision_SummerSemesterRegistration_Rule_5
91,False,True,,22,35,Decision_AcademicWarningStatus_Rule_1; Decision_AcademicWarningStatus_Rule_2; Decision_AcademicWarningStatus_Rule_3; Decision_AcademicWarningStatus_Rule_4; Decision_AcademicWarningStatus_Rule_5; Decision_AcademicWarningStatus_Rule_6; Decision_AttendanceEligibility_Rule_2; Decision_CourseLoadLimit_Rule_1; Decision_CourseLoadLimit_Rule_2; Decision_CourseLoadLimit_Rule_3; Decision_CourseLoadLimit_Rule_4; Decision_CourseRegistrationEligibility_Rule_1; Decision_CourseRegistrationEligibility_Rule_2; Decision_CourseRegistrationEligibility_Rule_3; Decision_CourseRegistrationEligibility_Rule_4; Decision_CourseReplacementEligibility_Rule_1; Decision_CourseReplacementEligibility_Rule_2; Decision_CourseReplacementEligibility_Rule_3; Decision_CreditTransferExemption_Rule_1; Decision_CreditTransferExemption_Rule_2; Decision_CreditTransferExemption_Rule_3; Decision_GradePointsAndInterpretation_Rule_1; Decision_GradePointsAndInterpretation_Rule_11; Decision_GradePointsAndInterpretation_Rule_12; Decision_GradePointsAndInterpretation_Rule_14; Decision_GradePointsAndInterpretation_Rule_15; Decision_GradePointsAndInterpretation_Rule_2; Decision_GradePointsAndInterpretation_Rule_6; Decision_GradePointsAndInterpretation_Rule_7; Decision_GradePointsAndInterpretation_Rule_9; Decision_GraduationEligibility_Rule_2; Decision_GraduationEligibility_Rule_3; Decision_GraduationEligibility_Rule_4; Decision_SummerSemesterRegistration_Rule_1; Decision_SummerSemesterRegistration_Rule_4
92,False,True,,23,43,Decision_AcademicWarningStatus_Rule_1; Decision_AcademicWarningStatus_Rule_2; Decision_AcademicWarningStatus_Rule_3; Decision_AcademicWarningStatus_Rule_4; Decision_AcademicWarningStatus_Rule_5; Decision_AcademicWarningStatus_Rule_6; Decision_AttendanceEligibility_Rule_2; Decision_CourseLoadLimit_Rule_1; Decision_CourseLoadLimit_Rule_2; Decision_CourseLoadLimit_Rule_3; Decision_CourseLoadLimit_Rule_4; Decision_CourseRegistrationEligibility_Rule_1; Decision_CourseRegistrationEligibility_Rule_2; Decision_CourseRegistrationEligibility_Rule_3; Decision_CourseRegistrationEligibility_Rule_4; Decision_CourseReplacementEligibility_Rule_1; Decision_CourseReplacementEligibility_Rule_2; Decision_CourseReplacementEligibility_Rule_3; Decision_CourseReplacementEligibility_Rule_6; Decision_CreditTransferExemption_Rule_1; Decision_CreditTransferExemption_Rule_2; Decision_CreditTransferExemption_Rule_3; Decision_GradePointsAndInterpretation_Rule_1; Decision_GradePointsAndInterpretation_Rule_10; Decision_GradePointsAndInterpretation_Rule_11; Decision_GradePointsAndInterpretation_Rule_12; Decision_GradePointsAndInterpretation_Rule_13; Decision_GradePointsAndInterpretation_Rule_14; Decision_GradePointsAndInterpretation_Rule_2; Decision_GradePointsAndInterpretation_Rule_3; Decision_GradePointsAndInterpretation_Rule_4; Decision_GradePointsAndInterpretation_Rule_5; Decision_GradePointsAndInterpretation_Rule_6; Decision_GradePointsAndInterpretation_Rule_8; Decision_GradePointsAndInterpretation_Rule_9; Decision_GraduationEligibility_Rule_1; Decision_GraduationEligibility_Rule_2; Decision_GraduationEligibility_Rule_3; Decision_GraduationEligibility_Rule_5; Decision_SummerSemesterRegistration_Rule_1; Decision_SummerSemesterRegistration_Rule_3; Decision_SummerSemesterRegistration_Rule_4; Decision_SummerSemesterRegistration_Rule_5
93,False,True,,24,42,Decision_AcademicWarningStatus_Rule_1; Decision_AcademicWarningStatus_Rule_2; Decision_AcademicWarningStatus_Rule_3; Decision_AcademicWarningStatus_Rule_4; Decision_AcademicWarningStatus_Rule_5; Decision_AcademicWarningStatus_Rule_6; Decision_AttendanceEligibility_Rule_1; Decision_AttendanceEligibility_Rule_2; Decision_CourseLoadLimit_Rule_1; Decision_CourseLoadLimit_Rule_3; Decision_CourseLoadLimit_Rule_4; Decision_CourseRegistrationEligibility_Rule_1; Decision_CourseRegistrationEligibility_Rule_2; Decision_CourseRegistrationEligibility_Rule_3; Decision_CourseRegistrationEligibility_Rule_4; Decision_CourseReplacementEligibility_Rule_1; Decision_CourseReplacementEligibility_Rule_2; Decision_CourseReplacementEligibility_Rule_3; Decision_CourseReplacementEligibility_Rule_6; Decision_CreditTransferExemption_Rule_1; Decision_CreditTransferExemption_Rule_2; Decision_CreditTransferExemption_Rule_3; Decision_GradePointsAndInterpretation_Rule_1; Decision_GradePointsAndInterpretation_Rule_10; Decision_GradePointsAndInterpretation_Rule_11; Decision_GradePointsAndInterpretation_Rule_12; Decision_GradePointsAndInterpretation_Rule_13; Decision_GradePointsAndInterpretation_Rule_15; Decision_GradePointsAndInterpretation_Rule_2; Decision_GradePointsAndInterpretation_Rule_4; Decision_GradePointsAndInterpretation_Rule_5; Decision_GradePointsAndInterpretation_Rule_6; Decision_GradePointsAndInterpretation_Rule_7; Decision_GradePointsAndInterpretation_Rule_8; Decision_GradePointsAndInterpretation_Rule_9; Decision_GraduationEligibility_Rule_1; Decision_GraduationEligibility_Rule_2; Decision_GraduationEligibility_Rule_3; Decision_SummerSemesterRegistration_Rule_1; Decision_SummerSemesterRegistration_Rule_3; Decision_SummerSemesterRegistration_Rule_4; Decision_SummerSemesterRegistration_Rule_5
94,False,True,,25,41,Decision_AcademicWarningStatus_Rule_1; Decision_AcademicWarningStatus_Rule_2; Decision_AcademicWarningStatus_Rule_4; Decision_AcademicWarningStatus_Rule_5; Decision_AcademicWarningStatus_Rule_6; Decision_AttendanceEligibility_Rule_1; Decision_AttendanceEligibility_Rule_2; Decision_CourseLoadLimit_Rule_1; Decision_CourseLoadLimit_Rule_2; Decision_CourseLoadLimit_Rule_3; Decision_CourseLoadLimit_Rule_4; Decision_CourseRegistrationEligibility_Rule_1; Decision_CourseRegistrationEligibility_Rule_2; Decision_CourseRegistrationEligibility_Rule_3; Decision_CourseRegistrationEligibility_Rule_4; Decision_CourseReplacementEligibility_Rule_1; Decision_CourseReplacementEligibility_Rule_2; Decision_CourseReplacementEligibility_Rule_3; Decision_CourseReplacementEligibility_Rule_6; Decision_CreditTransferExemption_Rule_1; Decision_CreditTransferExemption_Rule_2; Decision_CreditTransferExemption_Rule_3; Decision_GradePointsAndInterpretation_Rule_1; Decision_GradePointsAndInterpretation_Rule_10; Decision_GradePointsAndInterpretation_Rule_11; Decision_GradePointsAndInterpretation_Rule_12; Decision_GradePointsAndInterpretation_Rule_13; Decision_GradePointsAndInterpretation_Rule_14; Decision_GradePointsAndInterpretation_Rule_2; Decision_GradePointsAndInterpretation_Rule_3; Decision_GradePointsAndInterpretation_Rule_5; Decision_GradePointsAndInterpretation_Rule_6; Decision_GradePointsAndInterpretation_Rule_8; Decision_GradePointsAndInterpretation_Rule_9; Decision_GraduationEligibility_Rule_1; Decision_GraduationEligibility_Rule_2; Decision_GraduationEligibility_Rule_3; Decision_SummerSemesterRegistration_Rule_1; Decision_SummerSemesterRegistration_Rule_3; Decision_SummerSemesterRegistration_Rule_4; Decision_SummerSemesterRegistration_Rule_5
95,False,True,,26,43,Decision_AcademicWarningStatus_Rule_1; Decision_AcademicWarningStatus_Rule_2; Decision_AcademicWarningStatus_Rule_3; Decision_AcademicWarningStatus_Rule_4; Decision_AcademicWarningStatus_Rule_5; Decision_AcademicWarningStatus_Rule_6; Decision_AttendanceEligibility_Rule_1; Decision_AttendanceEligibility_Rule_2; Decision_CourseLoadLimit_Rule_1; Decision_CourseLoadLimit_Rule_2; Decision_CourseLoadLimit_Rule_3; Decision_CourseLoadLimit_Rule_4; Decision_CourseRegistrationEligibility_Rule_1; Decision_CourseRegistrationEligibility_Rule_2; Decision_CourseRegistrationEligibility_Rule_3; Decision_CourseRegistrationEligibility_Rule_4; Decision_CourseReplacementEligibility_Rule_1; Decision_CourseReplacementEligibility_Rule_2; Decision_CourseReplacementEligibility_Rule_3; Decision_CourseReplacementEligibility_Rule_6; Decision_CreditTransferExemption_Rule_1; Decision_CreditTransferExemption_Rule_2; Decision_CreditTransferExemption_Rule_3; Decision_GradePointsAndInterpretation_Rule_1; Decision_GradePointsAndInterpretation_Rule_10; Decision_GradePointsAndInterpretation_Rule_11; Decision_GradePointsAndInterpretation_Rule_12; Decision_GradePointsAndInterpretation_Rule_13; Decision_GradePointsAndInterpretation_Rule_14; Decision_GradePointsAndInterpretation_Rule_15; Decision_GradePointsAndInterpretation_Rule_2; Decision_GradePointsAndInterpretation_Rule_4; Decision_GradePointsAndInterpretation_Rule_5; Decision_GradePointsAndInterpretation_Rule_6; Decision_GradePointsAndInterpretation_Rule_8; Decision_GradePointsAndInterpretation_Rule_9; Decision_GraduationEligibility_Rule_1; Decision_GraduationEligibility_Rule_2; Decision_GraduationEligibility_Rule_3; Decision_GraduationEligibility_Rule_5; Decision_SummerSemesterRegistration_Rule_1; Decision_SummerSemesterRegistration_Rule_3; Decision_SummerSemesterRegistration_Rule_4
96,False,True,,27,41,Decision_AcademicWarningStatus_Rule_1; Decision_AcademicWarningStatus_Rule_2; Decision_AcademicWarningStatus_Rule_3; Decision_AcademicWarningStatus_Rule_4; Decision_AcademicWarningStatus_Rule_5; Decision_AcademicWarningStatus_Rule_6; Decision_AttendanceEligibility_Rule_2; Decision_CourseLoadLimit_Rule_1; Decision_CourseLoadLimit_Rule_2; Decision_CourseLoadLimit_Rule_3; Decision_CourseLoadLimit_Rule_4; Decision_CourseRegistrationEligibility_Rule_1; Decision_CourseRegistrationEligibility_Rule_2; Decision_CourseRegistrationEligibility_Rule_3; Decision_CourseRegistrationEligibility_Rule_4; Decision_CourseReplacementEligibility_Rule_1; Decision_CourseReplacementEligibility_Rule_2; Decision_CourseReplacementEligibility_Rule_3; Decision_CourseReplacementEligibility_Rule_6; Decision_CreditTransferExemption_Rule_1; Decision_CreditTransferExemption_Rule_2; Decision_CreditTransferExemption_Rule_3; Decision_GradePointsAndInterpretation_Rule_1; Decision_GradePointsAndInterpretation_Rule_10; Decision_GradePointsAndInterpretation_Rule_11; Decision_GradePointsAndInterpretation_Rule_12; Decision_GradePointsAndInterpretation_Rule_13; Decision_GradePointsAndInterpretation_Rule_14; Decision_GradePointsAndInterpretation_Rule_2; Decision_GradePointsAndInterpretation_Rule_3; Decision_GradePointsAndInterpretation_Rule_4; Decision_GradePointsAndInterpretation_Rule_5; Decision_GradePointsAndInterpretation_Rule_8; Decision_GradePointsAndInterpretation_Rule_9; Decision_GraduationEligibility_Rule_1; Decision_GraduationEligibility_Rule_2; Decision_GraduationEligibility_Rule_3; Decision_SummerSemesterRegistration_Rule_1; Decision_SummerSemesterRegistration_Rule_3; Decision_SummerSemesterRegistration_Rule_4; Decision_SummerSemesterRegistration_Rule_5
97,False,True,,28,38,Decision_AcademicWarningStatus_Rule_1; Decision_AcademicWarningStatus_Rule_2; Decision_AcademicWarningStatus_Rule_3; Decision_AcademicWarningStatus_Rule_4; Decision_AcademicWarningStatus_Rule_5; Decision_AcademicWarningStatus_Rule_6; Decision_AttendanceEligibility_Rule_2; Decision_CourseLoadLimit_Rule_1; Decision_CourseLoadLimit_Rule_2; Decision_CourseLoadLimit_Rule_3; Decision_CourseLoadLimit_Rule_4; Decision_CourseRegistrationEligibility_Rule_1; Decision_CourseRegistrationEligibility_Rule_2; Decision_CourseRegistrationEligibility_Rule_3; Decision_CourseRegistrationEligibility_Rule_4; Decision_CourseReplacementEligibility_Rule_1; Decision_CourseReplacementEligibility_Rule_2; Decision_CourseReplacementEligibility_Rule_3; Decision_CourseReplacementEligibility_Rule_4; Decision_CourseReplacementEligibility_Rule_5; Decision_CourseReplacementEligibility_Rule_6; Decision_CreditTransferExemption_Rule_1; Decision_CreditTransferExemption_Rule_2; Decision_CreditTransferExemption_Rule_3; Decision_GradePointsAndInterpretation_Rule_10; Decision_GradePointsAndInterpretation_Rule_11; Decision_GradePointsAndInterpretation_Rule_12; Decision_GradePointsAndInterpretation_Rule_15; Decision_GradePointsAndInterpretation_Rule_2; Decision_GradePointsAndInterpretation_Rule_4; Decision_GradePointsAndInterpretation_Rule_9; Decision_GraduationEligibility_Rule_1; Decision_GraduationEligibility_Rule_2; Decision_GraduationEligibility_Rule_3; Decision_SummerSemesterRegistration_Rule_1; Decision_SummerSemesterRegistration_Rule_3; Decision_SummerSemesterRegistration_Rule_4; Decision_SummerSemesterRegistration_Rule_5
98,False,True,,29,41,Decision_AcademicWarningStatus_Rule_1; Decision_AcademicWarningStatus_Rule_2; Decision_AcademicWarningStatus_Rule_3; Decision_AcademicWarningStatus_Rule_4; Decision_AcademicWarningStatus_Rule_5; Decision_AcademicWarningStatus_Rule_6; Decision_AttendanceEligibility_Rule_2; Decision_CourseLoadLimit_Rule_1; Decision_CourseLoadLimit_Rule_2; Decision_CourseLoadLimit_Rule_3; Decision_CourseLoadLimit_Rule_4; Decision_CourseRegistrationEligibility_Rule_1; Decision_CourseRegistrationEligibility_Rule_2; Decision_CourseRegistrationEligibility_Rule_3; Decision_CourseRegistrationEligibility_Rule_4; Decision_CourseReplacementEligibility_Rule_1; Decision_CourseReplacementEligibility_Rule_2; Decision_CourseReplacementEligibility_Rule_3; Decision_CourseReplacementEligibility_Rule_6; Decision_CreditTransferExemption_Rule_1; Decision_CreditTransferExemption_Rule_2; Decision_CreditTransferExemption_Rule_3; Decision_GradePointsAndInterpretation_Rule_1; Decision_GradePointsAndInterpretation_Rule_10; Decision_GradePointsAndInterpretation_Rule_12; Decision_GradePointsAndInterpretation_Rule_13; Decision_GradePointsAndInterpretation_Rule_14; Decision_GradePointsAndInterpretation_Rule_15; Decision_GradePointsAndInterpretation_Rule_2; Decision_GradePointsAndInterpretation_Rule_4; Decision_GradePointsAndInterpretation_Rule_5; Decision_GradePointsAndInterpretation_Rule_6; Decision_GradePointsAndInterpretation_Rule_8; Decision_GradePointsAndInterpretation_Rule_9; Decision_GraduationEligibility_Rule_1; Decision_GraduationEligibility_Rule_2; Decision_GraduationEligibility_Rule_3; Decision_GraduationEligibility_Rule_5; Decision_SummerSemesterRegistration_Rule_1; Decision_SummerSemesterRegistration_Rule_3; Decision_SummerSemesterRegistration_Rule_4
