case_study,table,column,sql_type,abstract_type,nullable,is_pk,fk_target_table,fk_target_column,source
FLEX2,ACTION_LOG,LOG_ID,NUMBER,number,True,True,,,flex2_schema_full.json
FLEX2,ACTION_LOG,FORM_NAME,VARCHAR2,string,True,False,,,flex2_schema_full.json
FLEX2,ACTION_LOG,ACTION_NAME,VARCHAR2,string,True,False,,,flex2_schema_full.json
FLEX2,ACTION_LOG,ROLL_NO,NUMBER,number,True,False,,,flex2_schema_full.json
FLEX2,ACTION_LOG,OFFER_ID,NUMBER,number,True,False,,,flex2_schema_full.json
FLEX2,ACTION_LOG,OLD_VALUES,VARCHAR2,string,True,False,,,flex2_schema_full.json
FLEX2,ACTION_LOG,NEW_VALUES,VARCHAR2,string,True,False,,,flex2_schema_full.json
FLEX2,ACTION_LOG,CREATED_BY,NUMBER,number,True,False,,,flex2_schema_full.json
FLEX2,ACTION_LOG,CREATED_ON,DATE,date,True,False,,,flex2_schema_full.json
FLEX2,ACTION_LOG,COURSE_ID,NUMBER,number,True,False,,,flex2_schema_full.json
FLEX2,ADM_MERIT_LIST,CAMP_ID,NUMBER,number,True,False,,,flex2_schema_full.json
FLEX2,ADM_MERIT_LIST,PROG_CODE,VARCHAR2,string,True,False,,,flex2_schema_full.json
FLEX2,ADM_MERIT_LIST,ARN,NUMBER,number,True,False,,,flex2_schema_full.json
FLEX2,ADM_MERIT_LIST,TEST_TYPE,NUMBER,number,True,False,,,flex2_schema_full.json
FLEX2,ADM_MERIT_LIST,MERIT_MARKS,NUMBER,number,True,False,,,flex2_schema_full.json
FLEX2,ADM_MERIT_LIST,CAMP_PREF,NUMBER,number,True,False,,,flex2_schema_full.json
FLEX2,ADM_MERIT_LIST,DISP_PREF,NUMBER,number,True,False,,,flex2_schema_full.json
FLEX2,ADM_MERIT_LIST,IS_SELECTED,NUMBER,number,True,False,,,flex2_schema_full.json
FLEX2,ADM_MERIT_LIST,MERIT_POS,NUMBER,number,True,False,,,flex2_schema_full.json
FLEX2,ADM_MERIT_LIST,PROG_LEVEL,NUMBER,number,True,False,,,flex2_schema_full.json
FLEX2,ADM_OFFER_SUMMARY,CAMP_ID,NUMBER,number,True,False,,,flex2_schema_full.json
FLEX2,ADM_OFFER_SUMMARY,CAMP_CODE,VARCHAR2,string,True,False,,,flex2_schema_full.json
FLEX2,ADM_OFFER_SUMMARY,PROG_ID,NUMBER,number,True,False,,,flex2_schema_full.json
FLEX2,ADM_OFFER_SUMMARY,PROG_CODE,VARCHAR2,string,True,False,,,flex2_schema_full.json
FLEX2,ADM_OFFER_SUMMARY,NU_APPLS,NUMBER,number,True,False,,,flex2_schema_full.json
FLEX2,ADM_OFFER_SUMMARY,NTS_APPLS,NUMBER,number,True,False,,,flex2_schema_full.json
FLEX2,ADM_OFFER_SUMMARY,NTS_OFFER,NUMBER,number,True,False,,,flex2_schema_full.json
FLEX2,ADM_OFFER_SUMMARY,NU_OFFER,NUMBER,number,True,False,,,flex2_schema_full.json
FLEX2,ADM_OFFER_SUMMARY,SEATS,NUMBER,number,True,False,,,flex2_schema_full.json
FLEX2,ADM_OFFER_SUMMARY,CUT_OFF_NU,NUMBER,number,True,False,,,flex2_schema_full.json
FLEX2,ADM_OFFER_SUMMARY,CUT_OFF_NTS,NUMBER,number,True,False,,,flex2_schema_full.json
FLEX2,ADM_OFFER_SUMMARY,PROG_LEVEL,NUMBER,number,True,False,,,flex2_schema_full.json
FLEX2,APPMENU,MENUID,NUMBER,number,True,True,,,flex2_schema_full.json
FLEX2,APPMENU,TITLE,VARCHAR2,string,True,False,,,flex2_schema_full.json
FLEX2,APPMENU,PAGEHEADING,VARCHAR2,string,True,False,,,flex2_schema_full.json
FLEX2,APPMENU,DESCRIPTION,VARCHAR2,string,True,False,,,flex2_schema_full.json
FLEX2,APPMENU,ICON,VARCHAR2,string,True,False,,,flex2_schema_full.json
FLEX2,APPMENU,URL,VARCHAR2,string,True,False,,,flex2_schema_full.json
FLEX2,APPMENU,DISPLAYORDER,NUMBER,number,True,False,,,flex2_schema_full.json
FLEX2,APPMENU,PARENTID,NUMBER,number,True,False,,,flex2_schema_full.json
FLEX2,APPMENU,STATUS,NUMBER,number,True,False,,,flex2_schema_full.json
FLEX2,APPROLE,ROLEID,NUMBER,number,True,True,,,flex2_schema_full.json
FLEX2,APPROLE,TITLE,VARCHAR2,string,True,False,,,flex2_schema_full.json
FLEX2,APPROLE,DESCRIPTION,VARCHAR2,string,True,False,,,flex2_schema_full.json
FLEX2,APPROLEDETAIL,RM_ID,NUMBER,number,True,True,APPMENU;APPROLE,,flex2_schema_full.json
FLEX2,APPROLEDETAIL,ROLEID,NUMBER,number,True,False,APPMENU;APPROLE,,flex2_schema_full.json
FLEX2,APPROLEDETAIL,MENUID,NUMBER,number,True,False,APPMENU;APPROLE,,flex2_schema_full.json
FLEX2,APPROLEDETAIL,CANADD,NUMBER,number,True,False,APPMENU;APPROLE,,flex2_schema_full.json
FLEX2,APPROLEDETAIL,CANEDIT,NUMBER,number,True,False,APPMENU;APPROLE,,flex2_schema_full.json
FLEX2,APPROLEDETAIL,CANDEL,NUMBER,number,True,False,APPMENU;APPROLE,,flex2_schema_full.json
FLEX2,APPUSER,USERID,NUMBER,number,True,True,EMPLOYEE,,flex2_schema_full.json
FLEX2,APPUSER,USERNAME,VARCHAR2,string,True,False,EMPLOYEE,,flex2_schema_full.json
FLEX2,APPUSER,USERPASSWORD,VARCHAR2,string,True,False,EMPLOYEE,,flex2_schema_full.json
FLEX2,APPUSER,USERTYPE,VARCHAR2,string,True,False,EMPLOYEE,,flex2_schema_full.json
FLEX2,APPUSER,IPADDRESS,VARCHAR2,string,True,False,EMPLOYEE,,flex2_schema_full.json
FLEX2,APPUSER,LASTLOGIN,DATE,date,True,False,EMPLOYEE,,flex2_schema_full.json
FLEX2,APPUSER,CREATEDDATE,DATE,date,True,False,EMPLOYEE,,flex2_schema_full.json
FLEX2,APPUSER,EMP_ID,NUMBER,number,True,False,EMPLOYEE,,flex2_schema_full.json
FLEX2,APPUSER,ALLOW_DEPT_ID,VARCHAR2,string,True,False,EMPLOYEE,,flex2_schema_full.json
FLEX2,APPUSERBOOKMARK,UM_ID,NUMBER,number,True,True,APPUSER,,flex2_schema_full.json
FLEX2,APPUSERBOOKMARK,MENUID,NUMBER,number,True,False,APPUSER,,flex2_schema_full.json
FLEX2,APPUSERBOOKMARK,USERID,NUMBER,number,True,False,APPUSER,,flex2_schema_full.json
FLEX2,APPUSERBOOKMARK,DISPLAYORDER,NUMBER,number,True,False,APPUSER,,flex2_schema_full.json
FLEX2,APPUSERCAMPUS,UC_ID,NUMBER,number,True,True,APPUSER;CAMPUS,,flex2_schema_full.json
FLEX2,APPUSERCAMPUS,USERID,NUMBER,number,True,False,APPUSER;CAMPUS,,flex2_schema_full.json
FLEX2,APPUSERCAMPUS,CAMP_ID,NUMBER,number,True,False,APPUSER;CAMPUS,,flex2_schema_full.json
FLEX2,APPUSERDEPARTMENT,UD_ID,NUMBER,number,True,True,APPUSER;DEPARTMENT,,flex2_schema_full.json
FLEX2,APPUSERDEPARTMENT,USERID,NUMBER,number,True,False,APPUSER;DEPARTMENT,,flex2_schema_full.json
FLEX2,APPUSERDEPARTMENT,DEPT_ID,NUMBER,number,True,False,APPUSER;DEPARTMENT,,flex2_schema_full.json
FLEX2,APPUSERROLE,UR_ID,NUMBER,number,True,True,APPROLE;APPUSER,,flex2_schema_full.json
FLEX2,APPUSERROLE,ROLEID,NUMBER,number,True,False,APPROLE;APPUSER,,flex2_schema_full.json
FLEX2,APPUSERROLE,USERID,NUMBER,number,True,False,APPROLE;APPUSER,,flex2_schema_full.json
FLEX2,BATCH,BATCH_NO,NUMBER,number,True,True,D_SHIFT,,flex2_schema_full.json
FLEX2,BATCH,TITLE,VARCHAR2,string,True,False,D_SHIFT,,flex2_schema_full.json
FLEX2,BATCH,START_DATE,DATE,date,True,False,D_SHIFT,,flex2_schema_full.json
FLEX2,BATCH,SHIFT_ID,CHAR,string,True,False,D_SHIFT,,flex2_schema_full.json
FLEX2,BATCH,CREATED_BY,NUMBER,number,True,False,D_SHIFT,,flex2_schema_full.json
FLEX2,BATCH,CREATED_DATE,DATE,date,True,False,D_SHIFT,,flex2_schema_full.json
FLEX2,BATCH_PROGRAM,BATCH_NO,NUMBER,number,True,True,BATCH;PROGRAM,,flex2_schema_full.json
FLEX2,BATCH_PROGRAM,PROG_ID,NUMBER,number,True,True,BATCH;PROGRAM,,flex2_schema_full.json
FLEX2,BATCH_PROGRAM,MIN_CR_HRS,NUMBER,number,True,False,BATCH;PROGRAM,,flex2_schema_full.json
FLEX2,BATCH_PROGRAM,MIN_PASS_PNTS,NUMBER,number,True,False,BATCH;PROGRAM,,flex2_schema_full.json
FLEX2,BATCH_PROGRAM,MAX_RPT_PNTS,NUMBER,number,True,False,BATCH;PROGRAM,,flex2_schema_full.json
FLEX2,BATCH_PROGRAM,MIN_CGPA,NUMBER,number,True,False,BATCH;PROGRAM,,flex2_schema_full.json
FLEX2,BATCH_PROGRAM,AVG_COURSE,NUMBER,number,True,False,BATCH;PROGRAM,,flex2_schema_full.json
FLEX2,BATCH_PROGRAM,AVG_CREDIT,NUMBER,number,True,False,BATCH;PROGRAM,,flex2_schema_full.json
FLEX2,BATCH_PROGRAM,CREATED_BY,NUMBER,number,True,False,BATCH;PROGRAM,,flex2_schema_full.json
FLEX2,BATCH_PROGRAM,CREATED_DATE,DATE,date,True,False,BATCH;PROGRAM,,flex2_schema_full.json
FLEX2,BATCH_SECTION,CAMP_ID,NUMBER,number,True,True,BATCH;CAMPUS;D_SHIFT;PROGRAM;SECTION,,flex2_schema_full.json
FLEX2,BATCH_SECTION,BATCH_NO,NUMBER,number,True,True,BATCH;CAMPUS;D_SHIFT;PROGRAM;SECTION,,flex2_schema_full.json
FLEX2,BATCH_SECTION,PROG_ID,NUMBER,number,True,True,BATCH;CAMPUS;D_SHIFT;PROGRAM;SECTION,,flex2_schema_full.json
FLEX2,BATCH_SECTION,SECTION_ID,NUMBER,number,True,True,BATCH;CAMPUS;D_SHIFT;PROGRAM;SECTION,,flex2_schema_full.json
FLEX2,BATCH_SECTION,SHIFT_ID,CHAR,string,True,False,BATCH;CAMPUS;D_SHIFT;PROGRAM;SECTION,,flex2_schema_full.json
FLEX2,BATCH_SECTION,CREATED_BY,NUMBER,number,True,False,BATCH;CAMPUS;D_SHIFT;PROGRAM;SECTION,,flex2_schema_full.json
FLEX2,BATCH_SECTION,CREATED_DATE,DATE,date,True,False,BATCH;CAMPUS;D_SHIFT;PROGRAM;SECTION,,flex2_schema_full.json
FLEX2,CAMPUS,CAMP_ID,NUMBER,number,True,True,,,flex2_schema_full.json
FLEX2,CAMPUS,NAME,VARCHAR2,string,True,False,,,flex2_schema_full.json
FLEX2,CAMPUS,ABBR,VARCHAR2,string,True,False,,,flex2_schema_full.json
FLEX2,CAMPUS,ADDRESS,VARCHAR2,string,True,False,,,flex2_schema_full.json
FLEX2,CAMPUS,CITY,VARCHAR2,string,True,False,,,flex2_schema_full.json
FLEX2,CAMPUS,TELNO1,VARCHAR2,string,True,False,,,flex2_schema_full.json
FLEX2,CAMPUS,TELNO2,VARCHAR2,string,True,False,,,flex2_schema_full.json
FLEX2,CAMPUS,FAXNO,VARCHAR2,string,True,False,,,flex2_schema_full.json
FLEX2,CAMPUS,EMAIL,VARCHAR2,string,True,False,,,flex2_schema_full.json
FLEX2,CAMPUS,WEB_URL,VARCHAR2,string,True,False,,,flex2_schema_full.json
FLEX2,CAMPUS,CREATED_BY,NUMBER,number,True,False,,,flex2_schema_full.json
FLEX2,CAMPUS,CREATED_DATE,DATE,date,True,False,,,flex2_schema_full.json
FLEX2,CAMPUS_ACTIVITY,CAMP_ACT_ID,NUMBER,number,True,True,CAMPUS;DEPARTMENT,,flex2_schema_full.json
FLEX2,CAMPUS_ACTIVITY,CAMP_ID,NUMBER,number,True,False,CAMPUS;DEPARTMENT,,flex2_schema_full.json
FLEX2,CAMPUS_ACTIVITY,DEPT_ID,NUMBER,number,True,False,CAMPUS;DEPARTMENT,,flex2_schema_full.json
FLEX2,CAMPUS_ACTIVITY,ACTIVITY_NAME,VARCHAR2,string,True,False,CAMPUS;DEPARTMENT,,flex2_schema_full.json
FLEX2,CAMPUS_ACTIVITY,START_DATE,DATE,date,True,False,CAMPUS;DEPARTMENT,,flex2_schema_full.json
FLEX2,CAMPUS_ACTIVITY,END_DATE,DATE,date,True,False,CAMPUS;DEPARTMENT,,flex2_schema_full.json
FLEX2,CAMPUS_ACTIVITY,FEEDBACK_ID,NUMBER,number,True,False,CAMPUS;DEPARTMENT,,flex2_schema_full.json
FLEX2,CAMPUS_BATCH,CAMP_ID,NUMBER,number,True,True,BATCH;CAMPUS,,flex2_schema_full.json
FLEX2,CAMPUS_BATCH,BATCH_NO,NUMBER,number,True,True,BATCH;CAMPUS,,flex2_schema_full.json
FLEX2,CAMPUS_BATCH,STATUS,NUMBER,number,True,False,BATCH;CAMPUS,,flex2_schema_full.json
FLEX2,CAMPUS_DEPT,CAMP_ID,NUMBER,number,True,False,CAMPUS;DEPARTMENT;SCHOOL,,flex2_schema_full.json
FLEX2,CAMPUS_DEPT,SCH_ID,NUMBER,number,True,False,CAMPUS;DEPARTMENT;SCHOOL,,flex2_schema_full.json
FLEX2,CAMPUS_DEPT,DEPT_ID,NUMBER,number,True,False,CAMPUS;DEPARTMENT;SCHOOL,,flex2_schema_full.json
FLEX2,CAMPUS_DEPT_PROGRAM,CAMP_ID,NUMBER,number,True,False,,,flex2_schema_full.json
FLEX2,CAMPUS_DEPT_PROGRAM,PROG_ID,NUMBER,number,True,False,,,flex2_schema_full.json
FLEX2,CAMPUS_DEPT_PROGRAM,DEPT_ID,NUMBER,number,True,False,,,flex2_schema_full.json
FLEX2,CAMPUS_PREFERENCE,ARN,NUMBER,number,True,True,CAMPUS;STUDENT_PERSONAL_INFO,,flex2_schema_full.json
FLEX2,CAMPUS_PREFERENCE,CAMP_ID,NUMBER,number,True,True,CAMPUS;STUDENT_PERSONAL_INFO,,flex2_schema_full.json
FLEX2,CAMPUS_PREFERENCE,RATING,NUMBER,number,True,False,CAMPUS;STUDENT_PERSONAL_INFO,,flex2_schema_full.json
FLEX2,CAMPUS_PREFERENCE,IS_SELECTED,NUMBER,number,True,False,CAMPUS;STUDENT_PERSONAL_INFO,,flex2_schema_full.json
FLEX2,CAMPUS_PROGRAM,CAMP_ID,NUMBER,number,True,True,CAMPUS;PROGRAM,,flex2_schema_full.json
FLEX2,CAMPUS_PROGRAM,PROG_ID,NUMBER,number,True,True,CAMPUS;PROGRAM,,flex2_schema_full.json
FLEX2,CAMPUS_PROGRAM,STATUS,NUMBER,number,True,False,CAMPUS;PROGRAM,,flex2_schema_full.json
FLEX2,CAMP_SEMESTER,CAMP_ID,NUMBER,number,True,True,CAMPUS;SEMESTER,,flex2_schema_full.json
FLEX2,CAMP_SEMESTER,SEM_ID,NUMBER,number,True,True,CAMPUS;SEMESTER,,flex2_schema_full.json
FLEX2,CAMP_SEMESTER,START_DATE,DATE,date,True,False,CAMPUS;SEMESTER,,flex2_schema_full.json
FLEX2,CAMP_SEMESTER,END_DATE,DATE,date,True,False,CAMPUS;SEMESTER,,flex2_schema_full.json
FLEX2,CAMP_SEMESTER,REG_START_DATE,DATE,date,True,False,CAMPUS;SEMESTER,,flex2_schema_full.json
FLEX2,CAMP_SEMESTER,REG_END_DATE,DATE,date,True,False,CAMPUS;SEMESTER,,flex2_schema_full.json
FLEX2,CAMP_SEMESTER,ADD_DROP_SDATE,DATE,date,True,False,CAMPUS;SEMESTER,,flex2_schema_full.json
FLEX2,CAMP_SEMESTER,ADD_DROP_EDATE,DATE,date,True,False,CAMPUS;SEMESTER,,flex2_schema_full.json
FLEX2,CAMP_SEMESTER,CLASS_START_DATE,DATE,date,True,False,CAMPUS;SEMESTER,,flex2_schema_full.json
FLEX2,CAMP_SEMESTER,CLASS_END_DATE,DATE,date,True,False,CAMPUS;SEMESTER,,flex2_schema_full.json
FLEX2,CAMP_SEMESTER,WITH_DRAW_DATE,DATE,date,True,False,CAMPUS;SEMESTER,,flex2_schema_full.json
FLEX2,CAMP_SEMESTER,FEE_DUE_DATE,DATE,date,True,False,CAMPUS;SEMESTER,,flex2_schema_full.json
FLEX2,CAMP_SEMESTER,FM_CLOSE_DATE,DATE,date,True,False,CAMPUS;SEMESTER,,flex2_schema_full.json
FLEX2,CAMP_SEMESTER,STATUS,NUMBER,number,True,False,CAMPUS;SEMESTER,,flex2_schema_full.json
FLEX2,CAMP_SEMESTER,CREATED_BY,NUMBER,number,True,False,CAMPUS;SEMESTER,,flex2_schema_full.json
FLEX2,CAMP_SEMESTER,CREATED_DATE,DATE,date,True,False,CAMPUS;SEMESTER,,flex2_schema_full.json
FLEX2,CITY,CITY_ID,NUMBER,number,True,True,,,flex2_schema_full.json
FLEX2,CITY,TITLE,VARCHAR2,string,True,False,,,flex2_schema_full.json
FLEX2,CNIC_LOG,ID,NUMBER,number,True,True,,,flex2_schema_full.json
FLEX2,CNIC_LOG,ROLLNO,NUMBER,number,True,False,,,flex2_schema_full.json
FLEX2,CNIC_LOG,OLD_RELATION,NUMBER,number,True,False,,,flex2_schema_full.json
FLEX2,CNIC_LOG,OLD_CNIC,VARCHAR2,string,True,False,,,flex2_schema_full.json
FLEX2,CNIC_LOG,IS_OLD_FOR_WHTAX,NUMBER,number,True,False,,,flex2_schema_full.json
FLEX2,CNIC_LOG,NEW_RELATION,NUMBER,number,True,False,,,flex2_schema_full.json
FLEX2,CNIC_LOG,NEW_CNIC,VARCHAR2,string,True,False,,,flex2_schema_full.json
FLEX2,CNIC_LOG,IS_NEW_FOR_WHTAX,NUMBER,number,True,False,,,flex2_schema_full.json
FLEX2,CNIC_LOG,ENTEREDBY,VARCHAR2,string,True,False,,,flex2_schema_full.json
FLEX2,CNIC_LOG,ENTRYDATE,DATE,date,True,False,,,flex2_schema_full.json
FLEX2,COUNTRY,COUNTRY_ID,NUMBER,number,True,True,,,flex2_schema_full.json
FLEX2,COUNTRY,TITLE,VARCHAR2,string,True,False,,,flex2_schema_full.json
FLEX2,COURSE,COURSE_ID,NUMBER,number,True,True,DEPARTMENT;D_COURSE_LEVEL;D_COURSE_TYPE,,flex2_schema_full.json
FLEX2,COURSE,CODE,VARCHAR2,string,True,False,DEPARTMENT;D_COURSE_LEVEL;D_COURSE_TYPE,,flex2_schema_full.json
FLEX2,COURSE,TITLE,VARCHAR2,string,True,False,DEPARTMENT;D_COURSE_LEVEL;D_COURSE_TYPE,,flex2_schema_full.json
FLEX2,COURSE,SHORT_TITLE,VARCHAR2,string,True,False,DEPARTMENT;D_COURSE_LEVEL;D_COURSE_TYPE,,flex2_schema_full.json
FLEX2,COURSE,CREDIT_HRS,NUMBER,number,True,False,DEPARTMENT;D_COURSE_LEVEL;D_COURSE_TYPE,,flex2_schema_full.json
FLEX2,COURSE,DISP_CR_HR,VARCHAR2,string,True,False,DEPARTMENT;D_COURSE_LEVEL;D_COURSE_TYPE,,flex2_schema_full.json
FLEX2,COURSE,LEVEL_ID,NUMBER,number,True,False,DEPARTMENT;D_COURSE_LEVEL;D_COURSE_TYPE,,flex2_schema_full.json
FLEX2,COURSE,STATUS,NUMBER,number,True,False,DEPARTMENT;D_COURSE_LEVEL;D_COURSE_TYPE,,flex2_schema_full.json
FLEX2,COURSE,COURSE_TYPE_ID,NUMBER,number,True,False,DEPARTMENT;D_COURSE_LEVEL;D_COURSE_TYPE,,flex2_schema_full.json
FLEX2,COURSE,EQUIVALENCE,NUMBER,number,True,False,DEPARTMENT;D_COURSE_LEVEL;D_COURSE_TYPE,,flex2_schema_full.json
FLEX2,COURSE,DESCRIPTION,VARCHAR2,string,True,False,DEPARTMENT;D_COURSE_LEVEL;D_COURSE_TYPE,,flex2_schema_full.json
FLEX2,COURSE,LAB_ID,NUMBER,number,True,False,DEPARTMENT;D_COURSE_LEVEL;D_COURSE_TYPE,,flex2_schema_full.json
FLEX2,COURSE,CREATED_BY,NUMBER,number,True,False,DEPARTMENT;D_COURSE_LEVEL;D_COURSE_TYPE,,flex2_schema_full.json
FLEX2,COURSE,CREATED_DATE,DATE,date,True,False,DEPARTMENT;D_COURSE_LEVEL;D_COURSE_TYPE,,flex2_schema_full.json
FLEX2,COURSE,DEPT_ID,NUMBER,number,True,False,DEPARTMENT;D_COURSE_LEVEL;D_COURSE_TYPE,,flex2_schema_full.json
FLEX2,COURSE,MIN_CREDIT_HRS,NUMBER,number,True,False,DEPARTMENT;D_COURSE_LEVEL;D_COURSE_TYPE,,flex2_schema_full.json
FLEX2,COURSE_COREQUISITE,COURSE_ID,NUMBER,number,True,True,COURSE,,flex2_schema_full.json
FLEX2,COURSE_COREQUISITE,COREQUISITE_COURSE,NUMBER,number,True,False,COURSE,,flex2_schema_full.json
FLEX2,COURSE_EVALUATION,EVAL_ID,NUMBER,number,True,True,CAMPUS;COURSE_OFFER;D_COURSE_EVALUATION,,flex2_schema_full.json
FLEX2,COURSE_EVALUATION,OFFER_ID,NUMBER,number,True,False,CAMPUS;COURSE_OFFER;D_COURSE_EVALUATION,,flex2_schema_full.json
FLEX2,COURSE_EVALUATION,EVAL_TYPE_ID,NUMBER,number,True,False,CAMPUS;COURSE_OFFER;D_COURSE_EVALUATION,,flex2_schema_full.json
FLEX2,COURSE_EVALUATION,EVAL_NO,NUMBER,number,True,False,CAMPUS;COURSE_OFFER;D_COURSE_EVALUATION,,flex2_schema_full.json
FLEX2,COURSE_EVALUATION,TOTAL_MARKS,NUMBER,number,True,False,CAMPUS;COURSE_OFFER;D_COURSE_EVALUATION,,flex2_schema_full.json
FLEX2,COURSE_EVALUATION,WEIGHT_MARKS,NUMBER,number,True,False,CAMPUS;COURSE_OFFER;D_COURSE_EVALUATION,,flex2_schema_full.json
FLEX2,COURSE_EVALUATION,BEST_OF_MARKS,NUMBER,number,True,False,CAMPUS;COURSE_OFFER;D_COURSE_EVALUATION,,flex2_schema_full.json
FLEX2,COURSE_EVALUATION,CURRENT_SCHEME,NUMBER,number,True,False,CAMPUS;COURSE_OFFER;D_COURSE_EVALUATION,,flex2_schema_full.json
FLEX2,COURSE_EVALUATION,IS_LOCK,NUMBER,number,True,False,CAMPUS;COURSE_OFFER;D_COURSE_EVALUATION,,flex2_schema_full.json
FLEX2,COURSE_EVALUATION,CAMP_ID,NUMBER,number,True,False,CAMPUS;COURSE_OFFER;D_COURSE_EVALUATION,,flex2_schema_full.json
FLEX2,COURSE_EVALUATION,CREATED_BY,NUMBER,number,True,False,CAMPUS;COURSE_OFFER;D_COURSE_EVALUATION,,flex2_schema_full.json
FLEX2,COURSE_EVALUATION,CREATED_DATE,DATE,date,True,False,CAMPUS;COURSE_OFFER;D_COURSE_EVALUATION,,flex2_schema_full.json
FLEX2,COURSE_EVALUATION,AVERAGE,NUMBER,number,True,False,CAMPUS;COURSE_OFFER;D_COURSE_EVALUATION,,flex2_schema_full.json
FLEX2,COURSE_EVALUATION,STD_DEV,NUMBER,number,True,False,CAMPUS;COURSE_OFFER;D_COURSE_EVALUATION,,flex2_schema_full.json
FLEX2,COURSE_EVALUATION,EVAL_DATE,DATE,date,True,False,CAMPUS;COURSE_OFFER;D_COURSE_EVALUATION,,flex2_schema_full.json
FLEX2,COURSE_EVALUATION,MIN_MARKS,NUMBER,number,True,False,CAMPUS;COURSE_OFFER;D_COURSE_EVALUATION,,flex2_schema_full.json
FLEX2,COURSE_EVALUATION,MAX_MARKS,NUMBER,number,True,False,CAMPUS;COURSE_OFFER;D_COURSE_EVALUATION,,flex2_schema_full.json
FLEX2,COURSE_EVALUATION_DETAIL,EVAL_ID,NUMBER,number,True,True,COURSE_EVALUATION;STUDENT_PROGRAM,,flex2_schema_full.json
FLEX2,COURSE_EVALUATION_DETAIL,ROLL_NO,NUMBER,number,True,True,COURSE_EVALUATION;STUDENT_PROGRAM,,flex2_schema_full.json
FLEX2,COURSE_EVALUATION_DETAIL,OBTAINED_MARKS,NUMBER,number,True,False,COURSE_EVALUATION;STUDENT_PROGRAM,,flex2_schema_full.json
FLEX2,COURSE_EVALUATION_DETAIL,OBTAINED_WEIGHT,NUMBER,number,True,False,COURSE_EVALUATION;STUDENT_PROGRAM,,flex2_schema_full.json
FLEX2,COURSE_EVALUATION_DETAIL,CREATED_BY,NUMBER,number,True,False,COURSE_EVALUATION;STUDENT_PROGRAM,,flex2_schema_full.json
FLEX2,COURSE_EVALUATION_DETAIL,CREATED_DATE,DATE,date,True,False,COURSE_EVALUATION;STUDENT_PROGRAM,,flex2_schema_full.json
FLEX2,COURSE_EVAL_SCHEME,CAMP_ID,NUMBER,number,True,True,CAMPUS;COURSE_OFFER;D_COURSE_EVALUATION,,flex2_schema_full.json
FLEX2,COURSE_EVAL_SCHEME,OFFER_ID,NUMBER,number,True,True,CAMPUS;COURSE_OFFER;D_COURSE_EVALUATION,,flex2_schema_full.json
FLEX2,COURSE_EVAL_SCHEME,EVAL_TYPE_ID,NUMBER,number,True,True,CAMPUS;COURSE_OFFER;D_COURSE_EVALUATION,,flex2_schema_full.json
FLEX2,COURSE_EVAL_SCHEME,BEST_OF,NUMBER,number,True,False,CAMPUS;COURSE_OFFER;D_COURSE_EVALUATION,,flex2_schema_full.json
FLEX2,COURSE_EVAL_SCHEME,IS_PROPOSED,NUMBER,number,True,False,CAMPUS;COURSE_OFFER;D_COURSE_EVALUATION,,flex2_schema_full.json
FLEX2,COURSE_EVAL_SCHEME,SET_BY_USER,NUMBER,number,True,False,CAMPUS;COURSE_OFFER;D_COURSE_EVALUATION,,flex2_schema_full.json
FLEX2,COURSE_EVAL_SCHEME,CREATED_BY,NUMBER,number,True,False,CAMPUS;COURSE_OFFER;D_COURSE_EVALUATION,,flex2_schema_full.json
FLEX2,COURSE_EVAL_SCHEME,CREATED_DATE,DATE,date,True,False,CAMPUS;COURSE_OFFER;D_COURSE_EVALUATION,,flex2_schema_full.json
FLEX2,COURSE_EVAL_SCHEME,WEIGHT,NUMBER,number,True,False,CAMPUS;COURSE_OFFER;D_COURSE_EVALUATION,,flex2_schema_full.json
FLEX2,COURSE_EVAL_SCHEME,EQUALLY_CHECK,NUMBER,number,True,False,CAMPUS;COURSE_OFFER;D_COURSE_EVALUATION,,flex2_schema_full.json
FLEX2,COURSE_OFFER,OFFER_ID,NUMBER,number,True,True,CAMPUS;COURSE;DEPARTMENT;D_SHIFT;EMPLOYEE;SECTION;SEMESTER,,flex2_schema_full.json
FLEX2,COURSE_OFFER,CAMP_ID,NUMBER,number,True,False,CAMPUS;COURSE;DEPARTMENT;D_SHIFT;EMPLOYEE;SECTION;SEMESTER,,flex2_schema_full.json
FLEX2,COURSE_OFFER,SEM_ID,NUMBER,number,True,False,CAMPUS;COURSE;DEPARTMENT;D_SHIFT;EMPLOYEE;SECTION;SEMESTER,,flex2_schema_full.json
FLEX2,COURSE_OFFER,COURSE_ID,NUMBER,number,True,False,CAMPUS;COURSE;DEPARTMENT;D_SHIFT;EMPLOYEE;SECTION;SEMESTER,,flex2_schema_full.json
FLEX2,COURSE_OFFER,SECTION_ID,NUMBER,number,True,False,CAMPUS;COURSE;DEPARTMENT;D_SHIFT;EMPLOYEE;SECTION;SEMESTER,,flex2_schema_full.json
FLEX2,COURSE_OFFER,BUILDING_NO,VARCHAR2,string,True,False,CAMPUS;COURSE;DEPARTMENT;D_SHIFT;EMPLOYEE;SECTION;SEMESTER,,flex2_schema_full.json
FLEX2,COURSE_OFFER,ROOM_NO,VARCHAR2,string,True,False,CAMPUS;COURSE;DEPARTMENT;D_SHIFT;EMPLOYEE;SECTION;SEMESTER,,flex2_schema_full.json
FLEX2,COURSE_OFFER,EMP_ID,NUMBER,number,True,False,CAMPUS;COURSE;DEPARTMENT;D_SHIFT;EMPLOYEE;SECTION;SEMESTER,,flex2_schema_full.json
FLEX2,COURSE_OFFER,OFFER_DEPT_ID,NUMBER,number,True,False,CAMPUS;COURSE;DEPARTMENT;D_SHIFT;EMPLOYEE;SECTION;SEMESTER,,flex2_schema_full.json
FLEX2,COURSE_OFFER,SHIFT_ID,CHAR,string,True,False,CAMPUS;COURSE;DEPARTMENT;D_SHIFT;EMPLOYEE;SECTION;SEMESTER,,flex2_schema_full.json
FLEX2,COURSE_OFFER,OFFER_STATUS,NUMBER,number,True,False,CAMPUS;COURSE;DEPARTMENT;D_SHIFT;EMPLOYEE;SECTION;SEMESTER,,flex2_schema_full.json
FLEX2,COURSE_OFFER,OFFER_DATE,DATE,date,True,False,CAMPUS;COURSE;DEPARTMENT;D_SHIFT;EMPLOYEE;SECTION;SEMESTER,,flex2_schema_full.json
FLEX2,COURSE_OFFER,MAX_SEATS,NUMBER,number,True,False,CAMPUS;COURSE;DEPARTMENT;D_SHIFT;EMPLOYEE;SECTION;SEMESTER,,flex2_schema_full.json
FLEX2,COURSE_OFFER,CREATED_BY,NUMBER,number,True,False,CAMPUS;COURSE;DEPARTMENT;D_SHIFT;EMPLOYEE;SECTION;SEMESTER,,flex2_schema_full.json
FLEX2,COURSE_OFFER,CREATED_DATE,DATE,date,True,False,CAMPUS;COURSE;DEPARTMENT;D_SHIFT;EMPLOYEE;SECTION;SEMESTER,,flex2_schema_full.json
FLEX2,COURSE_OFFER,START_DATE,DATE,date,True,False,CAMPUS;COURSE;DEPARTMENT;D_SHIFT;EMPLOYEE;SECTION;SEMESTER,,flex2_schema_full.json
FLEX2,COURSE_OFFER,END_DATE,DATE,date,True,False,CAMPUS;COURSE;DEPARTMENT;D_SHIFT;EMPLOYEE;SECTION;SEMESTER,,flex2_schema_full.json
FLEX2,COURSE_OFFER_DETAIL,OFFER_ID,NUMBER,number,True,True,BATCH;CAMPUS;COURSE_OFFER;PROGRAM;SECTION,,flex2_schema_full.json
FLEX2,COURSE_OFFER_DETAIL,PROG_ID,NUMBER,number,True,True,BATCH;CAMPUS;COURSE_OFFER;PROGRAM;SECTION,,flex2_schema_full.json
FLEX2,COURSE_OFFER_DETAIL,BATCH_NO,NUMBER,number,True,True,BATCH;CAMPUS;COURSE_OFFER;PROGRAM;SECTION,,flex2_schema_full.json
FLEX2,COURSE_OFFER_DETAIL,BATCH_SECTION,NUMBER,number,True,True,BATCH;CAMPUS;COURSE_OFFER;PROGRAM;SECTION,,flex2_schema_full.json
FLEX2,COURSE_OFFER_DETAIL,CAMP_ID,NUMBER,number,True,False,BATCH;CAMPUS;COURSE_OFFER;PROGRAM;SECTION,,flex2_schema_full.json
FLEX2,COURSE_PREREQ,COURSE_ID,NUMBER,number,True,True,COURSE;SCHOOL,,flex2_schema_full.json
FLEX2,COURSE_PREREQ,COURSE_PREREQ,NUMBER,number,True,True,COURSE;SCHOOL,,flex2_schema_full.json
FLEX2,COURSE_PREREQ,SCH_ID,NUMBER,number,True,False,COURSE;SCHOOL,,flex2_schema_full.json
FLEX2,COURSE_PREREQ,CREATED_BY,NUMBER,number,True,False,COURSE;SCHOOL,,flex2_schema_full.json
FLEX2,COURSE_PREREQ,CREATED_DATE,DATE,date,True,False,COURSE;SCHOOL,,flex2_schema_full.json
FLEX2,COURSE_REGISTRATION,OFFER_ID,NUMBER,number,True,True,CAMPUS;COURSE;COURSE_OFFER;D_COURSE_RELATION;D_REG_STATUS;SECTION;SEMESTER;STUDENT_PROGRAM,,flex2_schema_full.json
FLEX2,COURSE_REGISTRATION,ROLL_NO,NUMBER,number,True,True,CAMPUS;COURSE;COURSE_OFFER;D_COURSE_RELATION;D_REG_STATUS;SECTION;SEMESTER;STUDENT_PROGRAM,,flex2_schema_full.json
FLEX2,COURSE_REGISTRATION,CAMP_ID,NUMBER,number,True,False,CAMPUS;COURSE;COURSE_OFFER;D_COURSE_RELATION;D_REG_STATUS;SECTION;SEMESTER;STUDENT_PROGRAM,,flex2_schema_full.json
FLEX2,COURSE_REGISTRATION,SEM_ID,NUMBER,number,True,False,CAMPUS;COURSE;COURSE_OFFER;D_COURSE_RELATION;D_REG_STATUS;SECTION;SEMESTER;STUDENT_PROGRAM,,flex2_schema_full.json
FLEX2,COURSE_REGISTRATION,COURSE_ID,NUMBER,number,True,False,CAMPUS;COURSE;COURSE_OFFER;D_COURSE_RELATION;D_REG_STATUS;SECTION;SEMESTER;STUDENT_PROGRAM,,flex2_schema_full.json
FLEX2,COURSE_REGISTRATION,SECTION_ID,NUMBER,number,True,False,CAMPUS;COURSE;COURSE_OFFER;D_COURSE_RELATION;D_REG_STATUS;SECTION;SEMESTER;STUDENT_PROGRAM,,flex2_schema_full.json
FLEX2,COURSE_REGISTRATION,RELATION_ID,CHAR,string,True,False,CAMPUS;COURSE;COURSE_OFFER;D_COURSE_RELATION;D_REG_STATUS;SECTION;SEMESTER;STUDENT_PROGRAM,,flex2_schema_full.json
FLEX2,COURSE_REGISTRATION,REG_STATUS,NUMBER,number,True,False,CAMPUS;COURSE;COURSE_OFFER;D_COURSE_RELATION;D_REG_STATUS;SECTION;SEMESTER;STUDENT_PROGRAM,,flex2_schema_full.json
FLEX2,COURSE_REGISTRATION,GRADE_POINT,NUMBER,number,True,False,CAMPUS;COURSE;COURSE_OFFER;D_COURSE_RELATION;D_REG_STATUS;SECTION;SEMESTER;STUDENT_PROGRAM,,flex2_schema_full.json
FLEX2,COURSE_REGISTRATION,GRADE,VARCHAR2,string,True,False,CAMPUS;COURSE;COURSE_OFFER;D_COURSE_RELATION;D_REG_STATUS;SECTION;SEMESTER;STUDENT_PROGRAM,,flex2_schema_full.json
FLEX2,COURSE_REGISTRATION,IS_REPLACED,NUMBER,number,True,False,CAMPUS;COURSE;COURSE_OFFER;D_COURSE_RELATION;D_REG_STATUS;SECTION;SEMESTER;STUDENT_PROGRAM,,flex2_schema_full.json
FLEX2,COURSE_REGISTRATION,REPLACED_WITH,NUMBER,number,True,False,CAMPUS;COURSE;COURSE_OFFER;D_COURSE_RELATION;D_REG_STATUS;SECTION;SEMESTER;STUDENT_PROGRAM,,flex2_schema_full.json
FLEX2,COURSE_REGISTRATION,REG_APPROVAL_DATE,DATE,date,True,False,CAMPUS;COURSE;COURSE_OFFER;D_COURSE_RELATION;D_REG_STATUS;SECTION;SEMESTER;STUDENT_PROGRAM,,flex2_schema_full.json
FLEX2,COURSE_REGISTRATION,CREATED_BY,NUMBER,number,True,False,CAMPUS;COURSE;COURSE_OFFER;D_COURSE_RELATION;D_REG_STATUS;SECTION;SEMESTER;STUDENT_PROGRAM,,flex2_schema_full.json
FLEX2,COURSE_REGISTRATION,CREATED_ON,DATE,date,True,False,CAMPUS;COURSE;COURSE_OFFER;D_COURSE_RELATION;D_REG_STATUS;SECTION;SEMESTER;STUDENT_PROGRAM,,flex2_schema_full.json
FLEX2,COURSE_REGISTRATION,LAST_MODIFIED_BY,NUMBER,number,True,False,CAMPUS;COURSE;COURSE_OFFER;D_COURSE_RELATION;D_REG_STATUS;SECTION;SEMESTER;STUDENT_PROGRAM,,flex2_schema_full.json
FLEX2,COURSE_REGISTRATION,LAST_MODIFIED_ON,DATE,date,True,False,CAMPUS;COURSE;COURSE_OFFER;D_COURSE_RELATION;D_REG_STATUS;SECTION;SEMESTER;STUDENT_PROGRAM,,flex2_schema_full.json
FLEX2,COURSE_REGISTRATION,FEEDBACK_STATUS,NUMBER,number,True,False,CAMPUS;COURSE;COURSE_OFFER;D_COURSE_RELATION;D_REG_STATUS;SECTION;SEMESTER;STUDENT_PROGRAM,,flex2_schema_full.json
FLEX2,COURSE_REGISTRATION,REPEAT_COURSE_ID,VARCHAR2,string,True,False,CAMPUS;COURSE;COURSE_OFFER;D_COURSE_RELATION;D_REG_STATUS;SECTION;SEMESTER;STUDENT_PROGRAM,,flex2_schema_full.json
FLEX2,COURSE_REGISTRATION,RESTRICTED_COURSE_ID,VARCHAR2,string,True,False,CAMPUS;COURSE;COURSE_OFFER;D_COURSE_RELATION;D_REG_STATUS;SECTION;SEMESTER;STUDENT_PROGRAM,,flex2_schema_full.json
FLEX2,COURSE_REGISTRATION_T,OFFER_ID,NUMBER,number,True,False,,,flex2_schema_full.json
FLEX2,COURSE_REGISTRATION_T,ROLL_NO,NUMBER,number,True,False,,,flex2_schema_full.json
FLEX2,COURSE_REGISTRATION_T,CAMP_ID,NUMBER,number,True,False,,,flex2_schema_full.json
FLEX2,COURSE_REGISTRATION_T,SEM_ID,NUMBER,number,True,False,,,flex2_schema_full.json
FLEX2,COURSE_REGISTRATION_T,COURSE_ID,NUMBER,number,True,False,,,flex2_schema_full.json
FLEX2,COURSE_REGISTRATION_T,SECTION_ID,NUMBER,number,True,False,,,flex2_schema_full.json
FLEX2,COURSE_REGISTRATION_T,RELATION_ID,CHAR,string,True,False,,,flex2_schema_full.json
FLEX2,COURSE_REGISTRATION_T,REG_STATUS,NUMBER,number,True,False,,,flex2_schema_full.json
FLEX2,COURSE_REGISTRATION_T,GRADE_POINT,NUMBER,number,True,False,,,flex2_schema_full.json
FLEX2,COURSE_REGISTRATION_T,GRADE,VARCHAR2,string,True,False,,,flex2_schema_full.json
FLEX2,COURSE_REGISTRATION_T,IS_REPLACED,NUMBER,number,True,False,,,flex2_schema_full.json
FLEX2,COURSE_REGISTRATION_T,REPLACED_WITH,NUMBER,number,True,False,,,flex2_schema_full.json
FLEX2,COURSE_REGISTRATION_T,REG_APPROVAL_DATE,DATE,date,True,False,,,flex2_schema_full.json
FLEX2,COURSE_REGISTRATION_T,CREATED_BY,NUMBER,number,True,False,,,flex2_schema_full.json
FLEX2,COURSE_REGISTRATION_T,CREATED_ON,DATE,date,True,False,,,flex2_schema_full.json
FLEX2,COURSE_REGISTRATION_T,LAST_MODIFIED_BY,NUMBER,number,True,False,,,flex2_schema_full.json
FLEX2,COURSE_REGISTRATION_T,LAST_MODIFIED_ON,DATE,date,True,False,,,flex2_schema_full.json
FLEX2,COURSE_REGISTRATION_T,FEEDBACK_STATUS,NUMBER,number,True,False,,,flex2_schema_full.json
FLEX2,COURSE_REGISTRATION_T,REPEAT_COURSE_ID,VARCHAR2,string,True,False,,,flex2_schema_full.json
FLEX2,COURSE_REGISTRATION_T,RESTRICTED_COURSE_ID,VARCHAR2,string,True,False,,,flex2_schema_full.json
FLEX2,C_TEMP,ROLLNO,NUMBER,number,True,False,,,flex2_schema_full.json
FLEX2,C_TEMP,PERCENTAGE,NUMBER,number,True,False,,,flex2_schema_full.json
FLEX2,C_TEMP,TESTDATE,DATE,date,True,False,,,flex2_schema_full.json
FLEX2,DEPARTMENT,DEPT_ID,NUMBER,number,True,True,D_DEPT_TYPE,,flex2_schema_full.json
FLEX2,DEPARTMENT,TITLE,VARCHAR2,string,True,False,D_DEPT_TYPE,,flex2_schema_full.json
FLEX2,DEPARTMENT,CODE,CHAR,string,True,False,D_DEPT_TYPE,,flex2_schema_full.json
FLEX2,DEPARTMENT,ADDRESS,VARCHAR2,string,True,False,D_DEPT_TYPE,,flex2_schema_full.json
FLEX2,DEPARTMENT,CITY,VARCHAR2,string,True,False,D_DEPT_TYPE,,flex2_schema_full.json
FLEX2,DEPARTMENT,TEL_NO,VARCHAR2,string,True,False,D_DEPT_TYPE,,flex2_schema_full.json
FLEX2,DEPARTMENT,TEL_EXT,VARCHAR2,string,True,False,D_DEPT_TYPE,,flex2_schema_full.json
FLEX2,DEPARTMENT,FAX_NO,VARCHAR2,string,True,False,D_DEPT_TYPE,,flex2_schema_full.json
FLEX2,DEPARTMENT,DEPT_TYPE_ID,NUMBER,number,True,False,D_DEPT_TYPE,,flex2_schema_full.json
FLEX2,DEPT_PROGRAM,DP_ID,NUMBER,number,True,True,DEPARTMENT;PROGRAM,,flex2_schema_full.json
FLEX2,DEPT_PROGRAM,PROG_ID,NUMBER,number,True,False,DEPARTMENT;PROGRAM,,flex2_schema_full.json
FLEX2,DEPT_PROGRAM,DEPT_ID,NUMBER,number,True,False,DEPARTMENT;PROGRAM,,flex2_schema_full.json
FLEX2,DISCIPLINE_PREFERENCE,ARN,NUMBER,number,True,True,PROGRAM;STUDENT_PERSONAL_INFO,,flex2_schema_full.json
FLEX2,DISCIPLINE_PREFERENCE,PROG_ID,NUMBER,number,True,True,PROGRAM;STUDENT_PERSONAL_INFO,,flex2_schema_full.json
FLEX2,DISCIPLINE_PREFERENCE,RATING,NUMBER,number,True,False,PROGRAM;STUDENT_PERSONAL_INFO,,flex2_schema_full.json
FLEX2,DISCIPLINE_PREFERENCE,ISSELECTED,NUMBER,number,True,False,PROGRAM;STUDENT_PERSONAL_INFO,,flex2_schema_full.json
FLEX2,DISCIPLINE_PREFERENCE,ENTRYTEST_MARKS,NUMBER,number,True,False,PROGRAM;STUDENT_PERSONAL_INFO,,flex2_schema_full.json
FLEX2,DISCIPLINE_PREFERENCE,ENTRYTEST_TYPE,NUMBER,number,True,False,PROGRAM;STUDENT_PERSONAL_INFO,,flex2_schema_full.json
FLEX2,DOCUMENT_VERIFICATION,ID,NUMBER,number,True,True,PROGRAM;STUDENT_PERSONAL_INFO,,flex2_schema_full.json
FLEX2,DOCUMENT_VERIFICATION,ARN,NUMBER,number,True,False,PROGRAM;STUDENT_PERSONAL_INFO,,flex2_schema_full.json
FLEX2,DOCUMENT_VERIFICATION,PROG_ID,NUMBER,number,True,False,PROGRAM;STUDENT_PERSONAL_INFO,,flex2_schema_full.json
FLEX2,DOCUMENT_VERIFICATION,VERIFIED_BY,NUMBER,number,True,False,PROGRAM;STUDENT_PERSONAL_INFO,,flex2_schema_full.json
FLEX2,DOCUMENT_VERIFICATION,VERIFIED_ON,DATE,date,True,False,PROGRAM;STUDENT_PERSONAL_INFO,,flex2_schema_full.json
FLEX2,DOCUMENT_VERIFICATION,IS_FACULTY,NUMBER,number,True,False,PROGRAM;STUDENT_PERSONAL_INFO,,flex2_schema_full.json
FLEX2,DOCUMENT_VERIFICATION,IS_ALUMNI,NUMBER,number,True,False,PROGRAM;STUDENT_PERSONAL_INFO,,flex2_schema_full.json
FLEX2,DOCUMENT_VERIFICATION,AVAIL_TRANSPORT,NUMBER,number,True,False,PROGRAM;STUDENT_PERSONAL_INFO,,flex2_schema_full.json
FLEX2,DOCUMENT_VERIFICATION,ADMISSION_TYPE,VARCHAR2,string,True,False,PROGRAM;STUDENT_PERSONAL_INFO,,flex2_schema_full.json
FLEX2,DOCUMENT_VERIFICATION,MODIFIED_BY,VARCHAR2,string,True,False,PROGRAM;STUDENT_PERSONAL_INFO,,flex2_schema_full.json
FLEX2,DOCUMENT_VERIFICATION,MODIFIED_ON,DATE,date,True,False,PROGRAM;STUDENT_PERSONAL_INFO,,flex2_schema_full.json
FLEX2,DOCUMENT_VERIFICATION,STATUS,NUMBER,number,True,False,PROGRAM;STUDENT_PERSONAL_INFO,,flex2_schema_full.json
FLEX2,D_COURSE_EVALUATION,EVAL_TYPE_ID,NUMBER,number,True,True,,,flex2_schema_full.json
FLEX2,D_COURSE_EVALUATION,TITLE,VARCHAR2,string,True,False,,,flex2_schema_full.json
FLEX2,D_COURSE_EVALUATION,STATUS,NUMBER,number,True,False,,,flex2_schema_full.json
FLEX2,D_COURSE_EVALUATION,SHORT_NAME,VARCHAR2,string,True,False,,,flex2_schema_full.json
FLEX2,D_COURSE_EVALUATION,DISPLAY_ORDER,NUMBER,number,True,False,,,flex2_schema_full.json
FLEX2,D_COURSE_LEVEL,LEVEL_ID,NUMBER,number,True,True,,,flex2_schema_full.json
FLEX2,D_COURSE_LEVEL,TITLE,VARCHAR2,string,True,False,,,flex2_schema_full.json
FLEX2,D_COURSE_LEVEL,STATUS,NUMBER,number,True,False,,,flex2_schema_full.json
FLEX2,D_COURSE_RELATION,RELATION_ID,CHAR,string,True,True,,,flex2_schema_full.json
FLEX2,D_COURSE_RELATION,TITLE,VARCHAR2,string,True,False,,,flex2_schema_full.json
FLEX2,D_COURSE_RELATION,STATUS,NUMBER,number,True,False,,,flex2_schema_full.json
FLEX2,D_COURSE_TYPE,TYPE_ID,NUMBER,number,True,True,,,flex2_schema_full.json
FLEX2,D_COURSE_TYPE,TITLE,VARCHAR2,string,True,False,,,flex2_schema_full.json
FLEX2,D_COURSE_TYPE,STATUS,NUMBER,number,True,False,,,flex2_schema_full.json
FLEX2,D_DEGREE_TYPE,DT_ID,NUMBER,number,True,True,,,flex2_schema_full.json
FLEX2,D_DEGREE_TYPE,TITLE,VARCHAR2,string,True,False,,,flex2_schema_full.json
FLEX2,D_DEGREE_TYPE,STATUS,NUMBER,number,True,False,,,flex2_schema_full.json
FLEX2,D_DEPT_EVAL_SCHEME,CAMP_ID,NUMBER,number,True,True,CAMPUS;D_COURSE_EVALUATION;SCHOOL,,flex2_schema_full.json
FLEX2,D_DEPT_EVAL_SCHEME,SCH_ID,NUMBER,number,True,True,CAMPUS;D_COURSE_EVALUATION;SCHOOL,,flex2_schema_full.json
FLEX2,D_DEPT_EVAL_SCHEME,EVAL_TYPE_ID,NUMBER,number,True,True,CAMPUS;D_COURSE_EVALUATION;SCHOOL,,flex2_schema_full.json
FLEX2,D_DEPT_EVAL_SCHEME,WEIGHT_FROM,NUMBER,number,True,False,CAMPUS;D_COURSE_EVALUATION;SCHOOL,,flex2_schema_full.json
FLEX2,D_DEPT_EVAL_SCHEME,WEIGHT_TO,NUMBER,number,True,False,CAMPUS;D_COURSE_EVALUATION;SCHOOL,,flex2_schema_full.json
FLEX2,D_DEPT_EVAL_SCHEME,WEIGHT_DEF_VALUE,NUMBER,number,True,False,CAMPUS;D_COURSE_EVALUATION;SCHOOL,,flex2_schema_full.json
FLEX2,D_DEPT_EVAL_SCHEME,WEIGHT_MSG,VARCHAR2,string,True,False,CAMPUS;D_COURSE_EVALUATION;SCHOOL,,flex2_schema_full.json
FLEX2,D_DEPT_EVAL_SCHEME,BEST_OF_FROM,NUMBER,number,True,False,CAMPUS;D_COURSE_EVALUATION;SCHOOL,,flex2_schema_full.json
FLEX2,D_DEPT_EVAL_SCHEME,BEST_OF_TO,NUMBER,number,True,False,CAMPUS;D_COURSE_EVALUATION;SCHOOL,,flex2_schema_full.json
FLEX2,D_DEPT_EVAL_SCHEME,BEST_OF_DEF_VALUE,NUMBER,number,True,False,CAMPUS;D_COURSE_EVALUATION;SCHOOL,,flex2_schema_full.json
FLEX2,D_DEPT_EVAL_SCHEME,BEST_OF_MSG,VARCHAR2,string,True,False,CAMPUS;D_COURSE_EVALUATION;SCHOOL,,flex2_schema_full.json
FLEX2,D_DEPT_EVAL_SCHEME,DISPLAY_ORDER,NUMBER,number,True,False,CAMPUS;D_COURSE_EVALUATION;SCHOOL,,flex2_schema_full.json
FLEX2,D_DEPT_EVAL_SCHEME,IS_DEFAULT,NUMBER,number,True,False,CAMPUS;D_COURSE_EVALUATION;SCHOOL,,flex2_schema_full.json
FLEX2,D_DEPT_EVAL_SCHEME,COURSE_TYPE,NUMBER,number,True,True,CAMPUS;D_COURSE_EVALUATION;SCHOOL,,flex2_schema_full.json
FLEX2,D_DEPT_EVAL_SCHEME_,CAMP_ID,NUMBER,number,True,False,,,flex2_schema_full.json
FLEX2,D_DEPT_EVAL_SCHEME_,SCH_ID,NUMBER,number,True,False,,,flex2_schema_full.json
FLEX2,D_DEPT_EVAL_SCHEME_,EVAL_TYPE_ID,NUMBER,number,True,False,,,flex2_schema_full.json
FLEX2,D_DEPT_EVAL_SCHEME_,WEIGHT_FROM,NUMBER,number,True,False,,,flex2_schema_full.json
FLEX2,D_DEPT_EVAL_SCHEME_,WEIGHT_TO,NUMBER,number,True,False,,,flex2_schema_full.json
FLEX2,D_DEPT_EVAL_SCHEME_,WEIGHT_DEF_VALUE,NUMBER,number,True,False,,,flex2_schema_full.json
FLEX2,D_DEPT_EVAL_SCHEME_,WEIGHT_MSG,VARCHAR2,string,True,False,,,flex2_schema_full.json
FLEX2,D_DEPT_EVAL_SCHEME_,BEST_OF_FROM,NUMBER,number,True,False,,,flex2_schema_full.json
FLEX2,D_DEPT_EVAL_SCHEME_,BEST_OF_TO,NUMBER,number,True,False,,,flex2_schema_full.json
FLEX2,D_DEPT_EVAL_SCHEME_,BEST_OF_DEF_VALUE,NUMBER,number,True,False,,,flex2_schema_full.json
FLEX2,D_DEPT_EVAL_SCHEME_,BEST_OF_MSG,VARCHAR2,string,True,False,,,flex2_schema_full.json
FLEX2,D_DEPT_EVAL_SCHEME_,DISPLAY_ORDER,NUMBER,number,True,False,,,flex2_schema_full.json
FLEX2,D_DEPT_EVAL_SCHEME_,IS_DEFAULT,NUMBER,number,True,False,,,flex2_schema_full.json
FLEX2,D_DEPT_EVAL_SCHEME_,COURSE_TYPE,NUMBER,number,True,False,,,flex2_schema_full.json
FLEX2,D_DEPT_EVAL_SCHEME_T,CAMP_ID,NUMBER,number,True,False,,,flex2_schema_full.json
FLEX2,D_DEPT_EVAL_SCHEME_T,SCH_ID,NUMBER,number,True,False,,,flex2_schema_full.json
FLEX2,D_DEPT_EVAL_SCHEME_T,EVAL_TYPE_ID,NUMBER,number,True,False,,,flex2_schema_full.json
FLEX2,D_DEPT_EVAL_SCHEME_T,WEIGHT_FROM,NUMBER,number,True,False,,,flex2_schema_full.json
FLEX2,D_DEPT_EVAL_SCHEME_T,WEIGHT_TO,NUMBER,number,True,False,,,flex2_schema_full.json
FLEX2,D_DEPT_EVAL_SCHEME_T,WEIGHT_DEF_VALUE,NUMBER,number,True,False,,,flex2_schema_full.json
FLEX2,D_DEPT_EVAL_SCHEME_T,WEIGHT_MSG,VARCHAR2,string,True,False,,,flex2_schema_full.json
FLEX2,D_DEPT_EVAL_SCHEME_T,BEST_OF_FROM,NUMBER,number,True,False,,,flex2_schema_full.json
FLEX2,D_DEPT_EVAL_SCHEME_T,BEST_OF_TO,NUMBER,number,True,False,,,flex2_schema_full.json
FLEX2,D_DEPT_EVAL_SCHEME_T,BEST_OF_DEF_VALUE,NUMBER,number,True,False,,,flex2_schema_full.json
FLEX2,D_DEPT_EVAL_SCHEME_T,BEST_OF_MSG,VARCHAR2,string,True,False,,,flex2_schema_full.json
FLEX2,D_DEPT_EVAL_SCHEME_T,DISPLAY_ORDER,NUMBER,number,True,False,,,flex2_schema_full.json
FLEX2,D_DEPT_EVAL_SCHEME_T,IS_DEFAULT,NUMBER,number,True,False,,,flex2_schema_full.json
FLEX2,D_DEPT_EVAL_SCHEME_T,COURSE_TYPE,NUMBER,number,True,False,,,flex2_schema_full.json
FLEX2,D_DEPT_EVAL_TEMP,EVAL_TYPE_ID,NUMBER,number,True,False,,,flex2_schema_full.json
FLEX2,D_DEPT_EVAL_TEMP,WEIGHT_FROM,NUMBER,number,True,False,,,flex2_schema_full.json
FLEX2,D_DEPT_EVAL_TEMP,WEIGHT_TO,NUMBER,number,True,False,,,flex2_schema_full.json
FLEX2,D_DEPT_EVAL_TEMP,WEIGHT_DEF_VALUE,NUMBER,number,True,False,,,flex2_schema_full.json
FLEX2,D_DEPT_EVAL_TEMP,WEIGHT_MSG,VARCHAR2,string,True,False,,,flex2_schema_full.json
FLEX2,D_DEPT_EVAL_TEMP,BEST_OF_FROM,NUMBER,number,True,False,,,flex2_schema_full.json
FLEX2,D_DEPT_EVAL_TEMP,BEST_OF_TO,NUMBER,number,True,False,,,flex2_schema_full.json
FLEX2,D_DEPT_EVAL_TEMP,BEST_OF_DEF_VALUE,NUMBER,number,True,False,,,flex2_schema_full.json
FLEX2,D_DEPT_EVAL_TEMP,BEST_OF_MSG,VARCHAR2,string,True,False,,,flex2_schema_full.json
FLEX2,D_DEPT_EVAL_TEMP,DISPLAY_ORDER,NUMBER,number,True,False,,,flex2_schema_full.json
FLEX2,D_DEPT_EVAL_TEMP,IS_DEFAULT,NUMBER,number,True,False,,,flex2_schema_full.json
FLEX2,D_DEPT_EVAL_TEMP,COURSE_TYPE,NUMBER,number,True,False,,,flex2_schema_full.json
FLEX2,D_DEPT_TYPE,TYPE_ID,NUMBER,number,True,True,,,flex2_schema_full.json
FLEX2,D_DEPT_TYPE,TITLE,VARCHAR2,string,True,False,,,flex2_schema_full.json
FLEX2,D_DEPT_TYPE,STATUS,NUMBER,number,True,False,,,flex2_schema_full.json
FLEX2,D_EMP_DESIGNATION,DESIGNATION_ID,NUMBER,number,True,True,,,flex2_schema_full.json
FLEX2,D_EMP_DESIGNATION,TITLE,VARCHAR2,string,True,False,,,flex2_schema_full.json
FLEX2,D_EMP_DESIGNATION,SHORT_NAME,VARCHAR2,string,True,False,,,flex2_schema_full.json
FLEX2,D_EMP_DESIGNATION,DISPLAY_ORDER,NUMBER,number,True,False,,,flex2_schema_full.json
FLEX2,D_EMP_DESIGNATION,IS_FACULTY,NUMBER,number,True,False,,,flex2_schema_full.json
FLEX2,D_EMP_DESIGNATION,STATUS,NUMBER,number,True,False,,,flex2_schema_full.json
FLEX2,D_EMP_STATUS,EMP_STATUS_ID,NUMBER,number,True,True,,,flex2_schema_full.json
FLEX2,D_EMP_STATUS,TITLE,VARCHAR2,string,True,False,,,flex2_schema_full.json
FLEX2,D_EMP_STATUS,DISPLAY_ORDER,NUMBER,number,True,False,,,flex2_schema_full.json
FLEX2,D_EMP_STATUS,IS_DISPLAY,NUMBER,number,True,False,,,flex2_schema_full.json
FLEX2,D_EMP_TYPE,EMP_TYPE_ID,NUMBER,number,True,True,,,flex2_schema_full.json
FLEX2,D_EMP_TYPE,TITLE,VARCHAR2,string,True,False,,,flex2_schema_full.json
FLEX2,D_EMP_TYPE,STATUS,NUMBER,number,True,False,,,flex2_schema_full.json
FLEX2,D_FAMILY_RELATION,REL_TYPE_ID,NUMBER,number,True,True,,,flex2_schema_full.json
FLEX2,D_FAMILY_RELATION,TITLE,VARCHAR2,string,True,False,,,flex2_schema_full.json
FLEX2,D_FAMILY_RELATION,STATUS,NUMBER,number,True,False,,,flex2_schema_full.json
FLEX2,D_GENDER,GENDER_ID,NUMBER,number,True,True,,,flex2_schema_full.json
FLEX2,D_GENDER,GENDER,VARCHAR2,string,True,False,,,flex2_schema_full.json
FLEX2,D_PHD_FUNDEDBY,FUNDED_ID,NUMBER,number,True,True,,,flex2_schema_full.json
FLEX2,D_PHD_FUNDEDBY,FUNDED_TEXT,VARCHAR2,string,True,False,,,flex2_schema_full.json
FLEX2,D_PHD_FUNDEDBY,SHORT_NAME,VARCHAR2,string,True,False,,,flex2_schema_full.json
FLEX2,D_PROGRAM_LEVEL,LEVEL_ID,NUMBER,number,True,True,,,flex2_schema_full.json
FLEX2,D_PROGRAM_LEVEL,TITLE,VARCHAR2,string,True,False,,,flex2_schema_full.json
FLEX2,D_PROGRAM_LEVEL,STATUS,NUMBER,number,True,False,,,flex2_schema_full.json
FLEX2,D_PROGRAM_SPECIALIZATION,SP_ID,VARCHAR2,string,True,False,,,flex2_schema_full.json
FLEX2,D_PROGRAM_SPECIALIZATION,TITLE,VARCHAR2,string,True,False,,,flex2_schema_full.json
FLEX2,D_PROGRAM_SPECIALIZATION,PROG_ID,NUMBER,number,True,False,,,flex2_schema_full.json
FLEX2,D_PROGRAM_SPECIALIZATION,STATUS,NUMBER,number,True,False,,,flex2_schema_full.json
FLEX2,D_REG_STATUS,STATUS_ID,NUMBER,number,True,True,,,flex2_schema_full.json
FLEX2,D_REG_STATUS,TITLE,VARCHAR2,string,True,False,,,flex2_schema_full.json
FLEX2,D_SHIFT,SHIFT_ID,CHAR,string,True,True,,,flex2_schema_full.json
FLEX2,D_SHIFT,TITLE,VARCHAR2,string,True,False,,,flex2_schema_full.json
FLEX2,D_SHIFT,STATUS,NUMBER,number,True,False,,,flex2_schema_full.json
FLEX2,D_STUDENT_REG_STATUS,STATUS_ID,NUMBER,number,True,True,,,flex2_schema_full.json
FLEX2,D_STUDENT_REG_STATUS,TITLE,VARCHAR2,string,True,False,,,flex2_schema_full.json
FLEX2,D_STUDENT_REG_STATUS,IS_DISPLAY,NUMBER,number,True,False,,,flex2_schema_full.json
FLEX2,D_STUDENT_STATUS,STATUS_ID,NUMBER,number,True,True,,,flex2_schema_full.json
FLEX2,D_STUDENT_STATUS,TITLE,VARCHAR2,string,True,False,,,flex2_schema_full.json
FLEX2,D_STUDENT_STATUS,IS_DISPLAY,NUMBER,number,True,False,,,flex2_schema_full.json
FLEX2,D_STUDY_PLAN_ELECTIVE,ELECTIVE_ID,NUMBER,number,True,True,SCHOOL_DOMAIN,,flex2_schema_full.json
FLEX2,D_STUDY_PLAN_ELECTIVE,CODE,VARCHAR2,string,True,False,SCHOOL_DOMAIN,,flex2_schema_full.json
FLEX2,D_STUDY_PLAN_ELECTIVE,TITLE,VARCHAR2,string,True,False,SCHOOL_DOMAIN,,flex2_schema_full.json
FLEX2,D_STUDY_PLAN_ELECTIVE,SCH_DOM_ID,VARCHAR2,string,True,False,SCHOOL_DOMAIN,,flex2_schema_full.json
FLEX2,D_STUDY_PLAN_ELECTIVE,CREDIT_HRS,NUMBER,number,True,False,SCHOOL_DOMAIN,,flex2_schema_full.json
FLEX2,D_TEACHER_ACTIVITY,ACT_ID,NUMBER,number,True,True,,,flex2_schema_full.json
FLEX2,D_TEACHER_ACTIVITY,ACT_DESC,VARCHAR2,string,True,False,,,flex2_schema_full.json
FLEX2,D_TEACHER_ACTIVITY,IS_DDL,NUMBER,number,True,False,,,flex2_schema_full.json
FLEX2,D_TEACHER_ACTIVITY,IS_ACTIVE,NUMBER,number,True,False,,,flex2_schema_full.json
FLEX2,D_USER_TYPE,USER_TYPE_ID,NUMBER,number,True,False,,,flex2_schema_full.json
FLEX2,D_USER_TYPE,TITLE,VARCHAR2,string,True,False,,,flex2_schema_full.json
FLEX2,D_USER_TYPE,STATUS,NUMBER,number,True,False,,,flex2_schema_full.json
FLEX2,EMPLOYEE,EMP_ID,NUMBER,number,True,True,CAMPUS;CITY;COUNTRY;DEPARTMENT;D_EMP_DESIGNATION;D_EMP_TYPE;SCHOOL,,flex2_schema_full.json
FLEX2,EMPLOYEE,EMP_NAME,VARCHAR2,string,True,False,CAMPUS;CITY;COUNTRY;DEPARTMENT;D_EMP_DESIGNATION;D_EMP_TYPE;SCHOOL,,flex2_schema_full.json
FLEX2,EMPLOYEE,DOB,DATE,date,True,False,CAMPUS;CITY;COUNTRY;DEPARTMENT;D_EMP_DESIGNATION;D_EMP_TYPE;SCHOOL,,flex2_schema_full.json
FLEX2,EMPLOYEE,CNIC,VARCHAR2,string,True,False,CAMPUS;CITY;COUNTRY;DEPARTMENT;D_EMP_DESIGNATION;D_EMP_TYPE;SCHOOL,,flex2_schema_full.json
FLEX2,EMPLOYEE,GENDER,CHAR,string,True,False,CAMPUS;CITY;COUNTRY;DEPARTMENT;D_EMP_DESIGNATION;D_EMP_TYPE;SCHOOL,,flex2_schema_full.json
FLEX2,EMPLOYEE,EMAIL,VARCHAR2,string,True,False,CAMPUS;CITY;COUNTRY;DEPARTMENT;D_EMP_DESIGNATION;D_EMP_TYPE;SCHOOL,,flex2_schema_full.json
FLEX2,EMPLOYEE,PEC_NUMBER,VARCHAR2,string,True,False,CAMPUS;CITY;COUNTRY;DEPARTMENT;D_EMP_DESIGNATION;D_EMP_TYPE;SCHOOL,,flex2_schema_full.json
FLEX2,EMPLOYEE,CURR_ADDRESS,VARCHAR2,string,True,False,CAMPUS;CITY;COUNTRY;DEPARTMENT;D_EMP_DESIGNATION;D_EMP_TYPE;SCHOOL,,flex2_schema_full.json
FLEX2,EMPLOYEE,CURR_TELNO,VARCHAR2,string,True,False,CAMPUS;CITY;COUNTRY;DEPARTMENT;D_EMP_DESIGNATION;D_EMP_TYPE;SCHOOL,,flex2_schema_full.json
FLEX2,EMPLOYEE,CURR_MOBILE_NO,VARCHAR2,string,True,False,CAMPUS;CITY;COUNTRY;DEPARTMENT;D_EMP_DESIGNATION;D_EMP_TYPE;SCHOOL,,flex2_schema_full.json
FLEX2,EMPLOYEE,PERM_ADDRESS,VARCHAR2,string,True,False,CAMPUS;CITY;COUNTRY;DEPARTMENT;D_EMP_DESIGNATION;D_EMP_TYPE;SCHOOL,,flex2_schema_full.json
FLEX2,EMPLOYEE,PERM_TELNO,VARCHAR2,string,True,False,CAMPUS;CITY;COUNTRY;DEPARTMENT;D_EMP_DESIGNATION;D_EMP_TYPE;SCHOOL,,flex2_schema_full.json
FLEX2,EMPLOYEE,PERM_MOBILE_NO,VARCHAR2,string,True,False,CAMPUS;CITY;COUNTRY;DEPARTMENT;D_EMP_DESIGNATION;D_EMP_TYPE;SCHOOL,,flex2_schema_full.json
FLEX2,EMPLOYEE,DESIGNATION_ID,NUMBER,number,True,False,CAMPUS;CITY;COUNTRY;DEPARTMENT;D_EMP_DESIGNATION;D_EMP_TYPE;SCHOOL,,flex2_schema_full.json
FLEX2,EMPLOYEE,CAMP_ID,NUMBER,number,True,False,CAMPUS;CITY;COUNTRY;DEPARTMENT;D_EMP_DESIGNATION;D_EMP_TYPE;SCHOOL,,flex2_schema_full.json
FLEX2,EMPLOYEE,HRM_ID,VARCHAR2,string,True,False,CAMPUS;CITY;COUNTRY;DEPARTMENT;D_EMP_DESIGNATION;D_EMP_TYPE;SCHOOL,,flex2_schema_full.json
FLEX2,EMPLOYEE,EMP_TYPE_ID,NUMBER,number,True,False,CAMPUS;CITY;COUNTRY;DEPARTMENT;D_EMP_DESIGNATION;D_EMP_TYPE;SCHOOL,,flex2_schema_full.json
FLEX2,EMPLOYEE,IS_HOD,NUMBER,number,True,False,CAMPUS;CITY;COUNTRY;DEPARTMENT;D_EMP_DESIGNATION;D_EMP_TYPE;SCHOOL,,flex2_schema_full.json
FLEX2,EMPLOYEE,IS_DIRECTOR,NUMBER,number,True,False,CAMPUS;CITY;COUNTRY;DEPARTMENT;D_EMP_DESIGNATION;D_EMP_TYPE;SCHOOL,,flex2_schema_full.json
FLEX2,EMPLOYEE,STATUS,NUMBER,number,True,False,CAMPUS;CITY;COUNTRY;DEPARTMENT;D_EMP_DESIGNATION;D_EMP_TYPE;SCHOOL,,flex2_schema_full.json
FLEX2,EMPLOYEE,CREATED_BY,NUMBER,number,True,False,CAMPUS;CITY;COUNTRY;DEPARTMENT;D_EMP_DESIGNATION;D_EMP_TYPE;SCHOOL,,flex2_schema_full.json
FLEX2,EMPLOYEE,CREATED_DATE,DATE,date,True,False,CAMPUS;CITY;COUNTRY;DEPARTMENT;D_EMP_DESIGNATION;D_EMP_TYPE;SCHOOL,,flex2_schema_full.json
FLEX2,EMPLOYEE,SCH_ID,NUMBER,number,True,False,CAMPUS;CITY;COUNTRY;DEPARTMENT;D_EMP_DESIGNATION;D_EMP_TYPE;SCHOOL,,flex2_schema_full.json
FLEX2,EMPLOYEE,DEPT_ID,NUMBER,number,True,False,CAMPUS;CITY;COUNTRY;DEPARTMENT;D_EMP_DESIGNATION;D_EMP_TYPE;SCHOOL,,flex2_schema_full.json
FLEX2,EMPLOYEE,HIRE_DATE,DATE,date,True,False,CAMPUS;CITY;COUNTRY;DEPARTMENT;D_EMP_DESIGNATION;D_EMP_TYPE;SCHOOL,,flex2_schema_full.json
FLEX2,EMPLOYEE,MARITAL_STATUS,VARCHAR2,string,True,False,CAMPUS;CITY;COUNTRY;DEPARTMENT;D_EMP_DESIGNATION;D_EMP_TYPE;SCHOOL,,flex2_schema_full.json
FLEX2,EMPLOYEE,CURR_CITY,NUMBER,number,True,False,CAMPUS;CITY;COUNTRY;DEPARTMENT;D_EMP_DESIGNATION;D_EMP_TYPE;SCHOOL,,flex2_schema_full.json
FLEX2,EMPLOYEE,PERM_CITY,NUMBER,number,True,False,CAMPUS;CITY;COUNTRY;DEPARTMENT;D_EMP_DESIGNATION;D_EMP_TYPE;SCHOOL,,flex2_schema_full.json
FLEX2,EMPLOYEE,PERM_COUNTRY,NUMBER,number,True,False,CAMPUS;CITY;COUNTRY;DEPARTMENT;D_EMP_DESIGNATION;D_EMP_TYPE;SCHOOL,,flex2_schema_full.json
FLEX2,EMPLOYEE,CURR_COUNTRY,NUMBER,number,True,False,CAMPUS;CITY;COUNTRY;DEPARTMENT;D_EMP_DESIGNATION;D_EMP_TYPE;SCHOOL,,flex2_schema_full.json
FLEX2,EMPLOYEE,IS_EXAMINER,NUMBER,number,True,False,CAMPUS;CITY;COUNTRY;DEPARTMENT;D_EMP_DESIGNATION;D_EMP_TYPE;SCHOOL,,flex2_schema_full.json
FLEX2,EXCEPTION_DETAIL,EXP_ID,NUMBER,number,True,True,STUDENT_PROGRAM,,flex2_schema_full.json
FLEX2,EXCEPTION_DETAIL,EXCEPTION,VARCHAR2,string,True,False,STUDENT_PROGRAM,,flex2_schema_full.json
FLEX2,EXCEPTION_DETAIL,INNER_EXCEPTION,VARCHAR2,string,True,False,STUDENT_PROGRAM,,flex2_schema_full.json
FLEX2,EXCEPTION_DETAIL,ROLL_NO,NUMBER,number,True,False,STUDENT_PROGRAM,,flex2_schema_full.json
FLEX2,EXCEPTION_DETAIL,PAGE_NAME,VARCHAR2,string,True,False,STUDENT_PROGRAM,,flex2_schema_full.json
FLEX2,EXCEPTION_DETAIL,CREATED_DATE,DATE,date,True,False,STUDENT_PROGRAM,,flex2_schema_full.json
FLEX2,EXEMPTED_COURSES,ROLL_NO,NUMBER,number,True,True,COURSE;STUDENT_PROGRAM,,flex2_schema_full.json
FLEX2,EXEMPTED_COURSES,COURSE_ID,NUMBER,number,True,True,COURSE;STUDENT_PROGRAM,,flex2_schema_full.json
FLEX2,EXEMPTED_COURSES,REMARKS,VARCHAR2,string,True,False,COURSE;STUDENT_PROGRAM,,flex2_schema_full.json
FLEX2,EXEMPTED_COURSES,CREATED_BY,NUMBER,number,True,False,COURSE;STUDENT_PROGRAM,,flex2_schema_full.json
FLEX2,EXEMPTED_COURSES,CREATED_DATE,DATE,date,True,False,COURSE;STUDENT_PROGRAM,,flex2_schema_full.json
FLEX2,FB_CGPA_BAND,CGPA_BAND_ID,NUMBER,number,True,True,,,flex2_schema_full.json
FLEX2,FB_CGPA_BAND,CGPA_BAND,VARCHAR2,string,True,False,,,flex2_schema_full.json
FLEX2,FB_PERFORMA,PID,NUMBER,number,True,True,,,flex2_schema_full.json
FLEX2,FB_PERFORMA,TEXT,VARCHAR2,string,True,False,,,flex2_schema_full.json
FLEX2,FB_QUESTIONS,QUESTION_ID,NUMBER,number,True,True,FB_QUESTIONS_CATEGORY,,flex2_schema_full.json
FLEX2,FB_QUESTIONS,CATEGORY_ID,NUMBER,number,True,False,FB_QUESTIONS_CATEGORY,,flex2_schema_full.json
FLEX2,FB_QUESTIONS,TEXT,VARCHAR2,string,True,False,FB_QUESTIONS_CATEGORY,,flex2_schema_full.json
FLEX2,FB_QUESTIONS,WEIGHT,NUMBER,number,True,False,FB_QUESTIONS_CATEGORY,,flex2_schema_full.json
FLEX2,FB_QUESTIONS,DISPLAY_ORDER,NUMBER,number,True,False,FB_QUESTIONS_CATEGORY,,flex2_schema_full.json
FLEX2,FB_QUESTIONS,ISACTIVE,NUMBER,number,True,False,FB_QUESTIONS_CATEGORY,,flex2_schema_full.json
FLEX2,FB_QUESTIONS,CREATED_BY,NUMBER,number,True,False,FB_QUESTIONS_CATEGORY,,flex2_schema_full.json
FLEX2,FB_QUESTIONS,CREATED_ON,DATE,date,True,False,FB_QUESTIONS_CATEGORY,,flex2_schema_full.json
FLEX2,FB_QUESTIONS,CONTROL_TYPE,NUMBER,number,True,False,FB_QUESTIONS_CATEGORY,,flex2_schema_full.json
FLEX2,FB_QUESTIONS_CATEGORY,CATEGORY_ID,NUMBER,number,True,True,FB_PERFORMA,,flex2_schema_full.json
FLEX2,FB_QUESTIONS_CATEGORY,TEXT,VARCHAR2,string,True,False,FB_PERFORMA,,flex2_schema_full.json
FLEX2,FB_QUESTIONS_CATEGORY,PID,NUMBER,number,True,False,FB_PERFORMA,,flex2_schema_full.json
FLEX2,FB_QUESTIONS_CHOICE,QUESTION_ID,NUMBER,number,True,True,FB_QUESTIONS,,flex2_schema_full.json
FLEX2,FB_QUESTIONS_CHOICE,CHOICE_ID,NUMBER,number,True,True,FB_QUESTIONS,,flex2_schema_full.json
FLEX2,FB_QUESTIONS_CHOICE,TEXT,VARCHAR2,string,True,False,FB_QUESTIONS,,flex2_schema_full.json
FLEX2,FB_QUESTIONS_CHOICE,WEIGHT,NUMBER,number,True,False,FB_QUESTIONS,,flex2_schema_full.json
FLEX2,FB_QUESTIONS_CHOICE,DISPLAY_ORDER,NUMBER,number,True,False,FB_QUESTIONS,,flex2_schema_full.json
FLEX2,FB_QUESTIONS_CHOICE,CREATED_BY,NUMBER,number,True,False,FB_QUESTIONS,,flex2_schema_full.json
FLEX2,FB_QUESTIONS_CHOICE,CREATED_ON,DATE,date,True,False,FB_QUESTIONS,,flex2_schema_full.json
FLEX2,FB_STUDENTREPONSE_DETAIL,OFFER_ID,NUMBER,number,True,True,COURSE_OFFER;FB_CGPA_BAND;FB_QUESTIONS;STUDENT_PROGRAM,,flex2_schema_full.json
FLEX2,FB_STUDENTREPONSE_DETAIL,QUESTION_ID,NUMBER,number,True,True,COURSE_OFFER;FB_CGPA_BAND;FB_QUESTIONS;STUDENT_PROGRAM,,flex2_schema_full.json
FLEX2,FB_STUDENTREPONSE_DETAIL,CHOICE_ID,NUMBER,number,True,False,COURSE_OFFER;FB_CGPA_BAND;FB_QUESTIONS;STUDENT_PROGRAM,,flex2_schema_full.json
FLEX2,FB_STUDENTREPONSE_DETAIL,SERIAL_NO,NUMBER,number,True,False,COURSE_OFFER;FB_CGPA_BAND;FB_QUESTIONS;STUDENT_PROGRAM,,flex2_schema_full.json
FLEX2,FB_STUDENTREPONSE_DETAIL,FEEDBACK_NO,NUMBER,number,True,True,COURSE_OFFER;FB_CGPA_BAND;FB_QUESTIONS;STUDENT_PROGRAM,,flex2_schema_full.json
FLEX2,FB_STUDENTREPONSE_DETAIL,CGPA_BAND_ID,NUMBER,number,True,False,COURSE_OFFER;FB_CGPA_BAND;FB_QUESTIONS;STUDENT_PROGRAM,,flex2_schema_full.json
FLEX2,FB_STUDENTREPONSE_DETAIL,ROLL_NO,NUMBER,number,True,True,COURSE_OFFER;FB_CGPA_BAND;FB_QUESTIONS;STUDENT_PROGRAM,,flex2_schema_full.json
FLEX2,FB_STUDENTREPONSE_DETAIL,SUBMITTED_ON,DATE,date,True,False,COURSE_OFFER;FB_CGPA_BAND;FB_QUESTIONS;STUDENT_PROGRAM,,flex2_schema_full.json
FLEX2,FB_STUDENTREPONSE_DETAIL_TEMP,OFFER_ID,NUMBER,number,True,False,,,flex2_schema_full.json
FLEX2,FB_STUDENTREPONSE_DETAIL_TEMP,QUESTION_ID,NUMBER,number,True,False,,,flex2_schema_full.json
FLEX2,FB_STUDENTREPONSE_DETAIL_TEMP,CHOICE_ID,NUMBER,number,True,False,,,flex2_schema_full.json
FLEX2,FB_STUDENTREPONSE_DETAIL_TEMP,SERIAL_NO,NUMBER,number,True,False,,,flex2_schema_full.json
FLEX2,FB_STUDENTREPONSE_DETAIL_TEMP,FEEDBACK_NO,NUMBER,number,True,False,,,flex2_schema_full.json
FLEX2,FB_STUDENTREPONSE_DETAIL_TEMP,CGPA_BAND_ID,NUMBER,number,True,False,,,flex2_schema_full.json
FLEX2,FB_STUDENTREPONSE_DETAIL_TEMP,ROLL_NO,NUMBER,number,True,False,,,flex2_schema_full.json
FLEX2,FB_STUDENTREPONSE_DETAIL_TEMP,SUBMITTED_ON,DATE,date,True,False,,,flex2_schema_full.json
FLEX2,FB_STUDENTREPONSE_TEXT,OFFER_ID,NUMBER,number,True,True,COURSE_OFFER;FB_CGPA_BAND;FB_QUESTIONS;STUDENT_PROGRAM,,flex2_schema_full.json
FLEX2,FB_STUDENTREPONSE_TEXT,QUESTION_ID,NUMBER,number,True,True,COURSE_OFFER;FB_CGPA_BAND;FB_QUESTIONS;STUDENT_PROGRAM,,flex2_schema_full.json
FLEX2,FB_STUDENTREPONSE_TEXT,TEXT,VARCHAR2,string,True,False,COURSE_OFFER;FB_CGPA_BAND;FB_QUESTIONS;STUDENT_PROGRAM,,flex2_schema_full.json
FLEX2,FB_STUDENTREPONSE_TEXT,SERIAL_NO,NUMBER,number,True,False,COURSE_OFFER;FB_CGPA_BAND;FB_QUESTIONS;STUDENT_PROGRAM,,flex2_schema_full.json
FLEX2,FB_STUDENTREPONSE_TEXT,FEEDBACK_NO,NUMBER,number,True,True,COURSE_OFFER;FB_CGPA_BAND;FB_QUESTIONS;STUDENT_PROGRAM,,flex2_schema_full.json
FLEX2,FB_STUDENTREPONSE_TEXT,CGPA_BAND_ID,NUMBER,number,True,False,COURSE_OFFER;FB_CGPA_BAND;FB_QUESTIONS;STUDENT_PROGRAM,,flex2_schema_full.json
FLEX2,FB_STUDENTREPONSE_TEXT,ROLL_NO,NUMBER,number,True,True,COURSE_OFFER;FB_CGPA_BAND;FB_QUESTIONS;STUDENT_PROGRAM,,flex2_schema_full.json
FLEX2,FB_STUDENTREPONSE_TEXT_1031,OFFER_ID,NUMBER,number,True,False,,,flex2_schema_full.json
FLEX2,FB_STUDENTREPONSE_TEXT_1031,QUESTION_ID,NUMBER,number,True,False,,,flex2_schema_full.json
FLEX2,FB_STUDENTREPONSE_TEXT_1031,TEXT,VARCHAR2,string,True,False,,,flex2_schema_full.json
FLEX2,FB_STUDENTREPONSE_TEXT_1031,SERIAL_NO,NUMBER,number,True,False,,,flex2_schema_full.json
FLEX2,FB_STUDENTREPONSE_TEXT_1031,FEEDBACK_NO,NUMBER,number,True,False,,,flex2_schema_full.json
FLEX2,FB_STUDENTREPONSE_TEXT_1031,CGPA_BAND_ID,NUMBER,number,True,False,,,flex2_schema_full.json
FLEX2,FB_STUDENTREPONSE_TEXT_1031,ROLL_NO,NUMBER,number,True,False,,,flex2_schema_full.json
FLEX2,FB_STUDENTRESPONSE_TEXT_TEMP,OFFER_ID,NUMBER,number,True,False,,,flex2_schema_full.json
FLEX2,FB_STUDENTRESPONSE_TEXT_TEMP,QUESTION_ID,NUMBER,number,True,False,,,flex2_schema_full.json
FLEX2,FB_STUDENTRESPONSE_TEXT_TEMP,TEXT,VARCHAR2,string,True,False,,,flex2_schema_full.json
FLEX2,FB_STUDENTRESPONSE_TEXT_TEMP,SERIAL_NO,NUMBER,number,True,False,,,flex2_schema_full.json
FLEX2,FB_STUDENTRESPONSE_TEXT_TEMP,FEEDBACK_NO,NUMBER,number,True,False,,,flex2_schema_full.json
FLEX2,FB_STUDENTRESPONSE_TEXT_TEMP,CGPA_BAND_ID,NUMBER,number,True,False,,,flex2_schema_full.json
FLEX2,FB_STUDENTRESPONSE_TEXT_TEMP,ROLL_NO,NUMBER,number,True,False,,,flex2_schema_full.json
FLEX2,FB_TEACHER_RESPONSE_TEXT,OFFER_ID,NUMBER,number,True,True,,,flex2_schema_full.json
FLEX2,FB_TEACHER_RESPONSE_TEXT,QUESTION_ID,NUMBER,number,True,True,,,flex2_schema_full.json
FLEX2,FB_TEACHER_RESPONSE_TEXT,TEXT,VARCHAR2,string,True,False,,,flex2_schema_full.json
FLEX2,FB_TEACHER_RESPONSE_TEXT,EMP_ID,NUMBER,number,True,False,,,flex2_schema_full.json
FLEX2,FB_TEACHER_RESPONSE_TEXT,SUBMITTED_ON,DATE,date,True,False,,,flex2_schema_full.json
FLEX2,FMBANKSCROLLDETAIL,ID,NUMBER,number,True,True,STUDENT_PERSONAL_INFO;STUDENT_PROGRAM,,flex2_schema_full.json
FLEX2,FMBANKSCROLLDETAIL,SCROLLID,VARCHAR2,string,True,False,STUDENT_PERSONAL_INFO;STUDENT_PROGRAM,,flex2_schema_full.json
FLEX2,FMBANKSCROLLDETAIL,CAMPUSID,NUMBER,number,True,False,STUDENT_PERSONAL_INFO;STUDENT_PROGRAM,,flex2_schema_full.json
FLEX2,FMBANKSCROLLDETAIL,ROLLNO,NUMBER,number,True,False,STUDENT_PERSONAL_INFO;STUDENT_PROGRAM,,flex2_schema_full.json
FLEX2,FMBANKSCROLLDETAIL,ARN,NUMBER,number,True,False,STUDENT_PERSONAL_INFO;STUDENT_PROGRAM,,flex2_schema_full.json
FLEX2,FMBANKSCROLLDETAIL,SEMID,NUMBER,number,True,False,STUDENT_PERSONAL_INFO;STUDENT_PROGRAM,,flex2_schema_full.json
FLEX2,FMBANKSCROLLDETAIL,CHALLANNO,NUMBER,number,True,False,STUDENT_PERSONAL_INFO;STUDENT_PROGRAM,,flex2_schema_full.json
FLEX2,FMBANKSCROLLDETAIL,BSCHALLANNO,VARCHAR2,string,True,False,STUDENT_PERSONAL_INFO;STUDENT_PROGRAM,,flex2_schema_full.json
FLEX2,FMBANKSCROLLDETAIL,AMOUNT,NUMBER,number,True,False,STUDENT_PERSONAL_INFO;STUDENT_PROGRAM,,flex2_schema_full.json
FLEX2,FMBANKSCROLLDETAIL,PAYMENTDATE,DATE,date,True,False,STUDENT_PERSONAL_INFO;STUDENT_PROGRAM,,flex2_schema_full.json
FLEX2,FMBANKSCROLLDETAIL,BRANCHCODE,VARCHAR2,string,True,False,STUDENT_PERSONAL_INFO;STUDENT_PROGRAM,,flex2_schema_full.json
FLEX2,FMBANKSCROLLDETAIL,ENTEREDBY,VARCHAR2,string,True,False,STUDENT_PERSONAL_INFO;STUDENT_PROGRAM,,flex2_schema_full.json
FLEX2,FMBANKSCROLLDETAIL,ENTRYDATE,DATE,date,True,False,STUDENT_PERSONAL_INFO;STUDENT_PROGRAM,,flex2_schema_full.json
FLEX2,FMBANKSCROLLDETAIL,VERIFIEDBY,VARCHAR2,string,True,False,STUDENT_PERSONAL_INFO;STUDENT_PROGRAM,,flex2_schema_full.json
FLEX2,FMBANKSCROLLDETAIL,VERIFIEDON,DATE,date,True,False,STUDENT_PERSONAL_INFO;STUDENT_PROGRAM,,flex2_schema_full.json
FLEX2,FMBANKSCROLLDETAIL,POSTEDBY,VARCHAR2,string,True,False,STUDENT_PERSONAL_INFO;STUDENT_PROGRAM,,flex2_schema_full.json
FLEX2,FMBANKSCROLLDETAIL,POSTEDON,DATE,date,True,False,STUDENT_PERSONAL_INFO;STUDENT_PROGRAM,,flex2_schema_full.json
FLEX2,FMBANKSCROLLDETAIL,STATUS,NUMBER,number,True,False,STUDENT_PERSONAL_INFO;STUDENT_PROGRAM,,flex2_schema_full.json
FLEX2,FMCHALLAN,CHALLANNO,NUMBER,number,True,True,CAMPUS;SEMESTER;STUDENT_PERSONAL_INFO;STUDENT_PROGRAM,,flex2_schema_full.json
FLEX2,FMCHALLAN,CAMPUSID,NUMBER,number,True,False,CAMPUS;SEMESTER;STUDENT_PERSONAL_INFO;STUDENT_PROGRAM,,flex2_schema_full.json
FLEX2,FMCHALLAN,ROLLNO,NUMBER,number,True,False,CAMPUS;SEMESTER;STUDENT_PERSONAL_INFO;STUDENT_PROGRAM,,flex2_schema_full.json
FLEX2,FMCHALLAN,ARN,NUMBER,number,True,False,CAMPUS;SEMESTER;STUDENT_PERSONAL_INFO;STUDENT_PROGRAM,,flex2_schema_full.json
FLEX2,FMCHALLAN,SEMID,NUMBER,number,True,False,CAMPUS;SEMESTER;STUDENT_PERSONAL_INFO;STUDENT_PROGRAM,,flex2_schema_full.json
FLEX2,FMCHALLAN,DUEDATE,DATE,date,True,False,CAMPUS;SEMESTER;STUDENT_PERSONAL_INFO;STUDENT_PROGRAM,,flex2_schema_full.json
FLEX2,FMCHALLAN,PRINTSERIALNO,NUMBER,number,True,False,CAMPUS;SEMESTER;STUDENT_PERSONAL_INFO;STUDENT_PROGRAM,,flex2_schema_full.json
FLEX2,FMCHALLAN,REMARKS,VARCHAR2,string,True,False,CAMPUS;SEMESTER;STUDENT_PERSONAL_INFO;STUDENT_PROGRAM,,flex2_schema_full.json
FLEX2,FMCHALLAN,ENTEREDBY,VARCHAR2,string,True,False,CAMPUS;SEMESTER;STUDENT_PERSONAL_INFO;STUDENT_PROGRAM,,flex2_schema_full.json
FLEX2,FMCHALLAN,ENTRYDATE,DATE,date,True,False,CAMPUS;SEMESTER;STUDENT_PERSONAL_INFO;STUDENT_PROGRAM,,flex2_schema_full.json
FLEX2,FMCHALLAN,MODIFIEDDATE,DATE,date,True,False,CAMPUS;SEMESTER;STUDENT_PERSONAL_INFO;STUDENT_PROGRAM,,flex2_schema_full.json
FLEX2,FMCHALLAN,LASTMODIFIEDBY,VARCHAR2,string,True,False,CAMPUS;SEMESTER;STUDENT_PERSONAL_INFO;STUDENT_PROGRAM,,flex2_schema_full.json
FLEX2,FMCHALLAN,STATUS,NUMBER,number,True,False,CAMPUS;SEMESTER;STUDENT_PERSONAL_INFO;STUDENT_PROGRAM,,flex2_schema_full.json
FLEX2,FMCHALLANDETAIL,CHALLANNO,NUMBER,number,True,True,FMSUBHEAD,,flex2_schema_full.json
FLEX2,FMCHALLANDETAIL,SUBHEADID,NUMBER,number,True,True,FMSUBHEAD,,flex2_schema_full.json
FLEX2,FMCHALLANDETAIL,AMOUNT,NUMBER,number,True,False,FMSUBHEAD,,flex2_schema_full.json
FLEX2,FMCHALLANDETAIL,REMARKS,VARCHAR2,string,True,False,FMSUBHEAD,,flex2_schema_full.json
FLEX2,FMCHALLANDETAIL,ENTEREDBY,VARCHAR2,string,True,False,FMSUBHEAD,,flex2_schema_full.json
FLEX2,FMCHALLANDETAIL,ENTRYDATE,DATE,date,True,False,FMSUBHEAD,,flex2_schema_full.json
FLEX2,FMCHALLANDETAIL,MODIFIEDDATE,DATE,date,True,False,FMSUBHEAD,,flex2_schema_full.json
FLEX2,FMCHALLANDETAIL,LASTMODIFIEDBY,VARCHAR2,string,True,False,FMSUBHEAD,,flex2_schema_full.json
FLEX2,FMCHALLANDETAIL,STATUS,NUMBER,number,True,False,FMSUBHEAD,,flex2_schema_full.json
FLEX2,FMDEBUG,REMARKS,VARCHAR2,string,True,False,,,flex2_schema_full.json
FLEX2,FMDEBUG,F1,VARCHAR2,string,True,False,,,flex2_schema_full.json
FLEX2,FMDEBUG,F2,VARCHAR2,string,True,False,,,flex2_schema_full.json
FLEX2,FMDEBUG,F3,VARCHAR2,string,True,False,,,flex2_schema_full.json
FLEX2,FMDEBUG,ENTRYDATE,DATE,date,True,False,,,flex2_schema_full.json
FLEX2,FMDEFAULTEREXCEPTION,CAMPUSID,NUMBER,number,True,True,CAMPUS;SEMESTER;STUDENT_PROGRAM,,flex2_schema_full.json
FLEX2,FMDEFAULTEREXCEPTION,ROLLNO,NUMBER,number,True,True,CAMPUS;SEMESTER;STUDENT_PROGRAM,,flex2_schema_full.json
FLEX2,FMDEFAULTEREXCEPTION,SEMID,NUMBER,number,True,True,CAMPUS;SEMESTER;STUDENT_PROGRAM,,flex2_schema_full.json
FLEX2,FMDEFAULTEREXCEPTION,REMARKS,VARCHAR2,string,True,False,CAMPUS;SEMESTER;STUDENT_PROGRAM,,flex2_schema_full.json
FLEX2,FMDEFAULTEREXCEPTION,ENTEREDBY,VARCHAR2,string,True,False,CAMPUS;SEMESTER;STUDENT_PROGRAM,,flex2_schema_full.json
FLEX2,FMDEFAULTEREXCEPTION,ENTRYDATE,DATE,date,True,False,CAMPUS;SEMESTER;STUDENT_PROGRAM,,flex2_schema_full.json
FLEX2,FMEXECUTIVEREPORTDATA,CAMPUSID,NUMBER,number,True,False,,,flex2_schema_full.json
FLEX2,FMEXECUTIVEREPORTDATA,ROLLNO,NUMBER,number,True,False,,,flex2_schema_full.json
FLEX2,FMEXECUTIVEREPORTDATA,ROLL,VARCHAR2,string,True,False,,,flex2_schema_full.json
FLEX2,FMEXECUTIVEREPORTDATA,SEMID,NUMBER,number,True,False,,,flex2_schema_full.json
FLEX2,FMEXECUTIVEREPORTDATA,NAME,VARCHAR2,string,True,False,,,flex2_schema_full.json
FLEX2,FMEXECUTIVEREPORTDATA,PROGRAMID,VARCHAR2,string,True,False,,,flex2_schema_full.json
FLEX2,FMEXECUTIVEREPORTDATA,BATCHNO,NUMBER,number,True,False,,,flex2_schema_full.json
FLEX2,FMEXECUTIVEREPORTDATA,STATUS,VARCHAR2,string,True,False,,,flex2_schema_full.json
FLEX2,FMEXECUTIVEREPORTDATA,COURSES,NUMBER,number,True,False,,,flex2_schema_full.json
FLEX2,FMEXECUTIVEREPORTDATA,DEPTID,NUMBER,number,True,False,,,flex2_schema_full.json
FLEX2,FMEXECUTIVEREPORTDATA,DEPTNAME,VARCHAR2,string,True,False,,,flex2_schema_full.json
FLEX2,FMEXECUTIVEREPORTDATA,SPONSHEAD,VARCHAR2,string,True,False,,,flex2_schema_full.json
FLEX2,FMEXECUTIVEREPORTDATA,SPONSOR,VARCHAR2,string,True,False,,,flex2_schema_full.json
FLEX2,FMEXECUTIVEREPORTDATA,ARREAR,NUMBER,number,True,False,,,flex2_schema_full.json
FLEX2,FMEXECUTIVEREPORTDATA,DUE,NUMBER,number,True,False,,,flex2_schema_full.json
FLEX2,FMEXECUTIVEREPORTDATA,NET,NUMBER,number,True,False,,,flex2_schema_full.json
FLEX2,FMEXECUTIVEREPORTDATA,PYBLEADJMNT,NUMBER,number,True,False,,,flex2_schema_full.json
FLEX2,FMEXECUTIVEREPORTDATA,TOTALPAYMENT,NUMBER,number,True,False,,,flex2_schema_full.json
FLEX2,FMEXECUTIVEREPORTDATA,ARREARPAYMENT,NUMBER,number,True,False,,,flex2_schema_full.json
FLEX2,FMEXECUTIVEREPORTDATA,CURRPAYMENT,NUMBER,number,True,False,,,flex2_schema_full.json
FLEX2,FMEXECUTIVEREPORTDATA,SPONSAMOUNT,NUMBER,number,True,False,,,flex2_schema_full.json
FLEX2,FMEXECUTIVEREPORTDATA,BALANCE,NUMBER,number,True,False,,,flex2_schema_full.json
FLEX2,FMEXECUTIVEREPORTDATA,ARRBAL,NUMBER,number,True,False,,,flex2_schema_full.json
FLEX2,FMEXECUTIVEREPORTDATA,CURRBAL,NUMBER,number,True,False,,,flex2_schema_full.json
FLEX2,FMEXECUTIVEREPORTDATA,INSTAMOUNT,NUMBER,number,True,False,,,flex2_schema_full.json
FLEX2,FMEXECUTIVEREPORTDATA,DEFAMOUNT,NUMBER,number,True,False,,,flex2_schema_full.json
FLEX2,FMEXECUTIVEREPORTDATA,LASTUPDATED,DATE,date,True,False,,,flex2_schema_full.json
FLEX2,FMEXECUTIVEREPORTDATA,SPONSID,NUMBER,number,True,False,,,flex2_schema_full.json
FLEX2,FMFEEDATES,CAMPUSID,NUMBER,number,True,True,BATCH;CAMPUS;PROGRAM;SECTION,,flex2_schema_full.json
FLEX2,FMFEEDATES,SEMID,NUMBER,number,True,True,BATCH;CAMPUS;PROGRAM;SECTION,,flex2_schema_full.json
FLEX2,FMFEEDATES,BATCHNO,NUMBER,number,True,True,BATCH;CAMPUS;PROGRAM;SECTION,,flex2_schema_full.json
FLEX2,FMFEEDATES,PROGRAMID,NUMBER,number,True,True,BATCH;CAMPUS;PROGRAM;SECTION,,flex2_schema_full.json
FLEX2,FMFEEDATES,SECTIONID,NUMBER,number,True,True,BATCH;CAMPUS;PROGRAM;SECTION,,flex2_schema_full.json
FLEX2,FMFEEDATES,FEEDUEDDATE,DATE,date,True,False,BATCH;CAMPUS;PROGRAM;SECTION,,flex2_schema_full.json
FLEX2,FMFEEDATES,CLASSESSTARTDATE,DATE,date,True,False,BATCH;CAMPUS;PROGRAM;SECTION,,flex2_schema_full.json
FLEX2,FMFEEDATES,WITHDRAWDATE,DATE,date,True,False,BATCH;CAMPUS;PROGRAM;SECTION,,flex2_schema_full.json
FLEX2,FMFEEDATES,CREATEDBY,VARCHAR2,string,True,False,BATCH;CAMPUS;PROGRAM;SECTION,,flex2_schema_full.json
FLEX2,FMFEEDATES,CREATEDDATE,DATE,date,True,False,BATCH;CAMPUS;PROGRAM;SECTION,,flex2_schema_full.json
FLEX2,FMFEEDATES,MODIFIEDBY,VARCHAR2,string,True,False,BATCH;CAMPUS;PROGRAM;SECTION,,flex2_schema_full.json
FLEX2,FMFEEDATES,MODIFIEDDATE,DATE,date,True,False,BATCH;CAMPUS;PROGRAM;SECTION,,flex2_schema_full.json
FLEX2,FMFEEDATES,STATUS,NUMBER,number,True,False,BATCH;CAMPUS;PROGRAM;SECTION,,flex2_schema_full.json
FLEX2,FMFEERATES,FEERATEID,NUMBER,number,True,True,BATCH;CAMPUS;D_PROGRAM_LEVEL;FMSUBHEAD;PROGRAM;SEMESTER,,flex2_schema_full.json
FLEX2,FMFEERATES,PROGRAMLEVEL,NUMBER,number,True,False,BATCH;CAMPUS;D_PROGRAM_LEVEL;FMSUBHEAD;PROGRAM;SEMESTER,,flex2_schema_full.json
FLEX2,FMFEERATES,PROGRAMID,NUMBER,number,True,False,BATCH;CAMPUS;D_PROGRAM_LEVEL;FMSUBHEAD;PROGRAM;SEMESTER,,flex2_schema_full.json
FLEX2,FMFEERATES,BATCHNO,NUMBER,number,True,False,BATCH;CAMPUS;D_PROGRAM_LEVEL;FMSUBHEAD;PROGRAM;SEMESTER,,flex2_schema_full.json
FLEX2,FMFEERATES,CAMPUSID,NUMBER,number,True,False,BATCH;CAMPUS;D_PROGRAM_LEVEL;FMSUBHEAD;PROGRAM;SEMESTER,,flex2_schema_full.json
FLEX2,FMFEERATES,SEMID,NUMBER,number,True,False,BATCH;CAMPUS;D_PROGRAM_LEVEL;FMSUBHEAD;PROGRAM;SEMESTER,,flex2_schema_full.json
FLEX2,FMFEERATES,SUBHEADID,NUMBER,number,True,False,BATCH;CAMPUS;D_PROGRAM_LEVEL;FMSUBHEAD;PROGRAM;SEMESTER,,flex2_schema_full.json
FLEX2,FMFEERATES,AMOUNT,NUMBER,number,True,False,BATCH;CAMPUS;D_PROGRAM_LEVEL;FMSUBHEAD;PROGRAM;SEMESTER,,flex2_schema_full.json
FLEX2,FMFEERATES,DOCREF,VARCHAR2,string,True,False,BATCH;CAMPUS;D_PROGRAM_LEVEL;FMSUBHEAD;PROGRAM;SEMESTER,,flex2_schema_full.json
FLEX2,FMFEERATES,REMARKS,VARCHAR2,string,True,False,BATCH;CAMPUS;D_PROGRAM_LEVEL;FMSUBHEAD;PROGRAM;SEMESTER,,flex2_schema_full.json
FLEX2,FMFEERATES,ENTEREDBY,VARCHAR2,string,True,False,BATCH;CAMPUS;D_PROGRAM_LEVEL;FMSUBHEAD;PROGRAM;SEMESTER,,flex2_schema_full.json
FLEX2,FMFEERATES,ENTRYDATE,DATE,date,True,False,BATCH;CAMPUS;D_PROGRAM_LEVEL;FMSUBHEAD;PROGRAM;SEMESTER,,flex2_schema_full.json
FLEX2,FMFEERATES,MODIFIEDBY,VARCHAR2,string,True,False,BATCH;CAMPUS;D_PROGRAM_LEVEL;FMSUBHEAD;PROGRAM;SEMESTER,,flex2_schema_full.json
FLEX2,FMFEERATES,MODIFIEDDATE,DATE,date,True,False,BATCH;CAMPUS;D_PROGRAM_LEVEL;FMSUBHEAD;PROGRAM;SEMESTER,,flex2_schema_full.json
FLEX2,FMFEERATES,STATUS,NUMBER,number,True,False,BATCH;CAMPUS;D_PROGRAM_LEVEL;FMSUBHEAD;PROGRAM;SEMESTER,,flex2_schema_full.json
FLEX2,FMFEETYPE,FEETYPEID,NUMBER,number,True,True,,,flex2_schema_full.json
FLEX2,FMFEETYPE,TITLE,VARCHAR2,string,True,False,,,flex2_schema_full.json
FLEX2,FMFEETYPE,ENTEREDBY,VARCHAR2,string,True,False,,,flex2_schema_full.json
FLEX2,FMFEETYPE,ENTRYDATE,DATE,date,True,False,,,flex2_schema_full.json
FLEX2,FMFEETYPE,MODIFIEDBY,VARCHAR2,string,True,False,,,flex2_schema_full.json
FLEX2,FMFEETYPE,MODIFIEDDATE,DATE,date,True,False,,,flex2_schema_full.json
FLEX2,FMFEETYPE,STATUS,NUMBER,number,True,False,,,flex2_schema_full.json
FLEX2,FMHEAD,HEADID,NUMBER,number,True,True,,,flex2_schema_full.json
FLEX2,FMHEAD,TITLE,VARCHAR2,string,True,False,,,flex2_schema_full.json
FLEX2,FMHEAD,ORDERNO,NUMBER,number,True,False,,,flex2_schema_full.json
FLEX2,FMHEAD,ENTEREDBY,VARCHAR2,string,True,False,,,flex2_schema_full.json
FLEX2,FMHEAD,ENTRYDATE,DATE,date,True,False,,,flex2_schema_full.json
FLEX2,FMHEAD,MODIFIEDBY,VARCHAR2,string,True,False,,,flex2_schema_full.json
FLEX2,FMHEAD,MODIFIEDDATE,DATE,date,True,False,,,flex2_schema_full.json
FLEX2,FMHEAD,STATUS,NUMBER,number,True,False,,,flex2_schema_full.json
FLEX2,FMINSTALLMENTS,INSTALLMENTID,NUMBER,number,True,True,CAMPUS;SEMESTER;STUDENT_PERSONAL_INFO;STUDENT_PROGRAM,,flex2_schema_full.json
FLEX2,FMINSTALLMENTS,CAMPUSID,NUMBER,number,True,True,CAMPUS;SEMESTER;STUDENT_PERSONAL_INFO;STUDENT_PROGRAM,,flex2_schema_full.json
FLEX2,FMINSTALLMENTS,ROLLNO,NUMBER,number,True,False,CAMPUS;SEMESTER;STUDENT_PERSONAL_INFO;STUDENT_PROGRAM,,flex2_schema_full.json
FLEX2,FMINSTALLMENTS,ARN,NUMBER,number,True,False,CAMPUS;SEMESTER;STUDENT_PERSONAL_INFO;STUDENT_PROGRAM,,flex2_schema_full.json
FLEX2,FMINSTALLMENTS,SEMID,NUMBER,number,True,False,CAMPUS;SEMESTER;STUDENT_PERSONAL_INFO;STUDENT_PROGRAM,,flex2_schema_full.json
FLEX2,FMINSTALLMENTS,AMOUNT,NUMBER,number,True,False,CAMPUS;SEMESTER;STUDENT_PERSONAL_INFO;STUDENT_PROGRAM,,flex2_schema_full.json
FLEX2,FMINSTALLMENTS,DUEDATE,DATE,date,True,False,CAMPUS;SEMESTER;STUDENT_PERSONAL_INFO;STUDENT_PROGRAM,,flex2_schema_full.json
FLEX2,FMINSTALLMENTS,CHALLANNO,NUMBER,number,True,False,CAMPUS;SEMESTER;STUDENT_PERSONAL_INFO;STUDENT_PROGRAM,,flex2_schema_full.json
FLEX2,FMINSTALLMENTS,DOCREF,VARCHAR2,string,True,False,CAMPUS;SEMESTER;STUDENT_PERSONAL_INFO;STUDENT_PROGRAM,,flex2_schema_full.json
FLEX2,FMINSTALLMENTS,REMARKS,VARCHAR2,string,True,False,CAMPUS;SEMESTER;STUDENT_PERSONAL_INFO;STUDENT_PROGRAM,,flex2_schema_full.json
FLEX2,FMINSTALLMENTS,ENTEREDBY,VARCHAR2,string,True,False,CAMPUS;SEMESTER;STUDENT_PERSONAL_INFO;STUDENT_PROGRAM,,flex2_schema_full.json
FLEX2,FMINSTALLMENTS,ENTRYDATE,DATE,date,True,False,CAMPUS;SEMESTER;STUDENT_PERSONAL_INFO;STUDENT_PROGRAM,,flex2_schema_full.json
FLEX2,FMINSTALLMENTS,MODIFIEDBY,VARCHAR2,string,True,False,CAMPUS;SEMESTER;STUDENT_PERSONAL_INFO;STUDENT_PROGRAM,,flex2_schema_full.json
FLEX2,FMINSTALLMENTS,MODIFIEDDATE,DATE,date,True,False,CAMPUS;SEMESTER;STUDENT_PERSONAL_INFO;STUDENT_PROGRAM,,flex2_schema_full.json
FLEX2,FMINSTALLMENTS,STATUS,NUMBER,number,True,False,CAMPUS;SEMESTER;STUDENT_PERSONAL_INFO;STUDENT_PROGRAM,,flex2_schema_full.json
FLEX2,FMLEDGER_20190114,LEDGERID_OLD,NUMBER,number,True,False,,,flex2_schema_full.json
FLEX2,FMLEDGER_20190114,LEDGERID,NUMBER,number,True,False,,,flex2_schema_full.json
FLEX2,FMLEDGER_20190114,CAMPUSID,NUMBER,number,True,False,,,flex2_schema_full.json
FLEX2,FMLEDGER_20190114,ROLLNO,NUMBER,number,True,False,,,flex2_schema_full.json
FLEX2,FMLEDGER_20190114,ARN,NUMBER,number,True,False,,,flex2_schema_full.json
FLEX2,FMLEDGER_20190114,SEMID,NUMBER,number,True,False,,,flex2_schema_full.json
FLEX2,FMLEDGER_20190114,SUBHEADID,NUMBER,number,True,False,,,flex2_schema_full.json
FLEX2,FMLEDGER_20190114,FEETYPEID,NUMBER,number,True,False,,,flex2_schema_full.json
FLEX2,FMLEDGER_20190114,SPONSORSHIPID,NUMBER,number,True,False,,,flex2_schema_full.json
FLEX2,FMLEDGER_20190114,RECIAVABLE,NUMBER,number,True,False,,,flex2_schema_full.json
FLEX2,FMLEDGER_20190114,PAYMENT,NUMBER,number,True,False,,,flex2_schema_full.json
FLEX2,FMLEDGER_20190114,REMARKS,VARCHAR2,string,True,False,,,flex2_schema_full.json
FLEX2,FMLEDGER_20190114,ENTEREDBY,VARCHAR2,string,True,False,,,flex2_schema_full.json
FLEX2,FMLEDGER_20190114,ENTRYDATE,DATE,date,True,False,,,flex2_schema_full.json
FLEX2,FMLEDGER_20190114,TRANSACTIONDATE,DATE,date,True,False,,,flex2_schema_full.json
FLEX2,FMLEDGER_20190114,LASTMODIFIEDBY,VARCHAR2,string,True,False,,,flex2_schema_full.json
FLEX2,FMLEDGER_20190114,STATUS,NUMBER,number,True,False,,,flex2_schema_full.json
FLEX2,FMLEDGER_20190118,LEDGERID_OLD,NUMBER,number,True,False,,,flex2_schema_full.json
FLEX2,FMLEDGER_20190118,LEDGERID,NUMBER,number,True,False,,,flex2_schema_full.json
FLEX2,FMLEDGER_20190118,CAMPUSID,NUMBER,number,True,False,,,flex2_schema_full.json
FLEX2,FMLEDGER_20190118,ROLLNO,NUMBER,number,True,False,,,flex2_schema_full.json
FLEX2,FMLEDGER_20190118,ARN,NUMBER,number,True,False,,,flex2_schema_full.json
FLEX2,FMLEDGER_20190118,SEMID,NUMBER,number,True,False,,,flex2_schema_full.json
FLEX2,FMLEDGER_20190118,SUBHEADID,NUMBER,number,True,False,,,flex2_schema_full.json
FLEX2,FMLEDGER_20190118,FEETYPEID,NUMBER,number,True,False,,,flex2_schema_full.json
FLEX2,FMLEDGER_20190118,SPONSORSHIPID,NUMBER,number,True,False,,,flex2_schema_full.json
FLEX2,FMLEDGER_20190118,RECIAVABLE,NUMBER,number,True,False,,,flex2_schema_full.json
FLEX2,FMLEDGER_20190118,PAYMENT,NUMBER,number,True,False,,,flex2_schema_full.json
FLEX2,FMLEDGER_20190118,REMARKS,VARCHAR2,string,True,False,,,flex2_schema_full.json
FLEX2,FMLEDGER_20190118,ENTEREDBY,VARCHAR2,string,True,False,,,flex2_schema_full.json
FLEX2,FMLEDGER_20190118,ENTRYDATE,DATE,date,True,False,,,flex2_schema_full.json
FLEX2,FMLEDGER_20190118,TRANSACTIONDATE,DATE,date,True,False,,,flex2_schema_full.json
FLEX2,FMLEDGER_20190118,LASTMODIFIEDBY,VARCHAR2,string,True,False,,,flex2_schema_full.json
FLEX2,FMLEDGER_20190118,STATUS,NUMBER,number,True,False,,,flex2_schema_full.json
FLEX2,FMLEDGER_20190129,LEDGERID_OLD,NUMBER,number,True,False,,,flex2_schema_full.json
FLEX2,FMLEDGER_20190129,LEDGERID,NUMBER,number,True,False,,,flex2_schema_full.json
FLEX2,FMLEDGER_20190129,CAMPUSID,NUMBER,number,True,False,,,flex2_schema_full.json
FLEX2,FMLEDGER_20190129,ROLLNO,NUMBER,number,True,False,,,flex2_schema_full.json
FLEX2,FMLEDGER_20190129,ARN,NUMBER,number,True,False,,,flex2_schema_full.json
FLEX2,FMLEDGER_20190129,SEMID,NUMBER,number,True,False,,,flex2_schema_full.json
FLEX2,FMLEDGER_20190129,SUBHEADID,NUMBER,number,True,False,,,flex2_schema_full.json
FLEX2,FMLEDGER_20190129,FEETYPEID,NUMBER,number,True,False,,,flex2_schema_full.json
FLEX2,FMLEDGER_20190129,SPONSORSHIPID,NUMBER,number,True,False,,,flex2_schema_full.json
FLEX2,FMLEDGER_20190129,RECIAVABLE,NUMBER,number,True,False,,,flex2_schema_full.json
FLEX2,FMLEDGER_20190129,PAYMENT,NUMBER,number,True,False,,,flex2_schema_full.json
FLEX2,FMLEDGER_20190129,REMARKS,VARCHAR2,string,True,False,,,flex2_schema_full.json
FLEX2,FMLEDGER_20190129,ENTEREDBY,VARCHAR2,string,True,False,,,flex2_schema_full.json
FLEX2,FMLEDGER_20190129,ENTRYDATE,DATE,date,True,False,,,flex2_schema_full.json
FLEX2,FMLEDGER_20190129,TRANSACTIONDATE,DATE,date,True,False,,,flex2_schema_full.json
FLEX2,FMLEDGER_20190129,LASTMODIFIEDBY,VARCHAR2,string,True,False,,,flex2_schema_full.json
FLEX2,FMLEDGER_20190129,STATUS,NUMBER,number,True,False,,,flex2_schema_full.json
FLEX2,FMLEDGER_MAKINGPAYABLES,LEDGERID_OLD,NUMBER,number,True,False,,,flex2_schema_full.json
FLEX2,FMLEDGER_MAKINGPAYABLES,LEDGERID,NUMBER,number,True,False,,,flex2_schema_full.json
FLEX2,FMLEDGER_MAKINGPAYABLES,CAMPUSID,NUMBER,number,True,False,,,flex2_schema_full.json
FLEX2,FMLEDGER_MAKINGPAYABLES,ROLLNO,NUMBER,number,True,False,,,flex2_schema_full.json
FLEX2,FMLEDGER_MAKINGPAYABLES,ARN,NUMBER,number,True,False,,,flex2_schema_full.json
FLEX2,FMLEDGER_MAKINGPAYABLES,SEMID,NUMBER,number,True,False,,,flex2_schema_full.json
FLEX2,FMLEDGER_MAKINGPAYABLES,SUBHEADID,NUMBER,number,True,False,,,flex2_schema_full.json
FLEX2,FMLEDGER_MAKINGPAYABLES,FEETYPEID,NUMBER,number,True,False,,,flex2_schema_full.json
FLEX2,FMLEDGER_MAKINGPAYABLES,SPONSORSHIPID,NUMBER,number,True,False,,,flex2_schema_full.json
FLEX2,FMLEDGER_MAKINGPAYABLES,RECIAVABLE,NUMBER,number,True,False,,,flex2_schema_full.json
FLEX2,FMLEDGER_MAKINGPAYABLES,PAYMENT,NUMBER,number,True,False,,,flex2_schema_full.json
FLEX2,FMLEDGER_MAKINGPAYABLES,REMARKS,VARCHAR2,string,True,False,,,flex2_schema_full.json
FLEX2,FMLEDGER_MAKINGPAYABLES,ENTEREDBY,VARCHAR2,string,True,False,,,flex2_schema_full.json
FLEX2,FMLEDGER_MAKINGPAYABLES,ENTRYDATE,DATE,date,True,False,,,flex2_schema_full.json
FLEX2,FMLEDGER_MAKINGPAYABLES,TRANSACTIONDATE,DATE,date,True,False,,,flex2_schema_full.json
FLEX2,FMLEDGER_MAKINGPAYABLES,LASTMODIFIEDBY,VARCHAR2,string,True,False,,,flex2_schema_full.json
FLEX2,FMLEDGER_MAKINGPAYABLES,STATUS,NUMBER,number,True,False,,,flex2_schema_full.json
FLEX2,FMLEDGER_REFUND,LEDGERID_OLD,NUMBER,number,True,False,,,flex2_schema_full.json
FLEX2,FMLEDGER_REFUND,LEDGERID,NUMBER,number,True,False,,,flex2_schema_full.json
FLEX2,FMLEDGER_REFUND,CAMPUSID,NUMBER,number,True,False,,,flex2_schema_full.json
FLEX2,FMLEDGER_REFUND,ROLLNO,NUMBER,number,True,False,,,flex2_schema_full.json
FLEX2,FMLEDGER_REFUND,ARN,NUMBER,number,True,False,,,flex2_schema_full.json
FLEX2,FMLEDGER_REFUND,SEMID,NUMBER,number,True,False,,,flex2_schema_full.json
FLEX2,FMLEDGER_REFUND,SUBHEADID,NUMBER,number,True,False,,,flex2_schema_full.json
FLEX2,FMLEDGER_REFUND,FEETYPEID,NUMBER,number,True,False,,,flex2_schema_full.json
FLEX2,FMLEDGER_REFUND,SPONSORSHIPID,NUMBER,number,True,False,,,flex2_schema_full.json
FLEX2,FMLEDGER_REFUND,RECIAVABLE,NUMBER,number,True,False,,,flex2_schema_full.json
FLEX2,FMLEDGER_REFUND,PAYMENT,NUMBER,number,True,False,,,flex2_schema_full.json
FLEX2,FMLEDGER_REFUND,REMARKS,VARCHAR2,string,True,False,,,flex2_schema_full.json
FLEX2,FMLEDGER_REFUND,ENTEREDBY,VARCHAR2,string,True,False,,,flex2_schema_full.json
FLEX2,FMLEDGER_REFUND,ENTRYDATE,DATE,date,True,False,,,flex2_schema_full.json
FLEX2,FMLEDGER_REFUND,TRANSACTIONDATE,DATE,date,True,False,,,flex2_schema_full.json
FLEX2,FMLEDGER_REFUND,LASTMODIFIEDBY,VARCHAR2,string,True,False,,,flex2_schema_full.json
FLEX2,FMLEDGER_REFUND,STATUS,NUMBER,number,True,False,,,flex2_schema_full.json
FLEX2,FMLEDGER_REGLOG,CAMPUSID,NUMBER,number,True,False,CAMPUS;REGISTRATIONLOG,,flex2_schema_full.json
FLEX2,FMLEDGER_REGLOG,LEDGERID_OLD,NUMBER,number,True,False,CAMPUS;REGISTRATIONLOG,,flex2_schema_full.json
FLEX2,FMLEDGER_REGLOG,REGLOGID_OLD,NUMBER,number,True,False,CAMPUS;REGISTRATIONLOG,,flex2_schema_full.json
FLEX2,FMLEDGER_REGLOG,LEDGERID,NUMBER,number,True,True,CAMPUS;REGISTRATIONLOG,,flex2_schema_full.json
FLEX2,FMLEDGER_REGLOG,REGLOGID,NUMBER,number,True,True,CAMPUS;REGISTRATIONLOG,,flex2_schema_full.json
FLEX2,FMLEDGER_REGLOG,ENTEREDBY,VARCHAR2,string,True,False,CAMPUS;REGISTRATIONLOG,,flex2_schema_full.json
FLEX2,FMLEDGER_REGLOG,ENTRYDATE,DATE,date,True,False,CAMPUS;REGISTRATIONLOG,,flex2_schema_full.json
FLEX2,FMLEDGER_REGLOG,MODIFIEDDATE,DATE,date,True,False,CAMPUS;REGISTRATIONLOG,,flex2_schema_full.json
FLEX2,FMLEDGER_REGLOG,LASTMODIFIEDBY,VARCHAR2,string,True,False,CAMPUS;REGISTRATIONLOG,,flex2_schema_full.json
FLEX2,FMLEDGER_REGLOG,STATUS,NUMBER,number,True,False,CAMPUS;REGISTRATIONLOG,,flex2_schema_full.json
FLEX2,FMLEDGER_REGLOG_20190118,CAMPUSID,NUMBER,number,True,False,,,flex2_schema_full.json
FLEX2,FMLEDGER_REGLOG_20190118,LEDGERID_OLD,NUMBER,number,True,False,,,flex2_schema_full.json
FLEX2,FMLEDGER_REGLOG_20190118,REGLOGID_OLD,NUMBER,number,True,False,,,flex2_schema_full.json
FLEX2,FMLEDGER_REGLOG_20190118,LEDGERID,NUMBER,number,True,False,,,flex2_schema_full.json
FLEX2,FMLEDGER_REGLOG_20190118,REGLOGID,NUMBER,number,True,False,,,flex2_schema_full.json
FLEX2,FMLEDGER_REGLOG_20190118,ENTEREDBY,VARCHAR2,string,True,False,,,flex2_schema_full.json
FLEX2,FMLEDGER_REGLOG_20190118,ENTRYDATE,DATE,date,True,False,,,flex2_schema_full.json
FLEX2,FMLEDGER_REGLOG_20190118,MODIFIEDDATE,DATE,date,True,False,,,flex2_schema_full.json
FLEX2,FMLEDGER_REGLOG_20190118,LASTMODIFIEDBY,VARCHAR2,string,True,False,,,flex2_schema_full.json
FLEX2,FMLEDGER_REGLOG_20190118,STATUS,NUMBER,number,True,False,,,flex2_schema_full.json
FLEX2,FMLEDGER_SCROLLDETAIL,CAMPUSID,NUMBER,number,True,False,CAMPUS;FMSCROLLDETAIL,,flex2_schema_full.json
FLEX2,FMLEDGER_SCROLLDETAIL,LEDGERID_OLD,NUMBER,number,True,False,CAMPUS;FMSCROLLDETAIL,,flex2_schema_full.json
FLEX2,FMLEDGER_SCROLLDETAIL,SCROLLDETAILID_OLD,NUMBER,number,True,False,CAMPUS;FMSCROLLDETAIL,,flex2_schema_full.json
FLEX2,FMLEDGER_SCROLLDETAIL,LEDGERID,NUMBER,number,True,True,CAMPUS;FMSCROLLDETAIL,,flex2_schema_full.json
FLEX2,FMLEDGER_SCROLLDETAIL,SCROLLDETAILID,NUMBER,number,True,True,CAMPUS;FMSCROLLDETAIL,,flex2_schema_full.json
FLEX2,FMLEDGER_SCROLLDETAIL,ENTEREDBY,VARCHAR2,string,True,False,CAMPUS;FMSCROLLDETAIL,,flex2_schema_full.json
FLEX2,FMLEDGER_SCROLLDETAIL,ENTRYDATE,DATE,date,True,False,CAMPUS;FMSCROLLDETAIL,,flex2_schema_full.json
FLEX2,FMLEDGER_SCROLLDETAIL,MODIFIEDDATE,DATE,date,True,False,CAMPUS;FMSCROLLDETAIL,,flex2_schema_full.json
FLEX2,FMLEDGER_SCROLLDETAIL,LASTMODIFIEDBY,VARCHAR2,string,True,False,CAMPUS;FMSCROLLDETAIL,,flex2_schema_full.json
FLEX2,FMLEDGER_SCROLLDETAIL,STATUS,NUMBER,number,True,False,CAMPUS;FMSCROLLDETAIL,,flex2_schema_full.json
FLEX2,FMLEDGER_SCROLL_20190114,CAMPUSID,NUMBER,number,True,False,,,flex2_schema_full.json
FLEX2,FMLEDGER_SCROLL_20190114,LEDGERID_OLD,NUMBER,number,True,False,,,flex2_schema_full.json
FLEX2,FMLEDGER_SCROLL_20190114,SCROLLDETAILID_OLD,NUMBER,number,True,False,,,flex2_schema_full.json
FLEX2,FMLEDGER_SCROLL_20190114,LEDGERID,NUMBER,number,True,False,,,flex2_schema_full.json
FLEX2,FMLEDGER_SCROLL_20190114,SCROLLDETAILID,NUMBER,number,True,False,,,flex2_schema_full.json
FLEX2,FMLEDGER_SCROLL_20190114,ENTEREDBY,VARCHAR2,string,True,False,,,flex2_schema_full.json
FLEX2,FMLEDGER_SCROLL_20190114,ENTRYDATE,DATE,date,True,False,,,flex2_schema_full.json
FLEX2,FMLEDGER_SCROLL_20190114,MODIFIEDDATE,DATE,date,True,False,,,flex2_schema_full.json
FLEX2,FMLEDGER_SCROLL_20190114,LASTMODIFIEDBY,VARCHAR2,string,True,False,,,flex2_schema_full.json
FLEX2,FMLEDGER_SCROLL_20190114,STATUS,NUMBER,number,True,False,,,flex2_schema_full.json
FLEX2,FMLEDGER_SCROLL_20190129,CAMPUSID,NUMBER,number,True,False,,,flex2_schema_full.json
FLEX2,FMLEDGER_SCROLL_20190129,LEDGERID_OLD,NUMBER,number,True,False,,,flex2_schema_full.json
FLEX2,FMLEDGER_SCROLL_20190129,SCROLLDETAILID_OLD,NUMBER,number,True,False,,,flex2_schema_full.json
FLEX2,FMLEDGER_SCROLL_20190129,LEDGERID,NUMBER,number,True,False,,,flex2_schema_full.json
FLEX2,FMLEDGER_SCROLL_20190129,SCROLLDETAILID,NUMBER,number,True,False,,,flex2_schema_full.json
FLEX2,FMLEDGER_SCROLL_20190129,ENTEREDBY,VARCHAR2,string,True,False,,,flex2_schema_full.json
FLEX2,FMLEDGER_SCROLL_20190129,ENTRYDATE,DATE,date,True,False,,,flex2_schema_full.json
FLEX2,FMLEDGER_SCROLL_20190129,MODIFIEDDATE,DATE,date,True,False,,,flex2_schema_full.json
FLEX2,FMLEDGER_SCROLL_20190129,LASTMODIFIEDBY,VARCHAR2,string,True,False,,,flex2_schema_full.json
FLEX2,FMLEDGER_SCROLL_20190129,STATUS,NUMBER,number,True,False,,,flex2_schema_full.json
FLEX2,FMLEDGER_SPONS_TEMP,CAMPUSID,NUMBER,number,True,False,,,flex2_schema_full.json
FLEX2,FMLEDGER_SPONS_TEMP,STUDENTSOPNSID_OLD,NUMBER,number,True,False,,,flex2_schema_full.json
FLEX2,FMLEDGER_SPONS_TEMP,STUDENTSPONSID,NUMBER,number,True,False,,,flex2_schema_full.json
FLEX2,FMLEDGER_SPONS_TEMP,LEDGERID_OLD,NUMBER,number,True,False,,,flex2_schema_full.json
FLEX2,FMLEDGER_SPONS_TEMP,LEDGERID,NUMBER,number,True,False,,,flex2_schema_full.json
FLEX2,FMLEDGER_SPONS_TEMP,ENTEREDBY,VARCHAR2,string,True,False,,,flex2_schema_full.json
FLEX2,FMLEDGER_SPONS_TEMP,ENTRYDATE,DATE,date,True,False,,,flex2_schema_full.json
FLEX2,FMLEDGER_SPONS_TEMP,STATUS,NUMBER,number,True,False,,,flex2_schema_full.json
FLEX2,FMLEDGER_STUDENTSPONS,CAMPUSID,NUMBER,number,True,False,CAMPUS;FMSPONSOREDSTUDENT,,flex2_schema_full.json
FLEX2,FMLEDGER_STUDENTSPONS,STUDENTSPONSID_OLD,NUMBER,number,True,False,CAMPUS;FMSPONSOREDSTUDENT,,flex2_schema_full.json
FLEX2,FMLEDGER_STUDENTSPONS,STUDENTSPONSID,NUMBER,number,True,True,CAMPUS;FMSPONSOREDSTUDENT,,flex2_schema_full.json
FLEX2,FMLEDGER_STUDENTSPONS,LEDGERID_OLD,NUMBER,number,True,False,CAMPUS;FMSPONSOREDSTUDENT,,flex2_schema_full.json
FLEX2,FMLEDGER_STUDENTSPONS,LEDGERID,NUMBER,number,True,True,CAMPUS;FMSPONSOREDSTUDENT,,flex2_schema_full.json
FLEX2,FMLEDGER_STUDENTSPONS,ENTEREDBY,VARCHAR2,string,True,False,CAMPUS;FMSPONSOREDSTUDENT,,flex2_schema_full.json
FLEX2,FMLEDGER_STUDENTSPONS,ENTRYDATE,DATE,date,True,False,CAMPUS;FMSPONSOREDSTUDENT,,flex2_schema_full.json
FLEX2,FMLEDGER_STUDENTSPONS,STATUS,NUMBER,number,True,False,CAMPUS;FMSPONSOREDSTUDENT,,flex2_schema_full.json
FLEX2,FMPAYMENTMODE,PAYMENTMODEID,NUMBER,number,True,True,FMPAYMENTTYPE,,flex2_schema_full.json
FLEX2,FMPAYMENTMODE,PAYMENTTYPE,NUMBER,number,True,False,FMPAYMENTTYPE,,flex2_schema_full.json
FLEX2,FMPAYMENTMODE,TITLE,VARCHAR2,string,True,False,FMPAYMENTTYPE,,flex2_schema_full.json
FLEX2,FMPAYMENTMODE,ENTEREDBY,VARCHAR2,string,True,False,FMPAYMENTTYPE,,flex2_schema_full.json
FLEX2,FMPAYMENTMODE,ENTRYDATE,DATE,date,True,False,FMPAYMENTTYPE,,flex2_schema_full.json
FLEX2,FMPAYMENTMODE,STATUS,NUMBER,number,True,False,FMPAYMENTTYPE,,flex2_schema_full.json
FLEX2,FMPAYMENTTYPE,PAYMENTTYPE,NUMBER,number,True,True,,,flex2_schema_full.json
FLEX2,FMPAYMENTTYPE,TITLE,VARCHAR2,string,True,False,,,flex2_schema_full.json
FLEX2,FMPAYMENTTYPE,ENTEREDBY,VARCHAR2,string,True,False,,,flex2_schema_full.json
FLEX2,FMPAYMENTTYPE,ENTRYDATE,DATE,date,True,False,,,flex2_schema_full.json
FLEX2,FMPAYMENTTYPE,MODIFIEDDATE,DATE,date,True,False,,,flex2_schema_full.json
FLEX2,FMPAYMENTTYPE,LASTMODIFIEDBY,VARCHAR2,string,True,False,,,flex2_schema_full.json
FLEX2,FMPAYMENTTYPE,STATUS,NUMBER,number,True,False,,,flex2_schema_full.json
FLEX2,FMRECEIVEDSPONSORAMOUNT,ID,NUMBER,number,True,False,,,flex2_schema_full.json
FLEX2,FMRECEIVEDSPONSORAMOUNT,SCROLLDETAILID,NUMBER,number,True,False,,,flex2_schema_full.json
FLEX2,FMRECEIVEDSPONSORAMOUNT,CAMPUSID,NUMBER,number,True,False,,,flex2_schema_full.json
FLEX2,FMRECEIVEDSPONSORAMOUNT,SPONSORSHIPID,NUMBER,number,True,False,,,flex2_schema_full.json
FLEX2,FMRECEIVEDSPONSORAMOUNT,ROLLNO,NUMBER,number,True,False,,,flex2_schema_full.json
FLEX2,FMRECEIVEDSPONSORAMOUNT,ARN,NUMBER,number,True,False,,,flex2_schema_full.json
FLEX2,FMRECEIVEDSPONSORAMOUNT,SEMID,NUMBER,number,True,False,,,flex2_schema_full.json
FLEX2,FMRECEIVEDSPONSORAMOUNT,AMOUNT,NUMBER,number,True,False,,,flex2_schema_full.json
FLEX2,FMRECEIVEDSPONSORAMOUNT,REMARKS,VARCHAR2,string,True,False,,,flex2_schema_full.json
FLEX2,FMRECEIVEDSPONSORAMOUNT,ENTEREDBY,VARCHAR2,string,True,False,,,flex2_schema_full.json
FLEX2,FMRECEIVEDSPONSORAMOUNT,ENTRYDATE,DATE,date,True,False,,,flex2_schema_full.json
FLEX2,FMRECEIVEDSPONSORAMOUNT,MODIFIEDBY,VARCHAR2,string,True,False,,,flex2_schema_full.json
FLEX2,FMRECEIVEDSPONSORAMOUNT,MODIFIEDDATE,DATE,date,True,False,,,flex2_schema_full.json
FLEX2,FMRECEIVEDSPONSORAMOUNT,STATUS,NUMBER,number,True,False,,,flex2_schema_full.json
FLEX2,FMREFUND,REFUNDID,NUMBER,number,True,True,CAMPUS;SEMESTER;STUDENT_PROGRAM,,flex2_schema_full.json
FLEX2,FMREFUND,REFUNDID_OLD,NUMBER,number,True,False,CAMPUS;SEMESTER;STUDENT_PROGRAM,,flex2_schema_full.json
FLEX2,FMREFUND,CAMPUSID,NUMBER,number,True,False,CAMPUS;SEMESTER;STUDENT_PROGRAM,,flex2_schema_full.json
FLEX2,FMREFUND,ROLLNO,NUMBER,number,True,False,CAMPUS;SEMESTER;STUDENT_PROGRAM,,flex2_schema_full.json
FLEX2,FMREFUND,REFUNDTYPE,NUMBER,number,True,False,CAMPUS;SEMESTER;STUDENT_PROGRAM,,flex2_schema_full.json
FLEX2,FMREFUND,REFUNDPERCENT,NUMBER,number,True,False,CAMPUS;SEMESTER;STUDENT_PROGRAM,,flex2_schema_full.json
FLEX2,FMREFUND,REFUNDAMOUNT,NUMBER,number,True,False,CAMPUS;SEMESTER;STUDENT_PROGRAM,,flex2_schema_full.json
FLEX2,FMREFUND,APPLICATIONDATE,DATE,date,True,False,CAMPUS;SEMESTER;STUDENT_PROGRAM,,flex2_schema_full.json
FLEX2,FMREFUND,APPROVALDATE,DATE,date,True,False,CAMPUS;SEMESTER;STUDENT_PROGRAM,,flex2_schema_full.json
FLEX2,FMREFUND,SEMID,NUMBER,number,True,False,CAMPUS;SEMESTER;STUDENT_PROGRAM,,flex2_schema_full.json
FLEX2,FMREFUND,INSTRUMENTNO,VARCHAR2,string,True,False,CAMPUS;SEMESTER;STUDENT_PROGRAM,,flex2_schema_full.json
FLEX2,FMREFUND,REMARKS,VARCHAR2,string,True,False,CAMPUS;SEMESTER;STUDENT_PROGRAM,,flex2_schema_full.json
FLEX2,FMREFUND,ENTEREDBY,VARCHAR2,string,True,False,CAMPUS;SEMESTER;STUDENT_PROGRAM,,flex2_schema_full.json
FLEX2,FMREFUND,ENTRYDATE,DATE,date,True,False,CAMPUS;SEMESTER;STUDENT_PROGRAM,,flex2_schema_full.json
FLEX2,FMREFUND,MODIFIEDBY,VARCHAR2,string,True,False,CAMPUS;SEMESTER;STUDENT_PROGRAM,,flex2_schema_full.json
FLEX2,FMREFUND,MODIFIEDDATE,DATE,date,True,False,CAMPUS;SEMESTER;STUDENT_PROGRAM,,flex2_schema_full.json
FLEX2,FMREFUND,STATUS,NUMBER,number,True,False,CAMPUS;SEMESTER;STUDENT_PROGRAM,,flex2_schema_full.json
FLEX2,FMREPOSTING_TEMP,ROLLNO,NUMBER,number,True,False,,,flex2_schema_full.json
FLEX2,FMREPOSTING_TEMP,SCROLLDETAILID,NUMBER,number,True,True,,,flex2_schema_full.json
FLEX2,FMREPOSTING_TEMP,ENTRYDATE,DATE,date,True,False,,,flex2_schema_full.json
FLEX2,FMREVERSALENTRY_TEMP,CAMPUSID,NUMBER,number,True,False,,,flex2_schema_full.json
FLEX2,FMREVERSALENTRY_TEMP,LEDGERID_OLD,NUMBER,number,True,False,,,flex2_schema_full.json
FLEX2,FMREVERSALENTRY_TEMP,SCROLLDETAILID_OLD,NUMBER,number,True,False,,,flex2_schema_full.json
FLEX2,FMREVERSALENTRY_TEMP,LEDGERID,NUMBER,number,True,False,,,flex2_schema_full.json
FLEX2,FMREVERSALENTRY_TEMP,SCROLLDETAILID,NUMBER,number,True,False,,,flex2_schema_full.json
FLEX2,FMREVERSALENTRY_TEMP,ENTEREDBY,VARCHAR2,string,True,False,,,flex2_schema_full.json
FLEX2,FMREVERSALENTRY_TEMP,ENTRYDATE,DATE,date,True,False,,,flex2_schema_full.json
FLEX2,FMREVERSALENTRY_TEMP,MODIFIEDDATE,DATE,date,True,False,,,flex2_schema_full.json
FLEX2,FMREVERSALENTRY_TEMP,LASTMODIFIEDBY,VARCHAR2,string,True,False,,,flex2_schema_full.json
FLEX2,FMREVERSALENTRY_TEMP,STATUS,NUMBER,number,True,False,,,flex2_schema_full.json
FLEX2,FMSCROLLDETAIL,SCROLLDETAILID_OLD,NUMBER,number,True,False,CAMPUS;FMPAYMENTMODE;SEMESTER;STUDENT_PERSONAL_INFO,,flex2_schema_full.json
FLEX2,FMSCROLLDETAIL,SCROLLDETAILID,NUMBER,number,True,True,CAMPUS;FMPAYMENTMODE;SEMESTER;STUDENT_PERSONAL_INFO,,flex2_schema_full.json
FLEX2,FMSCROLLDETAIL,CAMPUSID,NUMBER,number,True,False,CAMPUS;FMPAYMENTMODE;SEMESTER;STUDENT_PERSONAL_INFO,,flex2_schema_full.json
FLEX2,FMSCROLLDETAIL,ROLLNO,NUMBER,number,True,False,CAMPUS;FMPAYMENTMODE;SEMESTER;STUDENT_PERSONAL_INFO,,flex2_schema_full.json
FLEX2,FMSCROLLDETAIL,ARN,NUMBER,number,True,False,CAMPUS;FMPAYMENTMODE;SEMESTER;STUDENT_PERSONAL_INFO,,flex2_schema_full.json
FLEX2,FMSCROLLDETAIL,SEMID,NUMBER,number,True,False,CAMPUS;FMPAYMENTMODE;SEMESTER;STUDENT_PERSONAL_INFO,,flex2_schema_full.json
FLEX2,FMSCROLLDETAIL,CHALLANNO,NUMBER,number,True,False,CAMPUS;FMPAYMENTMODE;SEMESTER;STUDENT_PERSONAL_INFO,,flex2_schema_full.json
FLEX2,FMSCROLLDETAIL,PRINTSERIALNO,NUMBER,number,True,False,CAMPUS;FMPAYMENTMODE;SEMESTER;STUDENT_PERSONAL_INFO,,flex2_schema_full.json
FLEX2,FMSCROLLDETAIL,PAYMENTMODEID,NUMBER,number,True,False,CAMPUS;FMPAYMENTMODE;SEMESTER;STUDENT_PERSONAL_INFO,,flex2_schema_full.json
FLEX2,FMSCROLLDETAIL,INSTRUMENTNO,VARCHAR2,string,True,False,CAMPUS;FMPAYMENTMODE;SEMESTER;STUDENT_PERSONAL_INFO,,flex2_schema_full.json
FLEX2,FMSCROLLDETAIL,AMOUNT,NUMBER,number,True,False,CAMPUS;FMPAYMENTMODE;SEMESTER;STUDENT_PERSONAL_INFO,,flex2_schema_full.json
FLEX2,FMSCROLLDETAIL,PAYMENTDATE,DATE,date,True,False,CAMPUS;FMPAYMENTMODE;SEMESTER;STUDENT_PERSONAL_INFO,,flex2_schema_full.json
FLEX2,FMSCROLLDETAIL,REMARKS,VARCHAR2,string,True,False,CAMPUS;FMPAYMENTMODE;SEMESTER;STUDENT_PERSONAL_INFO,,flex2_schema_full.json
FLEX2,FMSCROLLDETAIL,SCROLLID,VARCHAR2,string,True,False,CAMPUS;FMPAYMENTMODE;SEMESTER;STUDENT_PERSONAL_INFO,,flex2_schema_full.json
FLEX2,FMSCROLLDETAIL,BRANCHCODE,VARCHAR2,string,True,False,CAMPUS;FMPAYMENTMODE;SEMESTER;STUDENT_PERSONAL_INFO,,flex2_schema_full.json
FLEX2,FMSCROLLDETAIL,ENTEREDBY,VARCHAR2,string,True,False,CAMPUS;FMPAYMENTMODE;SEMESTER;STUDENT_PERSONAL_INFO,,flex2_schema_full.json
FLEX2,FMSCROLLDETAIL,ENTRYDATE,DATE,date,True,False,CAMPUS;FMPAYMENTMODE;SEMESTER;STUDENT_PERSONAL_INFO,,flex2_schema_full.json
FLEX2,FMSCROLLDETAIL,MODIFIEDBY,VARCHAR2,string,True,False,CAMPUS;FMPAYMENTMODE;SEMESTER;STUDENT_PERSONAL_INFO,,flex2_schema_full.json
FLEX2,FMSCROLLDETAIL,MODIFIEDDATE,DATE,date,True,False,CAMPUS;FMPAYMENTMODE;SEMESTER;STUDENT_PERSONAL_INFO,,flex2_schema_full.json
FLEX2,FMSCROLLDETAIL,STATUS,NUMBER,number,True,False,CAMPUS;FMPAYMENTMODE;SEMESTER;STUDENT_PERSONAL_INFO,,flex2_schema_full.json
FLEX2,FMSCROLLDETAIL,SPONSORSHIPID,NUMBER,number,True,False,CAMPUS;FMPAYMENTMODE;SEMESTER;STUDENT_PERSONAL_INFO,,flex2_schema_full.json
FLEX2,FMSCROLLDETAIL_20190114,SCROLLDETAILID_OLD,NUMBER,number,True,False,,,flex2_schema_full.json
FLEX2,FMSCROLLDETAIL_20190114,SCROLLDETAILID,NUMBER,number,True,False,,,flex2_schema_full.json
FLEX2,FMSCROLLDETAIL_20190114,CAMPUSID,NUMBER,number,True,False,,,flex2_schema_full.json
FLEX2,FMSCROLLDETAIL_20190114,ROLLNO,NUMBER,number,True,False,,,flex2_schema_full.json
FLEX2,FMSCROLLDETAIL_20190114,ARN,NUMBER,number,True,False,,,flex2_schema_full.json
FLEX2,FMSCROLLDETAIL_20190114,SEMID,NUMBER,number,True,False,,,flex2_schema_full.json
FLEX2,FMSCROLLDETAIL_20190114,CHALLANNO,NUMBER,number,True,False,,,flex2_schema_full.json
FLEX2,FMSCROLLDETAIL_20190114,PRINTSERIALNO,NUMBER,number,True,False,,,flex2_schema_full.json
FLEX2,FMSCROLLDETAIL_20190114,PAYMENTMODEID,NUMBER,number,True,False,,,flex2_schema_full.json
FLEX2,FMSCROLLDETAIL_20190114,INSTRUMENTNO,VARCHAR2,string,True,False,,,flex2_schema_full.json
FLEX2,FMSCROLLDETAIL_20190114,AMOUNT,NUMBER,number,True,False,,,flex2_schema_full.json
FLEX2,FMSCROLLDETAIL_20190114,PAYMENTDATE,DATE,date,True,False,,,flex2_schema_full.json
FLEX2,FMSCROLLDETAIL_20190114,REMARKS,VARCHAR2,string,True,False,,,flex2_schema_full.json
FLEX2,FMSCROLLDETAIL_20190114,SCROLLID,VARCHAR2,string,True,False,,,flex2_schema_full.json
FLEX2,FMSCROLLDETAIL_20190114,BRANCHCODE,VARCHAR2,string,True,False,,,flex2_schema_full.json
FLEX2,FMSCROLLDETAIL_20190114,ENTEREDBY,VARCHAR2,string,True,False,,,flex2_schema_full.json
FLEX2,FMSCROLLDETAIL_20190114,ENTRYDATE,DATE,date,True,False,,,flex2_schema_full.json
FLEX2,FMSCROLLDETAIL_20190114,MODIFIEDBY,VARCHAR2,string,True,False,,,flex2_schema_full.json
FLEX2,FMSCROLLDETAIL_20190114,MODIFIEDDATE,DATE,date,True,False,,,flex2_schema_full.json
FLEX2,FMSCROLLDETAIL_20190114,STATUS,NUMBER,number,True,False,,,flex2_schema_full.json
FLEX2,FMSCROLLDETAIL_20190114,SPONSORSHIPID,NUMBER,number,True,False,,,flex2_schema_full.json
FLEX2,FMSCROLLDETAIL_20190129,SCROLLDETAILID_OLD,NUMBER,number,True,False,,,flex2_schema_full.json
FLEX2,FMSCROLLDETAIL_20190129,SCROLLDETAILID,NUMBER,number,True,False,,,flex2_schema_full.json
FLEX2,FMSCROLLDETAIL_20190129,CAMPUSID,NUMBER,number,True,False,,,flex2_schema_full.json
FLEX2,FMSCROLLDETAIL_20190129,ROLLNO,NUMBER,number,True,False,,,flex2_schema_full.json
FLEX2,FMSCROLLDETAIL_20190129,ARN,NUMBER,number,True,False,,,flex2_schema_full.json
FLEX2,FMSCROLLDETAIL_20190129,SEMID,NUMBER,number,True,False,,,flex2_schema_full.json
FLEX2,FMSCROLLDETAIL_20190129,CHALLANNO,NUMBER,number,True,False,,,flex2_schema_full.json
FLEX2,FMSCROLLDETAIL_20190129,PRINTSERIALNO,NUMBER,number,True,False,,,flex2_schema_full.json
FLEX2,FMSCROLLDETAIL_20190129,PAYMENTMODEID,NUMBER,number,True,False,,,flex2_schema_full.json
FLEX2,FMSCROLLDETAIL_20190129,INSTRUMENTNO,VARCHAR2,string,True,False,,,flex2_schema_full.json
FLEX2,FMSCROLLDETAIL_20190129,AMOUNT,NUMBER,number,True,False,,,flex2_schema_full.json
FLEX2,FMSCROLLDETAIL_20190129,PAYMENTDATE,DATE,date,True,False,,,flex2_schema_full.json
FLEX2,FMSCROLLDETAIL_20190129,REMARKS,VARCHAR2,string,True,False,,,flex2_schema_full.json
FLEX2,FMSCROLLDETAIL_20190129,SCROLLID,VARCHAR2,string,True,False,,,flex2_schema_full.json
FLEX2,FMSCROLLDETAIL_20190129,BRANCHCODE,VARCHAR2,string,True,False,,,flex2_schema_full.json
FLEX2,FMSCROLLDETAIL_20190129,ENTEREDBY,VARCHAR2,string,True,False,,,flex2_schema_full.json
FLEX2,FMSCROLLDETAIL_20190129,ENTRYDATE,DATE,date,True,False,,,flex2_schema_full.json
FLEX2,FMSCROLLDETAIL_20190129,MODIFIEDBY,VARCHAR2,string,True,False,,,flex2_schema_full.json
FLEX2,FMSCROLLDETAIL_20190129,MODIFIEDDATE,DATE,date,True,False,,,flex2_schema_full.json
FLEX2,FMSCROLLDETAIL_20190129,STATUS,NUMBER,number,True,False,,,flex2_schema_full.json
FLEX2,FMSCROLLDETAIL_20190129,SPONSORSHIPID,NUMBER,number,True,False,,,flex2_schema_full.json
FLEX2,FMSCROLLDETAIL_WS,SCROLLDETAILID_OLD,NUMBER,number,True,False,,,flex2_schema_full.json
FLEX2,FMSCROLLDETAIL_WS,SCROLLDETAILID,NUMBER,number,True,False,,,flex2_schema_full.json
FLEX2,FMSCROLLDETAIL_WS,CAMPUSID,NUMBER,number,True,False,,,flex2_schema_full.json
FLEX2,FMSCROLLDETAIL_WS,ROLLNO,NUMBER,number,True,False,,,flex2_schema_full.json
FLEX2,FMSCROLLDETAIL_WS,ARN,NUMBER,number,True,False,,,flex2_schema_full.json
FLEX2,FMSCROLLDETAIL_WS,SEMID,NUMBER,number,True,False,,,flex2_schema_full.json
FLEX2,FMSCROLLDETAIL_WS,CHALLANNO,NUMBER,number,True,False,,,flex2_schema_full.json
FLEX2,FMSCROLLDETAIL_WS,PRINTSERIALNO,NUMBER,number,True,False,,,flex2_schema_full.json
FLEX2,FMSCROLLDETAIL_WS,PAYMENTMODEID,NUMBER,number,True,False,,,flex2_schema_full.json
FLEX2,FMSCROLLDETAIL_WS,INSTRUMENTNO,VARCHAR2,string,True,False,,,flex2_schema_full.json
FLEX2,FMSCROLLDETAIL_WS,AMOUNT,NUMBER,number,True,False,,,flex2_schema_full.json
FLEX2,FMSCROLLDETAIL_WS,PAYMENTDATE,DATE,date,True,False,,,flex2_schema_full.json
FLEX2,FMSCROLLDETAIL_WS,REMARKS,VARCHAR2,string,True,False,,,flex2_schema_full.json
FLEX2,FMSCROLLDETAIL_WS,SCROLLID,VARCHAR2,string,True,False,,,flex2_schema_full.json
FLEX2,FMSCROLLDETAIL_WS,BRANCHCODE,VARCHAR2,string,True,False,,,flex2_schema_full.json
FLEX2,FMSCROLLDETAIL_WS,ENTEREDBY,VARCHAR2,string,True,False,,,flex2_schema_full.json
FLEX2,FMSCROLLDETAIL_WS,ENTRYDATE,DATE,date,True,False,,,flex2_schema_full.json
FLEX2,FMSCROLLDETAIL_WS,MODIFIEDBY,VARCHAR2,string,True,False,,,flex2_schema_full.json
FLEX2,FMSCROLLDETAIL_WS,MODIFIEDDATE,DATE,date,True,False,,,flex2_schema_full.json
FLEX2,FMSCROLLDETAIL_WS,STATUS,NUMBER,number,True,False,,,flex2_schema_full.json
FLEX2,FMSCROLLDETAIL_WS,SPONSORSHIPID,NUMBER,number,True,False,,,flex2_schema_full.json
FLEX2,FMSCROLLSUMMARY,SCROLLID,VARCHAR2,string,True,True,CAMPUS,,flex2_schema_full.json
FLEX2,FMSCROLLSUMMARY,CAMPUSID,NUMBER,number,True,True,CAMPUS,,flex2_schema_full.json
FLEX2,FMSCROLLSUMMARY,BANKCODE,VARCHAR2,string,True,False,CAMPUS,,flex2_schema_full.json
FLEX2,FMSCROLLSUMMARY,SCROLLDATE,DATE,date,True,False,CAMPUS,,flex2_schema_full.json
FLEX2,FMSCROLLSUMMARY,SUMOFAMOUNT,NUMBER,number,True,False,CAMPUS,,flex2_schema_full.json
FLEX2,FMSCROLLSUMMARY,PREPAREDBY,VARCHAR2,string,True,False,CAMPUS,,flex2_schema_full.json
FLEX2,FMSCROLLSUMMARY,ENTEREDBY,VARCHAR2,string,True,False,CAMPUS,,flex2_schema_full.json
FLEX2,FMSCROLLSUMMARY,ENTRYDATE,DATE,date,True,False,CAMPUS,,flex2_schema_full.json
FLEX2,FMSCROLLSUMMARY,MODIFIEDBY,VARCHAR2,string,True,False,CAMPUS,,flex2_schema_full.json
FLEX2,FMSCROLLSUMMARY,MODIFIEDDATE,DATE,date,True,False,CAMPUS,,flex2_schema_full.json
FLEX2,FMSCROLLSUMMARY,STATUS,NUMBER,number,True,False,CAMPUS,,flex2_schema_full.json
FLEX2,FMSCROLLSUMMARY,FILENAME,VARCHAR2,string,True,False,CAMPUS,,flex2_schema_full.json
FLEX2,FMSCROLLSUMMARY,TRANSACTIONCOUNT,NUMBER,number,True,False,CAMPUS,,flex2_schema_full.json
FLEX2,FMSEMFEE_20190114,PARENTCAMPUSID,NUMBER,number,True,False,,,flex2_schema_full.json
FLEX2,FMSEMFEE_20190114,CURRENTCAMPUSID,NUMBER,number,True,False,,,flex2_schema_full.json
FLEX2,FMSEMFEE_20190114,ROLLNO,NUMBER,number,True,False,,,flex2_schema_full.json
FLEX2,FMSEMFEE_20190114,SEMID,NUMBER,number,True,False,,,flex2_schema_full.json
FLEX2,FMSEMFEE_20190114,ROLL,VARCHAR2,string,True,False,,,flex2_schema_full.json
FLEX2,FMSEMFEE_20190114,NAME,VARCHAR2,string,True,False,,,flex2_schema_full.json
FLEX2,FMSEMFEE_20190114,PROGRAMID,CHAR,string,True,False,,,flex2_schema_full.json
FLEX2,FMSEMFEE_20190114,BATCHNO,NUMBER,number,True,False,,,flex2_schema_full.json
FLEX2,FMSEMFEE_20190114,TYPE,VARCHAR2,string,True,False,,,flex2_schema_full.json
FLEX2,FMSEMFEE_20190114,SPONSOR,VARCHAR2,string,True,False,,,flex2_schema_full.json
FLEX2,FMSEMFEE_20190114,SPONSHEAD,VARCHAR2,string,True,False,,,flex2_schema_full.json
FLEX2,FMSEMFEE_20190114,SPONSTYPE,VARCHAR2,string,True,False,,,flex2_schema_full.json
FLEX2,FMSEMFEE_20190114,STATUS,VARCHAR2,string,True,False,,,flex2_schema_full.json
FLEX2,FMSEMFEE_20190114,ARREAR,NUMBER,number,True,False,,,flex2_schema_full.json
FLEX2,FMSEMFEE_20190114,DUE,NUMBER,number,True,False,,,flex2_schema_full.json
FLEX2,FMSEMFEE_20190114,NET,NUMBER,number,True,False,,,flex2_schema_full.json
FLEX2,FMSEMFEE_20190114,PAYMENT,NUMBER,number,True,False,,,flex2_schema_full.json
FLEX2,FMSEMFEE_20190114,ARREARPAYMENT,NUMBER,number,True,False,,,flex2_schema_full.json
FLEX2,FMSEMFEE_20190114,HOPAYMENT,NUMBER,number,True,False,,,flex2_schema_full.json
FLEX2,FMSEMFEE_20190114,SPONSAMOUNT,NUMBER,number,True,False,,,flex2_schema_full.json
FLEX2,FMSEMFEE_20190114,RUNSPONSAMOUNT,NUMBER,number,True,False,,,flex2_schema_full.json
FLEX2,FMSEMFEE_20190114,BALANCE,NUMBER,number,True,False,,,flex2_schema_full.json
FLEX2,FMSEMFEE_20190114,SPONSBALANCE,NUMBER,number,True,False,,,flex2_schema_full.json
FLEX2,FMSEMFEE_20190114,COURSES,NUMBER,number,True,False,,,flex2_schema_full.json
FLEX2,FMSEMFEE_20190114,UPDATEDON,DATE,date,True,False,,,flex2_schema_full.json
FLEX2,FMSEMFEE_20190114,SPONSORSHIPID,NUMBER,number,True,False,,,flex2_schema_full.json
FLEX2,FMSEMFEE_20190114,SEMTITLE,VARCHAR2,string,True,False,,,flex2_schema_full.json
FLEX2,FMSEMFEE_20190129,PARENTCAMPUSID,NUMBER,number,True,False,,,flex2_schema_full.json
FLEX2,FMSEMFEE_20190129,CURRENTCAMPUSID,NUMBER,number,True,False,,,flex2_schema_full.json
FLEX2,FMSEMFEE_20190129,ROLLNO,NUMBER,number,True,False,,,flex2_schema_full.json
FLEX2,FMSEMFEE_20190129,SEMID,NUMBER,number,True,False,,,flex2_schema_full.json
FLEX2,FMSEMFEE_20190129,ROLL,VARCHAR2,string,True,False,,,flex2_schema_full.json
FLEX2,FMSEMFEE_20190129,NAME,VARCHAR2,string,True,False,,,flex2_schema_full.json
FLEX2,FMSEMFEE_20190129,PROGRAMID,CHAR,string,True,False,,,flex2_schema_full.json
FLEX2,FMSEMFEE_20190129,BATCHNO,NUMBER,number,True,False,,,flex2_schema_full.json
FLEX2,FMSEMFEE_20190129,TYPE,VARCHAR2,string,True,False,,,flex2_schema_full.json
FLEX2,FMSEMFEE_20190129,SPONSOR,VARCHAR2,string,True,False,,,flex2_schema_full.json
FLEX2,FMSEMFEE_20190129,SPONSHEAD,VARCHAR2,string,True,False,,,flex2_schema_full.json
FLEX2,FMSEMFEE_20190129,SPONSTYPE,VARCHAR2,string,True,False,,,flex2_schema_full.json
FLEX2,FMSEMFEE_20190129,STATUS,VARCHAR2,string,True,False,,,flex2_schema_full.json
FLEX2,FMSEMFEE_20190129,ARREAR,NUMBER,number,True,False,,,flex2_schema_full.json
FLEX2,FMSEMFEE_20190129,DUE,NUMBER,number,True,False,,,flex2_schema_full.json
FLEX2,FMSEMFEE_20190129,NET,NUMBER,number,True,False,,,flex2_schema_full.json
FLEX2,FMSEMFEE_20190129,PAYMENT,NUMBER,number,True,False,,,flex2_schema_full.json
FLEX2,FMSEMFEE_20190129,ARREARPAYMENT,NUMBER,number,True,False,,,flex2_schema_full.json
FLEX2,FMSEMFEE_20190129,HOPAYMENT,NUMBER,number,True,False,,,flex2_schema_full.json
FLEX2,FMSEMFEE_20190129,SPONSAMOUNT,NUMBER,number,True,False,,,flex2_schema_full.json
FLEX2,FMSEMFEE_20190129,RUNSPONSAMOUNT,NUMBER,number,True,False,,,flex2_schema_full.json
FLEX2,FMSEMFEE_20190129,BALANCE,NUMBER,number,True,False,,,flex2_schema_full.json
FLEX2,FMSEMFEE_20190129,SPONSBALANCE,NUMBER,number,True,False,,,flex2_schema_full.json
FLEX2,FMSEMFEE_20190129,COURSES,NUMBER,number,True,False,,,flex2_schema_full.json
FLEX2,FMSEMFEE_20190129,UPDATEDON,DATE,date,True,False,,,flex2_schema_full.json
FLEX2,FMSEMFEE_20190129,SPONSORSHIPID,NUMBER,number,True,False,,,flex2_schema_full.json
FLEX2,FMSEMFEE_20190129,SEMTITLE,VARCHAR2,string,True,False,,,flex2_schema_full.json
FLEX2,FMSPONSOREDSTUDENT,STUDENTID,NUMBER,number,True,False,CAMPUS;FMSPONSORSHIP;FMSUBHEAD;STUDENT_PERSONAL_INFO;STUDENT_PROGRAM,,flex2_schema_full.json
FLEX2,FMSPONSOREDSTUDENT,STUDENT_SPONSID,NUMBER,number,True,True,CAMPUS;FMSPONSORSHIP;FMSUBHEAD;STUDENT_PERSONAL_INFO;STUDENT_PROGRAM,,flex2_schema_full.json
FLEX2,FMSPONSOREDSTUDENT,CAMPUSID,NUMBER,number,True,False,CAMPUS;FMSPONSORSHIP;FMSUBHEAD;STUDENT_PERSONAL_INFO;STUDENT_PROGRAM,,flex2_schema_full.json
FLEX2,FMSPONSOREDSTUDENT,ROLLNO,NUMBER,number,True,False,CAMPUS;FMSPONSORSHIP;FMSUBHEAD;STUDENT_PERSONAL_INFO;STUDENT_PROGRAM,,flex2_schema_full.json
FLEX2,FMSPONSOREDSTUDENT,ARN,NUMBER,number,True,False,CAMPUS;FMSPONSORSHIP;FMSUBHEAD;STUDENT_PERSONAL_INFO;STUDENT_PROGRAM,,flex2_schema_full.json
FLEX2,FMSPONSOREDSTUDENT,TYPE,VARCHAR2,string,True,False,CAMPUS;FMSPONSORSHIP;FMSUBHEAD;STUDENT_PERSONAL_INFO;STUDENT_PROGRAM,,flex2_schema_full.json
FLEX2,FMSPONSOREDSTUDENT,AMOUNT,NUMBER,number,True,False,CAMPUS;FMSPONSORSHIP;FMSUBHEAD;STUDENT_PERSONAL_INFO;STUDENT_PROGRAM,,flex2_schema_full.json
FLEX2,FMSPONSOREDSTUDENT,SPONSORSHIPID,NUMBER,number,True,False,CAMPUS;FMSPONSORSHIP;FMSUBHEAD;STUDENT_PERSONAL_INFO;STUDENT_PROGRAM,,flex2_schema_full.json
FLEX2,FMSPONSOREDSTUDENT,SUBHEADID,NUMBER,number,True,False,CAMPUS;FMSPONSORSHIP;FMSUBHEAD;STUDENT_PERSONAL_INFO;STUDENT_PROGRAM,,flex2_schema_full.json
FLEX2,FMSPONSOREDSTUDENT,SEMID,NUMBER,number,True,False,CAMPUS;FMSPONSORSHIP;FMSUBHEAD;STUDENT_PERSONAL_INFO;STUDENT_PROGRAM,,flex2_schema_full.json
FLEX2,FMSPONSOREDSTUDENT,DOCREF,VARCHAR2,string,True,False,CAMPUS;FMSPONSORSHIP;FMSUBHEAD;STUDENT_PERSONAL_INFO;STUDENT_PROGRAM,,flex2_schema_full.json
FLEX2,FMSPONSOREDSTUDENT,REMARKS,VARCHAR2,string,True,False,CAMPUS;FMSPONSORSHIP;FMSUBHEAD;STUDENT_PERSONAL_INFO;STUDENT_PROGRAM,,flex2_schema_full.json
FLEX2,FMSPONSOREDSTUDENT,ENTEREDBY,VARCHAR2,string,True,False,CAMPUS;FMSPONSORSHIP;FMSUBHEAD;STUDENT_PERSONAL_INFO;STUDENT_PROGRAM,,flex2_schema_full.json
FLEX2,FMSPONSOREDSTUDENT,ENTRYDATE,DATE,date,True,False,CAMPUS;FMSPONSORSHIP;FMSUBHEAD;STUDENT_PERSONAL_INFO;STUDENT_PROGRAM,,flex2_schema_full.json
FLEX2,FMSPONSOREDSTUDENT,MODIFIEDBY,VARCHAR2,string,True,False,CAMPUS;FMSPONSORSHIP;FMSUBHEAD;STUDENT_PERSONAL_INFO;STUDENT_PROGRAM,,flex2_schema_full.json
FLEX2,FMSPONSOREDSTUDENT,MODIFIEDDATE,DATE,date,True,False,CAMPUS;FMSPONSORSHIP;FMSUBHEAD;STUDENT_PERSONAL_INFO;STUDENT_PROGRAM,,flex2_schema_full.json
FLEX2,FMSPONSOREDSTUDENT,STATUS,NUMBER,number,True,False,CAMPUS;FMSPONSORSHIP;FMSUBHEAD;STUDENT_PERSONAL_INFO;STUDENT_PROGRAM,,flex2_schema_full.json
FLEX2,FMSPONSORSHIP,SPONSORSHIPID,NUMBER,number,True,True,CAMPUS,,flex2_schema_full.json
FLEX2,FMSPONSORSHIP,CAMPUSID,NUMBER,number,True,False,CAMPUS,,flex2_schema_full.json
FLEX2,FMSPONSORSHIP,CODE,VARCHAR2,string,True,False,CAMPUS,,flex2_schema_full.json
FLEX2,FMSPONSORSHIP,TITLE,VARCHAR2,string,True,False,CAMPUS,,flex2_schema_full.json
FLEX2,FMSPONSORSHIP,MINCGPA,NUMBER,number,True,False,CAMPUS,,flex2_schema_full.json
FLEX2,FMSPONSORSHIP,MINSGPA,NUMBER,number,True,False,CAMPUS,,flex2_schema_full.json
FLEX2,FMSPONSORSHIP,STARTSEMID,VARCHAR2,string,True,False,CAMPUS,,flex2_schema_full.json
FLEX2,FMSPONSORSHIP,DOCREF,VARCHAR2,string,True,False,CAMPUS,,flex2_schema_full.json
FLEX2,FMSPONSORSHIP,REMARKS,VARCHAR2,string,True,False,CAMPUS,,flex2_schema_full.json
FLEX2,FMSPONSORSHIP,ENTEREDBY,VARCHAR2,string,True,False,CAMPUS,,flex2_schema_full.json
FLEX2,FMSPONSORSHIP,ENTRYDATE,DATE,date,True,False,CAMPUS,,flex2_schema_full.json
FLEX2,FMSPONSORSHIP,MODIFIEDBY,VARCHAR2,string,True,False,CAMPUS,,flex2_schema_full.json
FLEX2,FMSPONSORSHIP,MODIFIEDDATE,DATE,date,True,False,CAMPUS,,flex2_schema_full.json
FLEX2,FMSPONSORSHIP,STATUS,NUMBER,number,True,False,CAMPUS,,flex2_schema_full.json
FLEX2,FMSPONSORSHIP,SPONSTYPE,VARCHAR2,string,True,False,CAMPUS,,flex2_schema_full.json
FLEX2,FMSPONSORSHIP,SPONSHEAD,VARCHAR2,string,True,False,CAMPUS,,flex2_schema_full.json
FLEX2,FMSPONSORSHIP,ISONFULLLOAD,NUMBER,number,True,False,CAMPUS,,flex2_schema_full.json
FLEX2,FMSPONSORSHIPDETAIL,SPONSORSHIPDETAILID,NUMBER,number,True,True,FMSPONSORSHIP,,flex2_schema_full.json
FLEX2,FMSPONSORSHIPDETAIL,SPONSORSHIPID,NUMBER,number,True,False,FMSPONSORSHIP,,flex2_schema_full.json
FLEX2,FMSPONSORSHIPDETAIL,AMOUNT,NUMBER,number,True,False,FMSPONSORSHIP,,flex2_schema_full.json
FLEX2,FMSPONSORSHIPDETAIL,TYPE,VARCHAR2,string,True,False,FMSPONSORSHIP,,flex2_schema_full.json
FLEX2,FMSPONSORSHIPDETAIL,SUBHEADID,NUMBER,number,True,False,FMSPONSORSHIP,,flex2_schema_full.json
FLEX2,FMSPONSORSHIPDETAIL,REMARKS,VARCHAR2,string,True,False,FMSPONSORSHIP,,flex2_schema_full.json
FLEX2,FMSPONSORSHIPDETAIL,ENTEREDBY,VARCHAR2,string,True,False,FMSPONSORSHIP,,flex2_schema_full.json
FLEX2,FMSPONSORSHIPDETAIL,ENTRYDATE,DATE,date,True,False,FMSPONSORSHIP,,flex2_schema_full.json
FLEX2,FMSPONSORSHIPDETAIL,MODIFIEDBY,VARCHAR2,string,True,False,FMSPONSORSHIP,,flex2_schema_full.json
FLEX2,FMSPONSORSHIPDETAIL,MODIFIEDDATE,DATE,date,True,False,FMSPONSORSHIP,,flex2_schema_full.json
FLEX2,FMSPONSORSHIPDETAIL,STATUS,NUMBER,number,True,False,FMSPONSORSHIP,,flex2_schema_full.json
FLEX2,FMSTATUS,STATUSID,NUMBER,number,True,True,,,flex2_schema_full.json
FLEX2,FMSTATUS,TITLE,VARCHAR2,string,True,False,,,flex2_schema_full.json
FLEX2,FMSTATUS,DESCRIPTION,VARCHAR2,string,True,False,,,flex2_schema_full.json
FLEX2,FMSTATUS,ENTEREDBY,VARCHAR2,string,True,False,,,flex2_schema_full.json
FLEX2,FMSTATUS,ENTRYDATE,DATE,date,True,False,,,flex2_schema_full.json
FLEX2,FMSTUDENTFEETYPE,ID,NUMBER,number,True,False,CAMPUS;FMFEETYPE;SEMESTER;STUDENT_PROGRAM,,flex2_schema_full.json
FLEX2,FMSTUDENTFEETYPE,CAMPUSID,NUMBER,number,True,False,CAMPUS;FMFEETYPE;SEMESTER;STUDENT_PROGRAM,,flex2_schema_full.json
FLEX2,FMSTUDENTFEETYPE,ROLLNO,NUMBER,number,True,True,CAMPUS;FMFEETYPE;SEMESTER;STUDENT_PROGRAM,,flex2_schema_full.json
FLEX2,FMSTUDENTFEETYPE,SEMID,NUMBER,number,True,True,CAMPUS;FMFEETYPE;SEMESTER;STUDENT_PROGRAM,,flex2_schema_full.json
FLEX2,FMSTUDENTFEETYPE,FEETYPEID,NUMBER,number,True,False,CAMPUS;FMFEETYPE;SEMESTER;STUDENT_PROGRAM,,flex2_schema_full.json
FLEX2,FMSTUDENTFEETYPE,REMARKS,VARCHAR2,string,True,False,CAMPUS;FMFEETYPE;SEMESTER;STUDENT_PROGRAM,,flex2_schema_full.json
FLEX2,FMSTUDENTFEETYPE,ENTEREDBY,VARCHAR2,string,True,False,CAMPUS;FMFEETYPE;SEMESTER;STUDENT_PROGRAM,,flex2_schema_full.json
FLEX2,FMSTUDENTFEETYPE,ENTRYDATE,DATE,date,True,False,CAMPUS;FMFEETYPE;SEMESTER;STUDENT_PROGRAM,,flex2_schema_full.json
FLEX2,FMSTUDENTFEETYPE,MODIFIEDDATE,DATE,date,True,False,CAMPUS;FMFEETYPE;SEMESTER;STUDENT_PROGRAM,,flex2_schema_full.json
FLEX2,FMSTUDENTFEETYPE,LASTMODIFIEDBY,VARCHAR2,string,True,False,CAMPUS;FMFEETYPE;SEMESTER;STUDENT_PROGRAM,,flex2_schema_full.json
FLEX2,FMSTUDENTFEETYPE,STATUS,NUMBER,number,True,False,CAMPUS;FMFEETYPE;SEMESTER;STUDENT_PROGRAM,,flex2_schema_full.json
FLEX2,FMSTUDENTFEETYPE_B,ID,NUMBER,number,True,False,,,flex2_schema_full.json
FLEX2,FMSTUDENTFEETYPE_B,CAMPUSID,NUMBER,number,True,False,,,flex2_schema_full.json
FLEX2,FMSTUDENTFEETYPE_B,ROLLNO,NUMBER,number,True,False,,,flex2_schema_full.json
FLEX2,FMSTUDENTFEETYPE_B,SEMID,NUMBER,number,True,False,,,flex2_schema_full.json
FLEX2,FMSTUDENTFEETYPE_B,FEETYPEID,NUMBER,number,True,False,,,flex2_schema_full.json
FLEX2,FMSTUDENTFEETYPE_B,REMARKS,VARCHAR2,string,True,False,,,flex2_schema_full.json
FLEX2,FMSTUDENTFEETYPE_B,ENTEREDBY,VARCHAR2,string,True,False,,,flex2_schema_full.json
FLEX2,FMSTUDENTFEETYPE_B,ENTRYDATE,DATE,date,True,False,,,flex2_schema_full.json
FLEX2,FMSTUDENTFEETYPE_B,MODIFIEDDATE,DATE,date,True,False,,,flex2_schema_full.json
FLEX2,FMSTUDENTFEETYPE_B,LASTMODIFIEDBY,VARCHAR2,string,True,False,,,flex2_schema_full.json
FLEX2,FMSTUDENTFEETYPE_B,STATUS,NUMBER,number,True,False,,,flex2_schema_full.json
FLEX2,FMSTUDENTSPONSORSHIP,CAMPUSID,NUMBER,number,True,True,,,flex2_schema_full.json
FLEX2,FMSTUDENTSPONSORSHIP,ROLLNO,NUMBER,number,True,True,,,flex2_schema_full.json
FLEX2,FMSTUDENTSPONSORSHIP,ARN,NUMBER,number,True,False,,,flex2_schema_full.json
FLEX2,FMSTUDENTSPONSORSHIP,NAME,VARCHAR2,string,True,False,,,flex2_schema_full.json
FLEX2,FMSTUDENTSPONSORSHIP,PROGRAMID,VARCHAR2,string,True,False,,,flex2_schema_full.json
FLEX2,FMSTUDENTSPONSORSHIP,SPONSORSHIPID,NUMBER,number,True,True,,,flex2_schema_full.json
FLEX2,FMSTUDENTSPONSORSHIP,STARTSEMID,NUMBER,number,True,True,,,flex2_schema_full.json
FLEX2,FMSTUDENTSPONSORSHIP,ENDSEMID,NUMBER,number,True,False,,,flex2_schema_full.json
FLEX2,FMSTUDENTSPONSORSHIP,TYPE,VARCHAR2,string,True,False,,,flex2_schema_full.json
FLEX2,FMSTUDENTSPONSORSHIP,AMOUNT,NUMBER,number,True,False,,,flex2_schema_full.json
FLEX2,FMSTUDENTSPONSORSHIP,MINSGPA,NUMBER,number,True,False,,,flex2_schema_full.json
FLEX2,FMSTUDENTSPONSORSHIP,MINCGPA,NUMBER,number,True,False,,,flex2_schema_full.json
FLEX2,FMSTUDENTSPONSORSHIP,MINCOURSES,NUMBER,number,True,False,,,flex2_schema_full.json
FLEX2,FMSTUDENTSPONSORSHIP,MAXCOURSES,NUMBER,number,True,False,,,flex2_schema_full.json
FLEX2,FMSTUDENTSPONSORSHIP,REMARKS,VARCHAR2,string,True,False,,,flex2_schema_full.json
FLEX2,FMSTUDENTSPONSORSHIP,ENTEREDBY,VARCHAR2,string,True,False,,,flex2_schema_full.json
FLEX2,FMSTUDENTSPONSORSHIP,ENTRYDATE,DATE,date,True,False,,,flex2_schema_full.json
FLEX2,FMSTUDENTSPONSORSHIP,MODIFIEDBY,VARCHAR2,string,True,False,,,flex2_schema_full.json
FLEX2,FMSTUDENTSPONSORSHIP,MODIFIEDDATE,DATE,date,True,False,,,flex2_schema_full.json
FLEX2,FMSTUDENTSPONSORSHIP,STATUS,NUMBER,number,True,False,,,flex2_schema_full.json
FLEX2,FMSUBHEAD,SUBHEADID,NUMBER,number,True,True,FMHEAD,,flex2_schema_full.json
FLEX2,FMSUBHEAD,TITLE,VARCHAR2,string,True,False,FMHEAD,,flex2_schema_full.json
FLEX2,FMSUBHEAD,HEADID,NUMBER,number,True,False,FMHEAD,,flex2_schema_full.json
FLEX2,FMSUBHEAD,ORDERNO,NUMBER,number,True,False,FMHEAD,,flex2_schema_full.json
FLEX2,FMSUBHEAD,ACCOUNTCODE,VARCHAR2,string,True,False,FMHEAD,,flex2_schema_full.json
FLEX2,FMSUBHEAD,ENTEREDBY,VARCHAR2,string,True,False,FMHEAD,,flex2_schema_full.json
FLEX2,FMSUBHEAD,ENTRYDATE,DATE,date,True,False,FMHEAD,,flex2_schema_full.json
FLEX2,FMSUBHEAD,MODIFIEDBY,VARCHAR2,string,True,False,FMHEAD,,flex2_schema_full.json
FLEX2,FMSUBHEAD,MODIFIEDDATE,DATE,date,True,False,FMHEAD,,flex2_schema_full.json
FLEX2,FMSUBHEAD,STATUS,NUMBER,number,True,False,FMHEAD,,flex2_schema_full.json
FLEX2,FMWHTAXDEPOSITRECORD,SNO,NUMBER,number,True,True,,,flex2_schema_full.json
FLEX2,FMWHTAXDEPOSITRECORD,FILENAME,VARCHAR2,string,True,False,,,flex2_schema_full.json
FLEX2,FMWHTAXDEPOSITRECORD,CERTIFICATENO,VARCHAR2,string,True,False,,,flex2_schema_full.json
FLEX2,FMWHTAXDEPOSITRECORD,RECEIPTNO,NUMBER,number,True,False,,,flex2_schema_full.json
FLEX2,FMWHTAXDEPOSITRECORD,CAMPUSID,NUMBER,number,True,False,,,flex2_schema_full.json
FLEX2,FMWHTAXDEPOSITRECORD,DBROLLNO,NUMBER,number,True,False,,,flex2_schema_full.json
FLEX2,FMWHTAXDEPOSITRECORD,ROLLNO,VARCHAR2,string,True,False,,,flex2_schema_full.json
FLEX2,FMWHTAXDEPOSITRECORD,STUDENTNAME,VARCHAR2,string,True,False,,,flex2_schema_full.json
FLEX2,FMWHTAXDEPOSITRECORD,GAURDIANRELATION,NCHAR,string,True,False,,,flex2_schema_full.json
FLEX2,FMWHTAXDEPOSITRECORD,GAURDIANNAME,VARCHAR2,string,True,False,,,flex2_schema_full.json
FLEX2,FMWHTAXDEPOSITRECORD,GAURDIANNTN,VARCHAR2,string,True,False,,,flex2_schema_full.json
FLEX2,FMWHTAXDEPOSITRECORD,GAURDIANCNIC,VARCHAR2,string,True,False,,,flex2_schema_full.json
FLEX2,FMWHTAXDEPOSITRECORD,GAURDIANADDRESS,VARCHAR2,string,True,False,,,flex2_schema_full.json
FLEX2,FMWHTAXDEPOSITRECORD,TAXYEAR,VARCHAR2,string,True,False,,,flex2_schema_full.json
FLEX2,FMWHTAXDEPOSITRECORD,FROMDATE,DATE,date,True,False,,,flex2_schema_full.json
FLEX2,FMWHTAXDEPOSITRECORD,TODATE,DATE,date,True,False,,,flex2_schema_full.json
FLEX2,FMWHTAXDEPOSITRECORD,TAXABLEINCOME,NUMBER,number,True,False,,,flex2_schema_full.json
FLEX2,FMWHTAXDEPOSITRECORD,WHTAXREC,NUMBER,number,True,False,,,flex2_schema_full.json
FLEX2,FMWHTAXDEPOSITRECORD,WHTAXCOLLECTED,NUMBER,number,True,False,,,flex2_schema_full.json
FLEX2,FMWHTAXDEPOSITRECORD,DEPOSITDATE,DATE,date,True,False,,,flex2_schema_full.json
FLEX2,FMWHTAXDEPOSITRECORD,DEPOSITSLIPNO,VARCHAR2,string,True,False,,,flex2_schema_full.json
FLEX2,FMWHTAXDEPOSITRECORD,BANK,VARCHAR2,string,True,False,,,flex2_schema_full.json
FLEX2,FMWHTAXDEPOSITRECORD,BRANCHCODE,VARCHAR2,string,True,False,,,flex2_schema_full.json
FLEX2,FMWHTAXDEPOSITRECORD,REMARKS,VARCHAR2,string,True,False,,,flex2_schema_full.json
FLEX2,FMWHTAXDEPOSITRECORD,ENTEREDBY,VARCHAR2,string,True,False,,,flex2_schema_full.json
FLEX2,FMWHTAXDEPOSITRECORD,ENTRYDATE,DATE,date,True,False,,,flex2_schema_full.json
FLEX2,FMWHTAXDEPOSITRECORD,MODIFIEDBY,VARCHAR2,string,True,False,,,flex2_schema_full.json
FLEX2,FMWHTAXDEPOSITRECORD,MODIFIEDDATE,DATE,date,True,False,,,flex2_schema_full.json
FLEX2,FMWHTAXDEPOSITRECORD,LASTPRINTEDBY,VARCHAR2,string,True,False,,,flex2_schema_full.json
FLEX2,FMWHTAXDEPOSITRECORD,LASTPRINTEDDATE,DATE,date,True,False,,,flex2_schema_full.json
FLEX2,FMWHTAXDEPOSITRECORD,STATUS,NUMBER,number,True,False,,,flex2_schema_full.json
FLEX2,FMWHTAXDEPOSITRECORD_PWR,SNO,NUMBER,number,True,False,,,flex2_schema_full.json
FLEX2,FMWHTAXDEPOSITRECORD_PWR,FILENAME,VARCHAR2,string,True,False,,,flex2_schema_full.json
FLEX2,FMWHTAXDEPOSITRECORD_PWR,CERTIFICATENO,VARCHAR2,string,True,False,,,flex2_schema_full.json
FLEX2,FMWHTAXDEPOSITRECORD_PWR,RECEIPTNO,NUMBER,number,True,False,,,flex2_schema_full.json
FLEX2,FMWHTAXDEPOSITRECORD_PWR,CAMPUSID,NUMBER,number,True,False,,,flex2_schema_full.json
FLEX2,FMWHTAXDEPOSITRECORD_PWR,DBROLLNO,NUMBER,number,True,False,,,flex2_schema_full.json
FLEX2,FMWHTAXDEPOSITRECORD_PWR,ROLLNO,VARCHAR2,string,True,False,,,flex2_schema_full.json
FLEX2,FMWHTAXDEPOSITRECORD_PWR,STUDENTNAME,VARCHAR2,string,True,False,,,flex2_schema_full.json
FLEX2,FMWHTAXDEPOSITRECORD_PWR,GAURDIANRELATION,NCHAR,string,True,False,,,flex2_schema_full.json
FLEX2,FMWHTAXDEPOSITRECORD_PWR,GAURDIANNAME,VARCHAR2,string,True,False,,,flex2_schema_full.json
FLEX2,FMWHTAXDEPOSITRECORD_PWR,GAURDIANNTN,VARCHAR2,string,True,False,,,flex2_schema_full.json
FLEX2,FMWHTAXDEPOSITRECORD_PWR,GAURDIANCNIC,VARCHAR2,string,True,False,,,flex2_schema_full.json
FLEX2,FMWHTAXDEPOSITRECORD_PWR,GAURDIANADDRESS,VARCHAR2,string,True,False,,,flex2_schema_full.json
FLEX2,FMWHTAXDEPOSITRECORD_PWR,TAXYEAR,VARCHAR2,string,True,False,,,flex2_schema_full.json
FLEX2,FMWHTAXDEPOSITRECORD_PWR,FROMDATE,DATE,date,True,False,,,flex2_schema_full.json
FLEX2,FMWHTAXDEPOSITRECORD_PWR,TODATE,DATE,date,True,False,,,flex2_schema_full.json
FLEX2,FMWHTAXDEPOSITRECORD_PWR,TAXABLEINCOME,NUMBER,number,True,False,,,flex2_schema_full.json
FLEX2,FMWHTAXDEPOSITRECORD_PWR,WHTAXREC,NUMBER,number,True,False,,,flex2_schema_full.json
FLEX2,FMWHTAXDEPOSITRECORD_PWR,WHTAXCOLLECTED,NUMBER,number,True,False,,,flex2_schema_full.json
FLEX2,FMWHTAXDEPOSITRECORD_PWR,DEPOSITDATE,DATE,date,True,False,,,flex2_schema_full.json
FLEX2,FMWHTAXDEPOSITRECORD_PWR,DEPOSITSLIPNO,VARCHAR2,string,True,False,,,flex2_schema_full.json
FLEX2,FMWHTAXDEPOSITRECORD_PWR,BANK,VARCHAR2,string,True,False,,,flex2_schema_full.json
FLEX2,FMWHTAXDEPOSITRECORD_PWR,BRANCHCODE,VARCHAR2,string,True,False,,,flex2_schema_full.json
FLEX2,FMWHTAXDEPOSITRECORD_PWR,REMARKS,VARCHAR2,string,True,False,,,flex2_schema_full.json
FLEX2,FMWHTAXDEPOSITRECORD_PWR,ENTEREDBY,VARCHAR2,string,True,False,,,flex2_schema_full.json
FLEX2,FMWHTAXDEPOSITRECORD_PWR,ENTRYDATE,DATE,date,True,False,,,flex2_schema_full.json
FLEX2,FMWHTAXDEPOSITRECORD_PWR,MODIFIEDBY,VARCHAR2,string,True,False,,,flex2_schema_full.json
FLEX2,FMWHTAXDEPOSITRECORD_PWR,MODIFIEDDATE,DATE,date,True,False,,,flex2_schema_full.json
FLEX2,FMWHTAXDEPOSITRECORD_PWR,LASTPRINTEDBY,VARCHAR2,string,True,False,,,flex2_schema_full.json
FLEX2,FMWHTAXDEPOSITRECORD_PWR,LASTPRINTEDDATE,DATE,date,True,False,,,flex2_schema_full.json
FLEX2,FMWHTAXDEPOSITRECORD_PWR,STATUS,NUMBER,number,True,False,,,flex2_schema_full.json
FLEX2,FMWHTAXEXEMPTION,ROLLNO,NUMBER,number,True,True,,,flex2_schema_full.json
FLEX2,FMWHTAXEXEMPTION,TAXYEAR,VARCHAR2,string,True,True,,,flex2_schema_full.json
FLEX2,FMWHTAXEXEMPTION,SEMID,NUMBER,number,True,True,,,flex2_schema_full.json
FLEX2,FMWHTAXEXEMPTION,REMARKS,VARCHAR2,string,True,False,,,flex2_schema_full.json
FLEX2,FMWHTAXEXEMPTION,ENTEREDBY,VARCHAR2,string,True,False,,,flex2_schema_full.json
FLEX2,FMWHTAXEXEMPTION,ENTRYDATE,DATE,date,True,False,,,flex2_schema_full.json
FLEX2,FMWHTAXEXEMPTION,STATUS,NUMBER,number,True,False,,,flex2_schema_full.json
FLEX2,FM_DATES,ID,NUMBER,number,True,True,,,flex2_schema_full.json
FLEX2,FM_DATES,CAMPUSID,NUMBER,number,True,True,,,flex2_schema_full.json
FLEX2,FM_DATES,SEMID,NUMBER,number,True,True,,,flex2_schema_full.json
FLEX2,FM_DATES,PROGRAMID,NUMBER,number,True,True,,,flex2_schema_full.json
FLEX2,FM_DATES,BATCHNO,NUMBER,number,True,False,,,flex2_schema_full.json
FLEX2,FM_DATES,SECTIONID,NUMBER,number,True,False,,,flex2_schema_full.json
FLEX2,FM_DATES,FEE_DUE_DATE,DATE,date,True,False,,,flex2_schema_full.json
FLEX2,FM_DATES,WITTDRAW_DATE,DATE,date,True,False,,,flex2_schema_full.json
FLEX2,FM_DATES,STATUS,NUMBER,number,True,False,,,flex2_schema_full.json
FLEX2,FM_WRONG_POSTING,ROLLNO,NUMBER,number,True,False,,,flex2_schema_full.json
FLEX2,FM_WRONG_POSTING,SEMID,NUMBER,number,True,False,,,flex2_schema_full.json
FLEX2,FM_WRONG_POSTING,SCROLLDETAILID,NUMBER,number,True,False,,,flex2_schema_full.json
FLEX2,FM_WRONG_POSTING,CHALLANNO,NUMBER,number,True,False,,,flex2_schema_full.json
FLEX2,FM_WRONG_POSTING,AMOUNT,NUMBER,number,True,False,,,flex2_schema_full.json
FLEX2,FM_WRONG_POSTING,PAYMENTDATE,DATE,date,True,False,,,flex2_schema_full.json
FLEX2,FM_WRONG_POSTING,MODIFIEDBY,VARCHAR2,string,True,False,,,flex2_schema_full.json
FLEX2,FM_WRONG_POSTING,MODIFIEDDATE,DATE,date,True,False,,,flex2_schema_full.json
FLEX2,FM_WRONG_POSTING,ENTRYDATE,DATE,date,True,False,,,flex2_schema_full.json
FLEX2,FM_WRONG_POSTING,TRANSACTIONDATE,DATE,date,True,False,,,flex2_schema_full.json
FLEX2,GRADE,GRADE_ID,VARCHAR2,string,True,True,,,flex2_schema_full.json
FLEX2,GRADE,GRADE,VARCHAR2,string,True,False,,,flex2_schema_full.json
FLEX2,GRADE,GRADE_POINT,NUMBER,number,True,False,,,flex2_schema_full.json
FLEX2,GRADE,MIN_POINT,NUMBER,number,True,False,,,flex2_schema_full.json
FLEX2,GRADE,MAX_POINT,NUMBER,number,True,False,,,flex2_schema_full.json
FLEX2,GRADEPOLICY,GRADEPOLICYID,NUMBER,number,True,True,GRADE;GRADEPOLICY_DETAIL,,flex2_schema_full.json
FLEX2,GRADEPOLICY,GRADE_ID,VARCHAR2,string,True,True,GRADE;GRADEPOLICY_DETAIL,,flex2_schema_full.json
FLEX2,GRADEPOLICY,STATUS,NUMBER,number,True,False,GRADE;GRADEPOLICY_DETAIL,,flex2_schema_full.json
FLEX2,GRADEPOLICY_COURSE,COURSE_ID,NUMBER,number,True,True,COURSE;GRADEPOLICY_DETAIL,,flex2_schema_full.json
FLEX2,GRADEPOLICY_COURSE,GRADEPOLICYID,NUMBER,number,True,True,COURSE;GRADEPOLICY_DETAIL,,flex2_schema_full.json
FLEX2,GRADEPOLICY_COURSE,STARTINGDATE,DATE,date,True,True,COURSE;GRADEPOLICY_DETAIL,,flex2_schema_full.json
FLEX2,GRADEPOLICY_COURSE,ENDINGDATE,DATE,date,True,False,COURSE;GRADEPOLICY_DETAIL,,flex2_schema_full.json
FLEX2,GRADEPOLICY_COURSETEMP,CODE,VARCHAR2,string,True,False,,,flex2_schema_full.json
FLEX2,GRADEPOLICY_COURSETEMP,GRADEPOLICYID,NUMBER,number,True,False,,,flex2_schema_full.json
FLEX2,GRADEPOLICY_COURSETEMP,STARTINGDATE,DATE,date,True,False,,,flex2_schema_full.json
FLEX2,GRADEPOLICY_COURSETEMP,ENDINGDATE,DATE,date,True,False,,,flex2_schema_full.json
FLEX2,GRADEPOLICY_DETAIL,GRADEPOLICYID,NUMBER,number,True,True,,,flex2_schema_full.json
FLEX2,GRADEPOLICY_DETAIL,DESCRIPTION,VARCHAR2,string,True,False,,,flex2_schema_full.json
FLEX2,GRADING_SCHEME,GS_ID,NUMBER,number,True,True,,,flex2_schema_full.json
FLEX2,GRADING_SCHEME,GS_TEXT,VARCHAR2,string,True,False,,,flex2_schema_full.json
FLEX2,GRADING_SCHEME,CORRECTIONGRADE,VARCHAR2,string,True,False,,,flex2_schema_full.json
FLEX2,GRADING_SCHEME,AVG_GRADE,VARCHAR2,string,True,False,,,flex2_schema_full.json
FLEX2,GRADING_SCHEME,MIN_POINT,NUMBER,number,True,False,,,flex2_schema_full.json
FLEX2,GRADING_SCHEME,MAX_POINT,NUMBER,number,True,False,,,flex2_schema_full.json
FLEX2,GRADING_SCHEME,AVG_POINT,NUMBER,number,True,False,,,flex2_schema_full.json
FLEX2,GRADING_ZFACTOR,GZF_ID,NUMBER,number,True,True,GRADE;GRADING_SCHEME,,flex2_schema_full.json
FLEX2,GRADING_ZFACTOR,ZF_VALUE,NUMBER,number,True,False,GRADE;GRADING_SCHEME,,flex2_schema_full.json
FLEX2,GRADING_ZFACTOR,GS_ID,NUMBER,number,True,False,GRADE;GRADING_SCHEME,,flex2_schema_full.json
FLEX2,GRADING_ZFACTOR,GRADE_ID,VARCHAR2,string,True,False,GRADE;GRADING_SCHEME,,flex2_schema_full.json
FLEX2,HR_EMP_DATA_TEMP,HRMID,VARCHAR2,string,True,False,,,flex2_schema_full.json
FLEX2,HR_EMP_DATA_TEMP,NAME,VARCHAR2,string,True,False,,,flex2_schema_full.json
FLEX2,HR_EMP_DATA_TEMP,DESIGNATION,VARCHAR2,string,True,False,,,flex2_schema_full.json
FLEX2,HR_EMP_DATA_TEMP,CNINC,VARCHAR2,string,True,False,,,flex2_schema_full.json
FLEX2,HR_EMP_DATA_TEMP,CAMPUS,VARCHAR2,string,True,False,,,flex2_schema_full.json
FLEX2,HR_EMP_DATA_TEMP,CADRE,VARCHAR2,string,True,False,,,flex2_schema_full.json
FLEX2,HR_EMP_DATA_TEMP,CAMP_ID,NUMBER,number,True,False,,,flex2_schema_full.json
FLEX2,INAME,NAME,VARCHAR2,string,True,False,,,flex2_schema_full.json
FLEX2,INAME,ID,NUMBER,number,True,False,,,flex2_schema_full.json
FLEX2,INAME,VERSION,NUMBER,number,True,False,,,flex2_schema_full.json
FLEX2,INAME,TRIMSTART,NUMBER,number,True,False,,,flex2_schema_full.json
FLEX2,INSTR_COURSE_PREF,PREF_ID,NUMBER,number,True,True,COURSE;EMPLOYEE;SEMESTER,,flex2_schema_full.json
FLEX2,INSTR_COURSE_PREF,EMP_ID,NUMBER,number,True,False,COURSE;EMPLOYEE;SEMESTER,,flex2_schema_full.json
FLEX2,INSTR_COURSE_PREF,SEM_ID,NUMBER,number,True,False,COURSE;EMPLOYEE;SEMESTER,,flex2_schema_full.json
FLEX2,INSTR_COURSE_PREF,COURSE_ID,NUMBER,number,True,False,COURSE;EMPLOYEE;SEMESTER,,flex2_schema_full.json
FLEX2,INSTR_COURSE_PREF,PREF_SNO,NUMBER,number,True,False,COURSE;EMPLOYEE;SEMESTER,,flex2_schema_full.json
FLEX2,INSTR_COURSE_PREF,REMARKS,VARCHAR2,string,True,False,COURSE;EMPLOYEE;SEMESTER,,flex2_schema_full.json
FLEX2,INSTR_COURSE_PREF,CREATED_BY,NUMBER,number,True,False,COURSE;EMPLOYEE;SEMESTER,,flex2_schema_full.json
FLEX2,INSTR_COURSE_PREF,CREATED_DATE,DATE,date,True,False,COURSE;EMPLOYEE;SEMESTER,,flex2_schema_full.json
FLEX2,LECTURE,LECTURE_ID,NUMBER,number,True,True,COURSE_OFFER,,flex2_schema_full.json
FLEX2,LECTURE,OFFER_ID,NUMBER,number,True,False,COURSE_OFFER,,flex2_schema_full.json
FLEX2,LECTURE,LECTURE_DATE,DATE,date,True,False,COURSE_OFFER,,flex2_schema_full.json
FLEX2,LECTURE,LECTURE_NO,NUMBER,number,True,False,COURSE_OFFER,,flex2_schema_full.json
FLEX2,LECTURE,DURATION,NUMBER,number,True,False,COURSE_OFFER,,flex2_schema_full.json
FLEX2,LECTURE,CREATED_BY,NUMBER,number,True,False,COURSE_OFFER,,flex2_schema_full.json
FLEX2,LECTURE,CREATED_ON,DATE,date,True,False,COURSE_OFFER,,flex2_schema_full.json
FLEX2,NUMEN_EMPLOYEEDETAIL,CAMPUS,VARCHAR2,string,True,False,,,flex2_schema_full.json
FLEX2,NUMEN_EMPLOYEEDETAIL,OFFER_ID,NUMBER,number,True,False,,,flex2_schema_full.json
FLEX2,NUMEN_EMPLOYEEDETAIL,COURSE_ID,NUMBER,number,True,False,,,flex2_schema_full.json
FLEX2,NUMEN_EMPLOYEEDETAIL,COURSE,VARCHAR2,string,True,False,,,flex2_schema_full.json
FLEX2,NUMEN_EMPLOYEEDETAIL,TITLE,VARCHAR2,string,True,False,,,flex2_schema_full.json
FLEX2,NUMEN_EMPLOYEEDETAIL,EMP_ID,NUMBER,number,True,False,,,flex2_schema_full.json
FLEX2,NUMEN_EMPLOYEEDETAIL,HRM_ID,VARCHAR2,string,True,False,,,flex2_schema_full.json
FLEX2,NUMEN_EMPLOYEEDETAIL,EMP_NAME,VARCHAR2,string,True,False,,,flex2_schema_full.json
FLEX2,NUMEN_EMPLOYEEDETAIL,REG_STUDENT,NUMBER,number,True,False,,,flex2_schema_full.json
FLEX2,NUMEN_EMPLOYEEDETAIL,FEEDBACK_RECEIVED,NUMBER,number,True,False,,,flex2_schema_full.json
FLEX2,NUMEN_EMPLOYEEDETAIL,FEEDBACK_PERCENTAGE,NUMBER,number,True,False,,,flex2_schema_full.json
FLEX2,NUMEN_EMPLOYEEDETAIL,CAMP_ID,NUMBER,number,True,False,,,flex2_schema_full.json
FLEX2,NUMEN_EMPLOYEEDETAIL,SECTION,VARCHAR2,string,True,False,,,flex2_schema_full.json
FLEX2,NUMEN_EMPLOYEEDETAIL,SECTION_ID,NUMBER,number,True,False,,,flex2_schema_full.json
FLEX2,NUMEN_EMPLOYEEDETAIL,PROGRAM,CHAR,string,True,False,,,flex2_schema_full.json
FLEX2,NUMEN_EMPLOYEEDETAIL,SEMESTER,VARCHAR2,string,True,False,,,flex2_schema_full.json
FLEX2,NUMEN_EMPLOYEEDETAIL,SEM_ID,NUMBER,number,True,False,,,flex2_schema_full.json
FLEX2,NUTES_SEG_DATA,YEAR,NUMBER,number,True,False,,,flex2_schema_full.json
FLEX2,NUTES_SEG_DATA,TESTCENTER,NUMBER,number,True,False,,,flex2_schema_full.json
FLEX2,NUTES_SEG_DATA,ARN,NUMBER,number,True,False,,,flex2_schema_full.json
FLEX2,NUTES_SEG_DATA,ROLL_NO,NUMBER,number,True,False,,,flex2_schema_full.json
FLEX2,NUTES_SEG_DATA,CAMP_ROLL,VARCHAR2,string,True,False,,,flex2_schema_full.json
FLEX2,NUTES_SEG_DATA,SHORT_NAME,VARCHAR2,string,True,False,,,flex2_schema_full.json
FLEX2,NUTES_SEG_DATA,PROG_CODE,CHAR,string,True,False,,,flex2_schema_full.json
FLEX2,NUTES_SEG_DATA,FIRST_REG_SEM,NUMBER,number,True,False,,,flex2_schema_full.json
FLEX2,NUTES_SEG_DATA,LAST_REG_SEM,NUMBER,number,True,False,,,flex2_schema_full.json
FLEX2,NUTES_SEG_DATA,STATUS,VARCHAR2,string,True,False,,,flex2_schema_full.json
FLEX2,NUTES_SEG_DATA,NODE_NAME,VARCHAR2,string,True,False,,,flex2_schema_full.json
FLEX2,NUTES_SEG_DATA,MATRIC_OBT,NUMBER,number,True,False,,,flex2_schema_full.json
FLEX2,NUTES_SEG_DATA,MATRIC_TOT,NUMBER,number,True,False,,,flex2_schema_full.json
FLEX2,NUTES_SEG_DATA,INTER_OBT,NUMBER,number,True,False,,,flex2_schema_full.json
FLEX2,NUTES_SEG_DATA,INTER_TOT,NUMBER,number,True,False,,,flex2_schema_full.json
FLEX2,NUTES_SEG_DATA,MARKS,NUMBER,number,True,False,,,flex2_schema_full.json
FLEX2,NUTES_SEG_DATA,CGPA,NUMBER,number,True,False,,,flex2_schema_full.json
FLEX2,NUTES_TM_SEG,YEAR,NUMBER,number,True,False,,,flex2_schema_full.json
FLEX2,NUTES_TM_SEG,TESTCENTER,NUMBER,number,True,False,,,flex2_schema_full.json
FLEX2,NUTES_TM_SEG,ARN,NUMBER,number,True,False,,,flex2_schema_full.json
FLEX2,NUTES_TM_SEG,CANDIDATE_ID,NUMBER,number,True,False,,,flex2_schema_full.json
FLEX2,NUTES_TM_SEG,QUESTION_ATTEMPTED,NUMBER,number,True,False,,,flex2_schema_full.json
FLEX2,NUTES_TM_SEG,QUESTION_CORRECT,NUMBER,number,True,False,,,flex2_schema_full.json
FLEX2,NUTES_TM_SEG,QUESTION_WTG,NUMBER,number,True,False,,,flex2_schema_full.json
FLEX2,NUTES_TM_SEG,MARKS,NUMBER,number,True,False,,,flex2_schema_full.json
FLEX2,NUTES_TM_SEG,NODE_NAME,VARCHAR2,string,True,False,,,flex2_schema_full.json
FLEX2,NUTES_TM_SEG,PROGRAMME_ID,NUMBER,number,True,False,,,flex2_schema_full.json
FLEX2,NUTES_TM_SEG,GROUP_ID,NUMBER,number,True,False,,,flex2_schema_full.json
FLEX2,NUTES_TM_SEG,TEST_DISCIPLINE,VARCHAR2,string,True,False,,,flex2_schema_full.json
FLEX2,ORA_ASPNET_APPLICATIONS,APPLICATIONNAME,NVARCHAR2,unknown,True,False,,,flex2_schema_full.json
FLEX2,ORA_ASPNET_APPLICATIONS,LOWEREDAPPLICATIONNAME,NVARCHAR2,unknown,True,False,,,flex2_schema_full.json
FLEX2,ORA_ASPNET_APPLICATIONS,APPLICATIONID,RAW,unknown,True,True,,,flex2_schema_full.json
FLEX2,ORA_ASPNET_APPLICATIONS,DESCRIPTION,NVARCHAR2,unknown,True,False,,,flex2_schema_full.json
FLEX2,ORA_ASPNET_MEMBERSHIP,APPLICATIONID,RAW,unknown,True,False,ORA_ASPNET_APPLICATIONS;ORA_ASPNET_USERS,,flex2_schema_full.json
FLEX2,ORA_ASPNET_MEMBERSHIP,USERID,RAW,unknown,True,True,ORA_ASPNET_APPLICATIONS;ORA_ASPNET_USERS,,flex2_schema_full.json
FLEX2,ORA_ASPNET_MEMBERSHIP,PASSWORD,NVARCHAR2,unknown,True,False,ORA_ASPNET_APPLICATIONS;ORA_ASPNET_USERS,,flex2_schema_full.json
FLEX2,ORA_ASPNET_MEMBERSHIP,PASSWORDFORMAT,NUMBER,number,True,False,ORA_ASPNET_APPLICATIONS;ORA_ASPNET_USERS,,flex2_schema_full.json
FLEX2,ORA_ASPNET_MEMBERSHIP,PASSWORDSALT,NVARCHAR2,unknown,True,False,ORA_ASPNET_APPLICATIONS;ORA_ASPNET_USERS,,flex2_schema_full.json
FLEX2,ORA_ASPNET_MEMBERSHIP,MOBILEPIN,NVARCHAR2,unknown,True,False,ORA_ASPNET_APPLICATIONS;ORA_ASPNET_USERS,,flex2_schema_full.json
FLEX2,ORA_ASPNET_MEMBERSHIP,EMAIL,NVARCHAR2,unknown,True,False,ORA_ASPNET_APPLICATIONS;ORA_ASPNET_USERS,,flex2_schema_full.json
FLEX2,ORA_ASPNET_MEMBERSHIP,LOWEREDEMAIL,NVARCHAR2,unknown,True,False,ORA_ASPNET_APPLICATIONS;ORA_ASPNET_USERS,,flex2_schema_full.json
FLEX2,ORA_ASPNET_MEMBERSHIP,PASSWORDQUESTION,NVARCHAR2,unknown,True,False,ORA_ASPNET_APPLICATIONS;ORA_ASPNET_USERS,,flex2_schema_full.json
FLEX2,ORA_ASPNET_MEMBERSHIP,PASSWORDANSWER,NVARCHAR2,unknown,True,False,ORA_ASPNET_APPLICATIONS;ORA_ASPNET_USERS,,flex2_schema_full.json
FLEX2,ORA_ASPNET_MEMBERSHIP,ISAPPROVED,NUMBER,number,True,False,ORA_ASPNET_APPLICATIONS;ORA_ASPNET_USERS,,flex2_schema_full.json
FLEX2,ORA_ASPNET_MEMBERSHIP,ISLOCKEDOUT,NUMBER,number,True,False,ORA_ASPNET_APPLICATIONS;ORA_ASPNET_USERS,,flex2_schema_full.json
FLEX2,ORA_ASPNET_MEMBERSHIP,CREATEDATE,DATE,date,True,False,ORA_ASPNET_APPLICATIONS;ORA_ASPNET_USERS,,flex2_schema_full.json
FLEX2,ORA_ASPNET_MEMBERSHIP,LASTLOGINDATE,DATE,date,True,False,ORA_ASPNET_APPLICATIONS;ORA_ASPNET_USERS,,flex2_schema_full.json
FLEX2,ORA_ASPNET_MEMBERSHIP,LASTPASSWORDCHANGEDDATE,DATE,date,True,False,ORA_ASPNET_APPLICATIONS;ORA_ASPNET_USERS,,flex2_schema_full.json
FLEX2,ORA_ASPNET_MEMBERSHIP,LASTLOCKOUTDATE,DATE,date,True,False,ORA_ASPNET_APPLICATIONS;ORA_ASPNET_USERS,,flex2_schema_full.json
FLEX2,ORA_ASPNET_MEMBERSHIP,FAILEDPWDATTEMPTCOUNT,NUMBER,number,True,False,ORA_ASPNET_APPLICATIONS;ORA_ASPNET_USERS,,flex2_schema_full.json
FLEX2,ORA_ASPNET_MEMBERSHIP,FAILEDPWDATTEMPTWINSTART,DATE,date,True,False,ORA_ASPNET_APPLICATIONS;ORA_ASPNET_USERS,,flex2_schema_full.json
FLEX2,ORA_ASPNET_MEMBERSHIP,FAILEDPWDANSWERATTEMPTCOUNT,NUMBER,number,True,False,ORA_ASPNET_APPLICATIONS;ORA_ASPNET_USERS,,flex2_schema_full.json
FLEX2,ORA_ASPNET_MEMBERSHIP,FAILEDPWDANSWERATTEMPTWINSTART,DATE,date,True,False,ORA_ASPNET_APPLICATIONS;ORA_ASPNET_USERS,,flex2_schema_full.json
FLEX2,ORA_ASPNET_MEMBERSHIP,COMMENTS,NCLOB,unknown,True,False,ORA_ASPNET_APPLICATIONS;ORA_ASPNET_USERS,,flex2_schema_full.json
FLEX2,ORA_ASPNET_PATHS,APPLICATIONID,RAW,unknown,True,False,ORA_ASPNET_APPLICATIONS,,flex2_schema_full.json
FLEX2,ORA_ASPNET_PATHS,PATHID,RAW,unknown,True,True,ORA_ASPNET_APPLICATIONS,,flex2_schema_full.json
FLEX2,ORA_ASPNET_PATHS,PATH,NVARCHAR2,unknown,True,False,ORA_ASPNET_APPLICATIONS,,flex2_schema_full.json
FLEX2,ORA_ASPNET_PATHS,LOWEREDPATH,NVARCHAR2,unknown,True,False,ORA_ASPNET_APPLICATIONS,,flex2_schema_full.json
FLEX2,ORA_ASPNET_PERSONALIZNALLUSERS,PATHID,RAW,unknown,True,False,ORA_ASPNET_PATHS,,flex2_schema_full.json
FLEX2,ORA_ASPNET_PERSONALIZNALLUSERS,PAGESETTINGS,BLOB,unknown,True,False,ORA_ASPNET_PATHS,,flex2_schema_full.json
FLEX2,ORA_ASPNET_PERSONALIZNALLUSERS,LASTUPDATEDDATE,DATE,date,True,False,ORA_ASPNET_PATHS,,flex2_schema_full.json
FLEX2,ORA_ASPNET_PERSONALIZNPERUSER,ID,RAW,unknown,True,True,ORA_ASPNET_PATHS;ORA_ASPNET_USERS,,flex2_schema_full.json
FLEX2,ORA_ASPNET_PERSONALIZNPERUSER,PATHID,RAW,unknown,True,False,ORA_ASPNET_PATHS;ORA_ASPNET_USERS,,flex2_schema_full.json
FLEX2,ORA_ASPNET_PERSONALIZNPERUSER,USERID,RAW,unknown,True,False,ORA_ASPNET_PATHS;ORA_ASPNET_USERS,,flex2_schema_full.json
FLEX2,ORA_ASPNET_PERSONALIZNPERUSER,PAGESETTINGS,BLOB,unknown,True,False,ORA_ASPNET_PATHS;ORA_ASPNET_USERS,,flex2_schema_full.json
FLEX2,ORA_ASPNET_PERSONALIZNPERUSER,LASTUPDATEDDATE,DATE,date,True,False,ORA_ASPNET_PATHS;ORA_ASPNET_USERS,,flex2_schema_full.json
FLEX2,ORA_ASPNET_PROFILE,USERID,RAW,unknown,True,True,ORA_ASPNET_USERS,,flex2_schema_full.json
FLEX2,ORA_ASPNET_PROFILE,PROPERTYNAMES,NCLOB,unknown,True,False,ORA_ASPNET_USERS,,flex2_schema_full.json
FLEX2,ORA_ASPNET_PROFILE,PROPERTYVALUESSTRING,NCLOB,unknown,True,False,ORA_ASPNET_USERS,,flex2_schema_full.json
FLEX2,ORA_ASPNET_PROFILE,PROPERTYVALUESBINARY,BLOB,unknown,True,False,ORA_ASPNET_USERS,,flex2_schema_full.json
FLEX2,ORA_ASPNET_PROFILE,LASTUPDATEDDATE,DATE,date,True,False,ORA_ASPNET_USERS,,flex2_schema_full.json
FLEX2,ORA_ASPNET_ROLES,APPLICATIONID,RAW,unknown,True,False,ORA_ASPNET_APPLICATIONS,,flex2_schema_full.json
FLEX2,ORA_ASPNET_ROLES,ROLEID,RAW,unknown,True,True,ORA_ASPNET_APPLICATIONS,,flex2_schema_full.json
FLEX2,ORA_ASPNET_ROLES,ROLENAME,NVARCHAR2,unknown,True,False,ORA_ASPNET_APPLICATIONS,,flex2_schema_full.json
FLEX2,ORA_ASPNET_ROLES,LOWEREDROLENAME,NVARCHAR2,unknown,True,False,ORA_ASPNET_APPLICATIONS,,flex2_schema_full.json
FLEX2,ORA_ASPNET_ROLES,DESCRIPTION,NVARCHAR2,unknown,True,False,ORA_ASPNET_APPLICATIONS,,flex2_schema_full.json
FLEX2,ORA_ASPNET_SESSIONAPPLICATIONS,APPID,RAW,unknown,True,True,,,flex2_schema_full.json
FLEX2,ORA_ASPNET_SESSIONAPPLICATIONS,APPNAME,NVARCHAR2,unknown,True,False,,,flex2_schema_full.json
FLEX2,ORA_ASPNET_SESSIONS,SESSIONID,NVARCHAR2,unknown,True,True,,,flex2_schema_full.json
FLEX2,ORA_ASPNET_SESSIONS,CREATED,DATE,date,True,False,,,flex2_schema_full.json
FLEX2,ORA_ASPNET_SESSIONS,EXPIRES,DATE,date,True,False,,,flex2_schema_full.json
FLEX2,ORA_ASPNET_SESSIONS,LOCKDATE,DATE,date,True,False,,,flex2_schema_full.json
FLEX2,ORA_ASPNET_SESSIONS,LOCKDATELOCAL,DATE,date,True,False,,,flex2_schema_full.json
FLEX2,ORA_ASPNET_SESSIONS,LOCKCOOKIE,NUMBER,number,True,False,,,flex2_schema_full.json
FLEX2,ORA_ASPNET_SESSIONS,TIMEOUT,NUMBER,number,True,False,,,flex2_schema_full.json
FLEX2,ORA_ASPNET_SESSIONS,LOCKED,NUMBER,number,True,False,,,flex2_schema_full.json
FLEX2,ORA_ASPNET_SESSIONS,SESSIONITEMSHORT,RAW,unknown,True,False,,,flex2_schema_full.json
FLEX2,ORA_ASPNET_SESSIONS,SESSIONITEMLONG,BLOB,unknown,True,False,,,flex2_schema_full.json
FLEX2,ORA_ASPNET_SESSIONS,FLAGS,NUMBER,number,True,False,,,flex2_schema_full.json
FLEX2,ORA_ASPNET_SITEMAP,APPLICATIONID,RAW,unknown,True,True,ORA_ASPNET_APPLICATIONS,,flex2_schema_full.json
FLEX2,ORA_ASPNET_SITEMAP,ID,NUMBER,number,True,True,ORA_ASPNET_APPLICATIONS,,flex2_schema_full.json
FLEX2,ORA_ASPNET_SITEMAP,TITLE,NVARCHAR2,unknown,True,False,ORA_ASPNET_APPLICATIONS,,flex2_schema_full.json
FLEX2,ORA_ASPNET_SITEMAP,DESCRIPTION,NVARCHAR2,unknown,True,False,ORA_ASPNET_APPLICATIONS,,flex2_schema_full.json
FLEX2,ORA_ASPNET_SITEMAP,URL,NVARCHAR2,unknown,True,False,ORA_ASPNET_APPLICATIONS,,flex2_schema_full.json
FLEX2,ORA_ASPNET_SITEMAP,ROLES,NVARCHAR2,unknown,True,False,ORA_ASPNET_APPLICATIONS,,flex2_schema_full.json
FLEX2,ORA_ASPNET_SITEMAP,PARENT,NUMBER,number,True,False,ORA_ASPNET_APPLICATIONS,,flex2_schema_full.json
FLEX2,ORA_ASPNET_USERS,APPLICATIONID,RAW,unknown,True,False,ORA_ASPNET_APPLICATIONS,,flex2_schema_full.json
FLEX2,ORA_ASPNET_USERS,USERID,RAW,unknown,True,True,ORA_ASPNET_APPLICATIONS,,flex2_schema_full.json
FLEX2,ORA_ASPNET_USERS,USERNAME,NVARCHAR2,unknown,True,False,ORA_ASPNET_APPLICATIONS,,flex2_schema_full.json
FLEX2,ORA_ASPNET_USERS,LOWEREDUSERNAME,NVARCHAR2,unknown,True,False,ORA_ASPNET_APPLICATIONS,,flex2_schema_full.json
FLEX2,ORA_ASPNET_USERS,MOBILEALIAS,NVARCHAR2,unknown,True,False,ORA_ASPNET_APPLICATIONS,,flex2_schema_full.json
FLEX2,ORA_ASPNET_USERS,ISANONYMOUS,NUMBER,number,True,False,ORA_ASPNET_APPLICATIONS,,flex2_schema_full.json
FLEX2,ORA_ASPNET_USERS,LASTACTIVITYDATE,DATE,date,True,False,ORA_ASPNET_APPLICATIONS,,flex2_schema_full.json
FLEX2,ORA_ASPNET_USERSINROLES,USERID,RAW,unknown,True,True,ORA_ASPNET_ROLES;ORA_ASPNET_USERS,,flex2_schema_full.json
FLEX2,ORA_ASPNET_USERSINROLES,ROLEID,RAW,unknown,True,True,ORA_ASPNET_ROLES;ORA_ASPNET_USERS,,flex2_schema_full.json
FLEX2,ORA_ASPNET_WEBEVENTS,EVENTID,CHAR,string,True,False,,,flex2_schema_full.json
FLEX2,ORA_ASPNET_WEBEVENTS,EVENTTIMEUTC,DATE,date,True,False,,,flex2_schema_full.json
FLEX2,ORA_ASPNET_WEBEVENTS,EVENTTIME,DATE,date,True,False,,,flex2_schema_full.json
FLEX2,ORA_ASPNET_WEBEVENTS,EVENTTYPE,NVARCHAR2,unknown,True,False,,,flex2_schema_full.json
FLEX2,ORA_ASPNET_WEBEVENTS,EVENTSEQUENCE,NUMBER,number,True,False,,,flex2_schema_full.json
FLEX2,ORA_ASPNET_WEBEVENTS,EVENTOCCURENCE,NUMBER,number,True,False,,,flex2_schema_full.json
FLEX2,ORA_ASPNET_WEBEVENTS,EVENTCODE,NUMBER,number,True,False,,,flex2_schema_full.json
FLEX2,ORA_ASPNET_WEBEVENTS,EVENTDETAILCODE,NUMBER,number,True,False,,,flex2_schema_full.json
FLEX2,ORA_ASPNET_WEBEVENTS,MESSAGE,NVARCHAR2,unknown,True,False,,,flex2_schema_full.json
FLEX2,ORA_ASPNET_WEBEVENTS,APPLICATIONPATH,NVARCHAR2,unknown,True,False,,,flex2_schema_full.json
FLEX2,ORA_ASPNET_WEBEVENTS,APPLICATIONVIRTUALPATH,NVARCHAR2,unknown,True,False,,,flex2_schema_full.json
FLEX2,ORA_ASPNET_WEBEVENTS,MACHINENAME,NVARCHAR2,unknown,True,False,,,flex2_schema_full.json
FLEX2,ORA_ASPNET_WEBEVENTS,REQUESTURL,NVARCHAR2,unknown,True,False,,,flex2_schema_full.json
FLEX2,ORA_ASPNET_WEBEVENTS,EXCEPTIONTYPE,NVARCHAR2,unknown,True,False,,,flex2_schema_full.json
FLEX2,ORA_ASPNET_WEBEVENTS,DETAILS,NCLOB,unknown,True,False,,,flex2_schema_full.json
FLEX2,PHD_CLOSURE_ADMISSION_DETAIL,PA_ID,NUMBER,number,True,True,,,flex2_schema_full.json
FLEX2,PHD_CLOSURE_ADMISSION_DETAIL,ROLL_NO,NUMBER,number,True,False,,,flex2_schema_full.json
FLEX2,PHD_CLOSURE_ADMISSION_DETAIL,CLOSURE_DATE,DATE,date,True,False,,,flex2_schema_full.json
FLEX2,PHD_CLOSURE_ADMISSION_DETAIL,BASR_DATE,DATE,date,True,False,,,flex2_schema_full.json
FLEX2,PHD_CLOSURE_ADMISSION_DETAIL,REASONS,VARCHAR2,string,True,False,,,flex2_schema_full.json
FLEX2,PHD_COMPREHENSIVETEST,CT_ID,NUMBER,number,True,False,,,flex2_schema_full.json
FLEX2,PHD_COMPREHENSIVETEST,ROLL_NO,NUMBER,number,True,False,,,flex2_schema_full.json
FLEX2,PHD_COMPREHENSIVETEST,ATTEMPT,NUMBER,number,True,False,,,flex2_schema_full.json
FLEX2,PHD_COMPREHENSIVETEST,APPLIEDON,DATE,date,True,False,,,flex2_schema_full.json
FLEX2,PHD_COMPREHENSIVETEST,GSCACTIONON,DATE,date,True,False,,,flex2_schema_full.json
FLEX2,PHD_COMPREHENSIVETEST,TESTDATE,DATE,date,True,False,,,flex2_schema_full.json
FLEX2,PHD_COMPREHENSIVETEST,TESTTAKEN,NUMBER,number,True,False,,,flex2_schema_full.json
FLEX2,PHD_COMPREHENSIVETEST,PERCENTAGE,NUMBER,number,True,False,,,flex2_schema_full.json
FLEX2,PHD_COMPREHENSIVETEST,PROGRAMID,NUMBER,number,True,False,,,flex2_schema_full.json
FLEX2,PHD_COMPREHENSIVETEST,CAMPUSID,NUMBER,number,True,False,,,flex2_schema_full.json
FLEX2,PHD_FOREIGN_EVALUATORS,FEVAL_ID,NUMBER,number,True,False,,,flex2_schema_full.json
FLEX2,PHD_FOREIGN_EVALUATORS,NAME,VARCHAR2,string,True,False,,,flex2_schema_full.json
FLEX2,PHD_FOREIGN_EVALUATORS,DEPARTMENT,VARCHAR2,string,True,False,,,flex2_schema_full.json
FLEX2,PHD_FOREIGN_EVALUATORS,UNIVERSITY,VARCHAR2,string,True,False,,,flex2_schema_full.json
FLEX2,PHD_FOREIGN_EVALUATORS,COUNTRY,VARCHAR2,string,True,False,,,flex2_schema_full.json
FLEX2,PHD_GAT_DETAIL,GID,NUMBER,number,True,False,,,flex2_schema_full.json
FLEX2,PHD_GAT_DETAIL,ROLL_NO,NUMBER,number,True,False,,,flex2_schema_full.json
FLEX2,PHD_GAT_DETAIL,TEST_ID,NUMBER,number,True,False,,,flex2_schema_full.json
FLEX2,PHD_GAT_DETAIL,SCORE,NUMBER,number,True,False,,,flex2_schema_full.json
FLEX2,PHD_GAT_DETAIL,PERCENTILE,NUMBER,number,True,False,,,flex2_schema_full.json
FLEX2,PHD_GAT_DETAIL,TEST_DATE,VARCHAR2,string,True,False,,,flex2_schema_full.json
FLEX2,PHD_GSC_MEETING_AGENDA,GMA_ID,NUMBER,number,True,True,,,flex2_schema_full.json
FLEX2,PHD_GSC_MEETING_AGENDA,MT_ID,NUMBER,number,True,False,,,flex2_schema_full.json
FLEX2,PHD_GSC_MEETING_AGENDA,AGENDA_NO,NUMBER,number,True,False,,,flex2_schema_full.json
FLEX2,PHD_GSC_MEETING_AGENDA,TOPIC,VARCHAR2,string,True,False,,,flex2_schema_full.json
FLEX2,PHD_GSC_MEETING_AGENDA,SUMMARY,VARCHAR2,string,True,False,,,flex2_schema_full.json
FLEX2,PHD_GSC_MEETING_DETAIL,MT_ID,NUMBER,number,True,True,,,flex2_schema_full.json
FLEX2,PHD_GSC_MEETING_DETAIL,TITLE,VARCHAR2,string,True,False,,,flex2_schema_full.json
FLEX2,PHD_GSC_MEETING_DETAIL,VENUE,VARCHAR2,string,True,False,,,flex2_schema_full.json
FLEX2,PHD_GSC_MEETING_DETAIL,TIMINGS,DATE,date,True,False,,,flex2_schema_full.json
FLEX2,PHD_GSC_MEETING_DETAIL,CREATEDBY,VARCHAR2,string,True,False,,,flex2_schema_full.json
FLEX2,PHD_GSC_MEETING_DETAIL,CREATEDON,DATE,date,True,False,,,flex2_schema_full.json
FLEX2,PHD_I_DOCUMENTS,D_ID,NUMBER,number,True,False,,,flex2_schema_full.json
FLEX2,PHD_I_DOCUMENTS,NAME,VARCHAR2,string,True,False,,,flex2_schema_full.json
FLEX2,PHD_I_DOCUMENTS,FOR_STUDENT,NUMBER,number,True,False,,,flex2_schema_full.json
FLEX2,PHD_I_DOC_TYPE,ID,NUMBER,number,True,False,,,flex2_schema_full.json
FLEX2,PHD_I_DOC_TYPE,TYPE,VARCHAR2,string,True,False,,,flex2_schema_full.json
FLEX2,PHD_I_GSC_MEMBER,EMP_ID,NUMBER,number,True,True,,,flex2_schema_full.json
FLEX2,PHD_I_GSC_MEMBER,CAMP_ID,NUMBER,number,True,True,,,flex2_schema_full.json
FLEX2,PHD_I_STATUS,S_ID,NUMBER,number,True,True,,,flex2_schema_full.json
FLEX2,PHD_I_STATUS,DETAILS,VARCHAR2,string,True,False,,,flex2_schema_full.json
FLEX2,PHD_LOCAL_EVALUATORS,LEVAL_ID,NUMBER,number,True,False,,,flex2_schema_full.json
FLEX2,PHD_LOCAL_EVALUATORS,NAME,VARCHAR2,string,True,False,,,flex2_schema_full.json
FLEX2,PHD_LOCAL_EVALUATORS,DEPARTMENT,VARCHAR2,string,True,False,,,flex2_schema_full.json
FLEX2,PHD_LOCAL_EVALUATORS,INSTITUTION,VARCHAR2,string,True,False,,,flex2_schema_full.json
FLEX2,PHD_LOCAL_EVALUATORS,CITY,VARCHAR2,string,True,False,,,flex2_schema_full.json
FLEX2,PHD_STD_EVALUATORS,STD_EVAL_ID,NUMBER,number,True,False,,,flex2_schema_full.json
FLEX2,PHD_STD_EVALUATORS,ROLL_NO,NUMBER,number,True,False,,,flex2_schema_full.json
FLEX2,PHD_STD_EVALUATORS,FOREIGN_EVAL_I,NUMBER,number,True,False,,,flex2_schema_full.json
FLEX2,PHD_STD_EVALUATORS,FOREIGN_EVAL_II,NUMBER,number,True,False,,,flex2_schema_full.json
FLEX2,PHD_STD_EVALUATORS,FOREIGN_EVAL_III,NUMBER,number,True,False,,,flex2_schema_full.json
FLEX2,PHD_STD_EVALUATORS,LOCAL_EVAL_I,NUMBER,number,True,False,,,flex2_schema_full.json
FLEX2,PHD_STD_EVALUATORS,LOCAL_EVAL_II,NUMBER,number,True,False,,,flex2_schema_full.json
FLEX2,PHD_STD_EVALUATORS,LOCAL_EVAL_III,NUMBER,number,True,False,,,flex2_schema_full.json
FLEX2,PHD_STD_EVALUATORS,INTERNAL_EVALUATOR,NUMBER,number,True,False,,,flex2_schema_full.json
FLEX2,PHD_STUDENT_STATUS,ROLL_NO,NUMBER,number,True,False,,,flex2_schema_full.json
FLEX2,PHD_STUDENT_STATUS,STATUS,NUMBER,number,True,False,,,flex2_schema_full.json
FLEX2,PHD_STUDENT_STATUS,FUNDED_BY,NUMBER,number,True,False,,,flex2_schema_full.json
FLEX2,PHD_STUDENT_STATUS,HEC_PIN,VARCHAR2,string,True,False,,,flex2_schema_full.json
FLEX2,PHD_STUDENT_STATUS,DEFENSE_DATE,DATE,date,True,False,,,flex2_schema_full.json
FLEX2,PHD_STUDENT_SUPERVISOR,ID,NUMBER,number,True,False,,,flex2_schema_full.json
FLEX2,PHD_STUDENT_SUPERVISOR,ARN,NUMBER,number,True,False,,,flex2_schema_full.json
FLEX2,PHD_STUDENT_SUPERVISOR,ROLLNO,NUMBER,number,True,False,,,flex2_schema_full.json
FLEX2,PHD_STUDENT_SUPERVISOR,EMP_ID,NUMBER,number,True,False,,,flex2_schema_full.json
FLEX2,PHD_STUDENT_SUPERVISOR,SUPERVISOR_ID,NUMBER,number,True,False,,,flex2_schema_full.json
FLEX2,PHD_STUDENT_SUPERVISOR,STATUS,NUMBER,number,True,False,,,flex2_schema_full.json
FLEX2,PHD_STUDENT_SUPERVISOR,REQUESTEDON,DATE,date,True,False,,,flex2_schema_full.json
FLEX2,PHD_STUDENT_SUPERVISOR,ACTIONON,DATE,date,True,False,,,flex2_schema_full.json
FLEX2,PHD_STUDENT_SUPERVISOR,REASON,VARCHAR2,string,True,False,,,flex2_schema_full.json
FLEX2,PHD_STUDENT_SUPERVISOR,THESIS_DETAILS,VARCHAR2,string,True,False,,,flex2_schema_full.json
FLEX2,PHD_STUDENT_SUPERVISOR_DETAIL,ID,NUMBER,number,True,False,,,flex2_schema_full.json
FLEX2,PHD_STUDENT_SUPERVISOR_DETAIL,STD_SUPERVISOR_ID,NUMBER,number,True,False,,,flex2_schema_full.json
FLEX2,PHD_STUDENT_SUPERVISOR_DETAIL,IS_DOC,NUMBER,number,True,False,,,flex2_schema_full.json
FLEX2,PHD_STUDENT_SUPERVISOR_DETAIL,IDEA_BY,NUMBER,number,True,False,,,flex2_schema_full.json
FLEX2,PHD_STUDENT_SUPERVISOR_DETAIL,CAN_CONTINUE,NUMBER,number,True,False,,,flex2_schema_full.json
FLEX2,PHD_STUDENT_SUPERVISOR_LOG,PSSD_ID,NUMBER,number,True,False,,,flex2_schema_full.json
FLEX2,PHD_STUDENT_SUPERVISOR_LOG,SUPERVISOR_ID,NUMBER,number,True,False,,,flex2_schema_full.json
FLEX2,PHD_STUDENT_SUPERVISOR_LOG,ROLL_NO,NUMBER,number,True,False,,,flex2_schema_full.json
FLEX2,PHD_STUDENT_SUPERVISOR_LOG,STATUS,NUMBER,number,True,False,,,flex2_schema_full.json
FLEX2,PHD_STUDENT_SUPERVISOR_LOG,REASON,VARCHAR2,string,True,False,,,flex2_schema_full.json
FLEX2,PHD_STUDENT_SUPERVISOR_LOG,ACTIONBY,NUMBER,number,True,False,,,flex2_schema_full.json
FLEX2,PHD_STUDENT_SUPERVISOR_LOG,ACTIONON,DATE,date,True,False,,,flex2_schema_full.json
FLEX2,PHD_STUDENT_SUPERVISOR_LOG,CHANGE_REQUESTED_BY,NUMBER,number,True,False,,,flex2_schema_full.json
FLEX2,PHD_STUDENT_SUPERVISOR_LOG,CHANGE_REQUESTED_ON,DATE,date,True,False,,,flex2_schema_full.json
FLEX2,PHD_STUDENT_SUPERVISOR_LOG,COMMENTS_FOR_SUPERVISOR,VARCHAR2,string,True,False,,,flex2_schema_full.json
FLEX2,PHD_STUDENT_SUPERVISOR_LOG,COMMENTS_FOR_GSC,VARCHAR2,string,True,False,,,flex2_schema_full.json
FLEX2,PHD_STUDENT_SUPERVISOR_LOG,SUPERVISOR_COMMENTS,VARCHAR2,string,True,False,,,flex2_schema_full.json
FLEX2,PROGRAM,PROG_ID,NUMBER,number,True,True,D_PROGRAM_LEVEL;SCHOOL,,flex2_schema_full.json
FLEX2,PROGRAM,CODE,CHAR,string,True,False,D_PROGRAM_LEVEL;SCHOOL,,flex2_schema_full.json
FLEX2,PROGRAM,TITLE,VARCHAR2,string,True,False,D_PROGRAM_LEVEL;SCHOOL,,flex2_schema_full.json
FLEX2,PROGRAM,LEVEL_ID,NUMBER,number,True,False,D_PROGRAM_LEVEL;SCHOOL,,flex2_schema_full.json
FLEX2,PROGRAM,SHORT_NAME,VARCHAR2,string,True,False,D_PROGRAM_LEVEL;SCHOOL,,flex2_schema_full.json
FLEX2,PROGRAM,SCH_ID,NUMBER,number,True,False,D_PROGRAM_LEVEL;SCHOOL,,flex2_schema_full.json
FLEX2,PROGRAM,NO_OF_SEM,NUMBER,number,True,False,D_PROGRAM_LEVEL;SCHOOL,,flex2_schema_full.json
FLEX2,PROGRAM,MAX_DURATION_YEAR,NUMBER,number,True,False,D_PROGRAM_LEVEL;SCHOOL,,flex2_schema_full.json
FLEX2,PROGRAM,CREATED_BY,NUMBER,number,True,False,D_PROGRAM_LEVEL;SCHOOL,,flex2_schema_full.json
FLEX2,PROGRAM,CREATED_ON,DATE,date,True,False,D_PROGRAM_LEVEL;SCHOOL,,flex2_schema_full.json
FLEX2,PROGRAM,PROG_RGB,VARCHAR2,string,True,False,D_PROGRAM_LEVEL;SCHOOL,,flex2_schema_full.json
FLEX2,PROGRAM,RPT_TITLE,VARCHAR2,string,True,False,D_PROGRAM_LEVEL;SCHOOL,,flex2_schema_full.json
FLEX2,PROGRAM_CARD_COLOR,PROG_CODE,VARCHAR2,string,True,False,,,flex2_schema_full.json
FLEX2,PROGRAM_CARD_COLOR,PROG_RGB,VARCHAR2,string,True,False,,,flex2_schema_full.json
FLEX2,PROGRAM_COURSE,BATCH_NO,NUMBER,number,True,True,BATCH;COURSE;D_COURSE_RELATION;PROGRAM,,flex2_schema_full.json
FLEX2,PROGRAM_COURSE,PROG_ID,NUMBER,number,True,True,BATCH;COURSE;D_COURSE_RELATION;PROGRAM,,flex2_schema_full.json
FLEX2,PROGRAM_COURSE,COURSE_ID,NUMBER,number,True,True,BATCH;COURSE;D_COURSE_RELATION;PROGRAM,,flex2_schema_full.json
FLEX2,PROGRAM_COURSE,RELATOIN_ID,CHAR,string,True,False,BATCH;COURSE;D_COURSE_RELATION;PROGRAM,,flex2_schema_full.json
FLEX2,PROGRAM_COURSE,CREATED_BY,NUMBER,number,True,False,BATCH;COURSE;D_COURSE_RELATION;PROGRAM,,flex2_schema_full.json
FLEX2,PROGRAM_COURSE,CREATED_DATE,DATE,date,True,False,BATCH;COURSE;D_COURSE_RELATION;PROGRAM,,flex2_schema_full.json
FLEX2,PROG_BATCH_DOMAIN,BATCH_NO,NUMBER,number,True,True,BATCH;PROGRAM;SCHOOL_DOMAIN,,flex2_schema_full.json
FLEX2,PROG_BATCH_DOMAIN,PROG_ID,NUMBER,number,True,True,BATCH;PROGRAM;SCHOOL_DOMAIN,,flex2_schema_full.json
FLEX2,PROG_BATCH_DOMAIN,SCH_DOM_ID,VARCHAR2,string,True,True,BATCH;PROGRAM;SCHOOL_DOMAIN,,flex2_schema_full.json
FLEX2,PROG_BATCH_DOMAIN,CORE_CR_HRS,NUMBER,number,True,False,BATCH;PROGRAM;SCHOOL_DOMAIN,,flex2_schema_full.json
FLEX2,PROG_BATCH_DOMAIN,ELECTIVE_CR_HRS,NUMBER,number,True,False,BATCH;PROGRAM;SCHOOL_DOMAIN,,flex2_schema_full.json
FLEX2,REGISTRATIONLOG,REGLOGID_OLD,NUMBER,number,True,False,,,flex2_schema_full.json
FLEX2,REGISTRATIONLOG,REGLOGID,NUMBER,number,True,True,,,flex2_schema_full.json
FLEX2,REGISTRATIONLOG,CAMPUSID,NUMBER,number,True,False,,,flex2_schema_full.json
FLEX2,REGISTRATIONLOG,ROLLNO,NUMBER,number,True,False,,,flex2_schema_full.json
FLEX2,REGISTRATIONLOG,OFFERID,NUMBER,number,True,False,,,flex2_schema_full.json
FLEX2,REGISTRATIONLOG,SEMID,NUMBER,number,True,False,,,flex2_schema_full.json
FLEX2,REGISTRATIONLOG,COURSEID,VARCHAR2,string,True,False,,,flex2_schema_full.json
FLEX2,REGISTRATIONLOG,RELATION,VARCHAR2,string,True,False,,,flex2_schema_full.json
FLEX2,REGISTRATIONLOG,REQUESTTYPE,VARCHAR2,string,True,False,,,flex2_schema_full.json
FLEX2,REGISTRATIONLOG,REQUESTEDBY,VARCHAR2,string,True,False,,,flex2_schema_full.json
FLEX2,REGISTRATIONLOG,REQUESTDATE,DATE,date,True,False,,,flex2_schema_full.json
FLEX2,REGISTRATIONLOG,ACTION,VARCHAR2,string,True,False,,,flex2_schema_full.json
FLEX2,REGISTRATIONLOG,ACTIONBY,VARCHAR2,string,True,False,,,flex2_schema_full.json
FLEX2,REGISTRATIONLOG,ACTIONDATE,DATE,date,True,False,,,flex2_schema_full.json
FLEX2,REGISTRATIONLOG_20190122,REGLOGID_OLD,NUMBER,number,True,False,,,flex2_schema_full.json
FLEX2,REGISTRATIONLOG_20190122,REGLOGID,NUMBER,number,True,False,,,flex2_schema_full.json
FLEX2,REGISTRATIONLOG_20190122,CAMPUSID,NUMBER,number,True,False,,,flex2_schema_full.json
FLEX2,REGISTRATIONLOG_20190122,ROLLNO,NUMBER,number,True,False,,,flex2_schema_full.json
FLEX2,REGISTRATIONLOG_20190122,OFFERID,NUMBER,number,True,False,,,flex2_schema_full.json
FLEX2,REGISTRATIONLOG_20190122,SEMID,NUMBER,number,True,False,,,flex2_schema_full.json
FLEX2,REGISTRATIONLOG_20190122,COURSEID,VARCHAR2,string,True,False,,,flex2_schema_full.json
FLEX2,REGISTRATIONLOG_20190122,RELATION,VARCHAR2,string,True,False,,,flex2_schema_full.json
FLEX2,REGISTRATIONLOG_20190122,REQUESTTYPE,VARCHAR2,string,True,False,,,flex2_schema_full.json
FLEX2,REGISTRATIONLOG_20190122,REQUESTEDBY,VARCHAR2,string,True,False,,,flex2_schema_full.json
FLEX2,REGISTRATIONLOG_20190122,REQUESTDATE,DATE,date,True,False,,,flex2_schema_full.json
FLEX2,REGISTRATIONLOG_20190122,ACTION,VARCHAR2,string,True,False,,,flex2_schema_full.json
FLEX2,REGISTRATIONLOG_20190122,ACTIONBY,VARCHAR2,string,True,False,,,flex2_schema_full.json
FLEX2,REGISTRATIONLOG_20190122,ACTIONDATE,DATE,date,True,False,,,flex2_schema_full.json
FLEX2,REGISTRATIONLOG_TEMP,REGLOGID_OLD,NUMBER,number,True,False,,,flex2_schema_full.json
FLEX2,REGISTRATIONLOG_TEMP,REGLOGID,NUMBER,number,True,False,,,flex2_schema_full.json
FLEX2,REGISTRATIONLOG_TEMP,CAMPUSID,NUMBER,number,True,False,,,flex2_schema_full.json
FLEX2,REGISTRATIONLOG_TEMP,ROLLNO,NUMBER,number,True,False,,,flex2_schema_full.json
FLEX2,REGISTRATIONLOG_TEMP,OFFERID,NUMBER,number,True,False,,,flex2_schema_full.json
FLEX2,REGISTRATIONLOG_TEMP,SEMID,NUMBER,number,True,False,,,flex2_schema_full.json
FLEX2,REGISTRATIONLOG_TEMP,COURSEID,VARCHAR2,string,True,False,,,flex2_schema_full.json
FLEX2,REGISTRATIONLOG_TEMP,RELATION,VARCHAR2,string,True,False,,,flex2_schema_full.json
FLEX2,REGISTRATIONLOG_TEMP,REQUESTTYPE,VARCHAR2,string,True,False,,,flex2_schema_full.json
FLEX2,REGISTRATIONLOG_TEMP,REQUESTEDBY,VARCHAR2,string,True,False,,,flex2_schema_full.json
FLEX2,REGISTRATIONLOG_TEMP,REQUESTDATE,DATE,date,True,False,,,flex2_schema_full.json
FLEX2,REGISTRATIONLOG_TEMP,ACTION,VARCHAR2,string,True,False,,,flex2_schema_full.json
FLEX2,REGISTRATIONLOG_TEMP,ACTIONBY,VARCHAR2,string,True,False,,,flex2_schema_full.json
FLEX2,REGISTRATIONLOG_TEMP,ACTIONDATE,DATE,date,True,False,,,flex2_schema_full.json
FLEX2,REPEAT_COURSE,OFFER_ID,NUMBER,number,True,True,APPUSER;COURSE_OFFER,,flex2_schema_full.json
FLEX2,REPEAT_COURSE,USER_ID,NUMBER,number,True,False,APPUSER;COURSE_OFFER,,flex2_schema_full.json
FLEX2,REPEAT_COURSE,STATUS,NUMBER,number,True,False,APPUSER;COURSE_OFFER,,flex2_schema_full.json
FLEX2,ROLLNO_RANGE,CAMP_ID,NUMBER,number,True,True,CAMPUS;PROGRAM;SCHOOL,,flex2_schema_full.json
FLEX2,ROLLNO_RANGE,SCHOOL_ID,NUMBER,number,True,True,CAMPUS;PROGRAM;SCHOOL,,flex2_schema_full.json
FLEX2,ROLLNO_RANGE,PROG_ID,NUMBER,number,True,True,CAMPUS;PROGRAM;SCHOOL,,flex2_schema_full.json
FLEX2,ROLLNO_RANGE,BATCH_NO,NUMBER,number,True,True,CAMPUS;PROGRAM;SCHOOL,,flex2_schema_full.json
FLEX2,ROLLNO_RANGE,MIN_VALUE,NUMBER,number,True,False,CAMPUS;PROGRAM;SCHOOL,,flex2_schema_full.json
FLEX2,ROLLNO_RANGE,MAX_VALUE,NUMBER,number,True,False,CAMPUS;PROGRAM;SCHOOL,,flex2_schema_full.json
FLEX2,ROLLNO_RANGE,CURRENT_VALUE,NUMBER,number,True,False,CAMPUS;PROGRAM;SCHOOL,,flex2_schema_full.json
FLEX2,SCHOOL,SCH_ID,NUMBER,number,True,True,,,flex2_schema_full.json
FLEX2,SCHOOL,CODE,CHAR,string,True,False,,,flex2_schema_full.json
FLEX2,SCHOOL,NAME,VARCHAR2,string,True,False,,,flex2_schema_full.json
FLEX2,SCHOOL,ADDRESS,VARCHAR2,string,True,False,,,flex2_schema_full.json
FLEX2,SCHOOL,CITY,VARCHAR2,string,True,False,,,flex2_schema_full.json
FLEX2,SCHOOL,TELNO,VARCHAR2,string,True,False,,,flex2_schema_full.json
FLEX2,SCHOOL,FAXNO,VARCHAR2,string,True,False,,,flex2_schema_full.json
FLEX2,SCHOOL,SCH_HEAD,VARCHAR2,string,True,False,,,flex2_schema_full.json
FLEX2,SCHOOL,TEAM_NAMES,VARCHAR2,string,True,False,,,flex2_schema_full.json
FLEX2,SCHOOL,CREATED_BY,NUMBER,number,True,False,,,flex2_schema_full.json
FLEX2,SCHOOL,CREATED_DATE,DATE,date,True,False,,,flex2_schema_full.json
FLEX2,SCHOOL_DOMAIN,SCH_DOM_ID,VARCHAR2,string,True,True,SCHOOL,,flex2_schema_full.json
FLEX2,SCHOOL_DOMAIN,CODE,VARCHAR2,string,True,False,SCHOOL,,flex2_schema_full.json
FLEX2,SCHOOL_DOMAIN,TITLE,VARCHAR2,string,True,False,SCHOOL,,flex2_schema_full.json
FLEX2,SCHOOL_DOMAIN,DESCRIPTION,VARCHAR2,string,True,False,SCHOOL,,flex2_schema_full.json
FLEX2,SCHOOL_DOMAIN,SCH_ID,NUMBER,number,True,False,SCHOOL,,flex2_schema_full.json
FLEX2,SECTION,SECTION_ID,NUMBER,number,True,True,,,flex2_schema_full.json
FLEX2,SECTION,TITLE,VARCHAR2,string,True,False,,,flex2_schema_full.json
FLEX2,SECTION,CREATED_BY,NUMBER,number,True,False,,,flex2_schema_full.json
FLEX2,SECTION,CREATED_ON,DATE,date,True,False,,,flex2_schema_full.json
FLEX2,SEMESTER,SEM_ID,NUMBER,number,True,True,,,flex2_schema_full.json
FLEX2,SEMESTER,TITLE,VARCHAR2,string,True,False,,,flex2_schema_full.json
FLEX2,SEMESTER,STATUS,NUMBER,number,True,False,,,flex2_schema_full.json
FLEX2,SEM_TEACHER_ACTIVITY,STA_ID,NUMBER,number,True,True,D_TEACHER_ACTIVITY;EMPLOYEE;SEMESTER,,flex2_schema_full.json
FLEX2,SEM_TEACHER_ACTIVITY,EMP_ID,NUMBER,number,True,False,D_TEACHER_ACTIVITY;EMPLOYEE;SEMESTER,,flex2_schema_full.json
FLEX2,SEM_TEACHER_ACTIVITY,ACT_ID,NUMBER,number,True,False,D_TEACHER_ACTIVITY;EMPLOYEE;SEMESTER,,flex2_schema_full.json
FLEX2,SEM_TEACHER_ACTIVITY,SEM_ID,NUMBER,number,True,False,D_TEACHER_ACTIVITY;EMPLOYEE;SEMESTER,,flex2_schema_full.json
FLEX2,SEM_TEACHER_ACTIVITY,PROJ_COORD,NUMBER,number,True,False,D_TEACHER_ACTIVITY;EMPLOYEE;SEMESTER,,flex2_schema_full.json
FLEX2,SEM_TEACHER_ACTIVITY,CRETED_BY,NUMBER,number,True,False,D_TEACHER_ACTIVITY;EMPLOYEE;SEMESTER,,flex2_schema_full.json
FLEX2,SEM_TEACHER_ACTIVITY,CREATED_ON,DATE,date,True,False,D_TEACHER_ACTIVITY;EMPLOYEE;SEMESTER,,flex2_schema_full.json
FLEX2,SEM_TEACHER_ACTIVITY,MODIFIED_BY,NUMBER,number,True,False,D_TEACHER_ACTIVITY;EMPLOYEE;SEMESTER,,flex2_schema_full.json
FLEX2,SEM_TEACHER_ACTIVITY,MODIFIED_ON,DATE,date,True,False,D_TEACHER_ACTIVITY;EMPLOYEE;SEMESTER,,flex2_schema_full.json
FLEX2,STUDENT_ATTENDANCE,LECTURE_ID,NUMBER,number,True,True,LECTURE;STUDENT_PROGRAM,,flex2_schema_full.json
FLEX2,STUDENT_ATTENDANCE,ROLL_NO,NUMBER,number,True,True,LECTURE;STUDENT_PROGRAM,,flex2_schema_full.json
FLEX2,STUDENT_ATTENDANCE,ATTEND_FLAG,VARCHAR2,string,True,False,LECTURE;STUDENT_PROGRAM,,flex2_schema_full.json
FLEX2,STUDENT_ATTENDANCE,CREATED_BY,NUMBER,number,True,False,LECTURE;STUDENT_PROGRAM,,flex2_schema_full.json
FLEX2,STUDENT_ATTENDANCE,CREATED_ON,DATE,date,True,False,LECTURE;STUDENT_PROGRAM,,flex2_schema_full.json
FLEX2,STUDENT_FAMILY_INFO,ARN,NUMBER,number,True,True,D_FAMILY_RELATION;STUDENT_PERSONAL_INFO,,flex2_schema_full.json
FLEX2,STUDENT_FAMILY_INFO,REL_TYPE_ID,NUMBER,number,True,True,D_FAMILY_RELATION;STUDENT_PERSONAL_INFO,,flex2_schema_full.json
FLEX2,STUDENT_FAMILY_INFO,FULL_NAME,VARCHAR2,string,True,False,D_FAMILY_RELATION;STUDENT_PERSONAL_INFO,,flex2_schema_full.json
FLEX2,STUDENT_FAMILY_INFO,GENDER,CHAR,string,True,False,D_FAMILY_RELATION;STUDENT_PERSONAL_INFO,,flex2_schema_full.json
FLEX2,STUDENT_FAMILY_INFO,CNIC,VARCHAR2,string,True,False,D_FAMILY_RELATION;STUDENT_PERSONAL_INFO,,flex2_schema_full.json
FLEX2,STUDENT_FAMILY_INFO,USE_FOR_WHTAX,NUMBER,number,True,False,D_FAMILY_RELATION;STUDENT_PERSONAL_INFO,,flex2_schema_full.json
FLEX2,STUDENT_FAMILY_INFO,ADDRESS,VARCHAR2,string,True,False,D_FAMILY_RELATION;STUDENT_PERSONAL_INFO,,flex2_schema_full.json
FLEX2,STUDENT_FAMILY_INFO,CITY,VARCHAR2,string,True,False,D_FAMILY_RELATION;STUDENT_PERSONAL_INFO,,flex2_schema_full.json
FLEX2,STUDENT_FAMILY_INFO,PROVINCE,VARCHAR2,string,True,False,D_FAMILY_RELATION;STUDENT_PERSONAL_INFO,,flex2_schema_full.json
FLEX2,STUDENT_FAMILY_INFO,COUNTRY,CHAR,string,True,False,D_FAMILY_RELATION;STUDENT_PERSONAL_INFO,,flex2_schema_full.json
FLEX2,STUDENT_FAMILY_INFO,TEL_NO,VARCHAR2,string,True,False,D_FAMILY_RELATION;STUDENT_PERSONAL_INFO,,flex2_schema_full.json
FLEX2,STUDENT_FAMILY_INFO,MOBILE_NO,VARCHAR2,string,True,False,D_FAMILY_RELATION;STUDENT_PERSONAL_INFO,,flex2_schema_full.json
FLEX2,STUDENT_FAMILY_INFO,PROFESSION,VARCHAR2,string,True,False,D_FAMILY_RELATION;STUDENT_PERSONAL_INFO,,flex2_schema_full.json
FLEX2,STUDENT_FAMILY_INFO,JOB_TITLE,VARCHAR2,string,True,False,D_FAMILY_RELATION;STUDENT_PERSONAL_INFO,,flex2_schema_full.json
FLEX2,STUDENT_FAMILY_INFO,JOB_STATUS,VARCHAR2,string,True,False,D_FAMILY_RELATION;STUDENT_PERSONAL_INFO,,flex2_schema_full.json
FLEX2,STUDENT_FAMILY_INFO,MONTHLY_INCOME,NUMBER,number,True,False,D_FAMILY_RELATION;STUDENT_PERSONAL_INFO,,flex2_schema_full.json
FLEX2,STUDENT_FAMILY_INFO,USER_NAME,VARCHAR2,string,True,False,D_FAMILY_RELATION;STUDENT_PERSONAL_INFO,,flex2_schema_full.json
FLEX2,STUDENT_FAMILY_INFO,USER_PASSWORD,VARCHAR2,string,True,False,D_FAMILY_RELATION;STUDENT_PERSONAL_INFO,,flex2_schema_full.json
FLEX2,STUDENT_FAMILY_INFO,IS_CONTACT_PERSON,NUMBER,number,True,False,D_FAMILY_RELATION;STUDENT_PERSONAL_INFO,,flex2_schema_full.json
FLEX2,STUDENT_FAMILY_INFO,USER_EMAIL,VARCHAR2,string,True,False,D_FAMILY_RELATION;STUDENT_PERSONAL_INFO,,flex2_schema_full.json
FLEX2,STUDENT_PERSONAL_INFO,ARN,NUMBER,number,True,True,CAMPUS;CITY;COUNTRY,,flex2_schema_full.json
FLEX2,STUDENT_PERSONAL_INFO,FULL_NAME,VARCHAR2,string,True,False,CAMPUS;CITY;COUNTRY,,flex2_schema_full.json
FLEX2,STUDENT_PERSONAL_INFO,SHORT_NAME,VARCHAR2,string,True,False,CAMPUS;CITY;COUNTRY,,flex2_schema_full.json
FLEX2,STUDENT_PERSONAL_INFO,DOB,DATE,date,True,False,CAMPUS;CITY;COUNTRY,,flex2_schema_full.json
FLEX2,STUDENT_PERSONAL_INFO,CNIC,VARCHAR2,string,True,False,CAMPUS;CITY;COUNTRY,,flex2_schema_full.json
FLEX2,STUDENT_PERSONAL_INFO,GENDER,CHAR,string,True,False,CAMPUS;CITY;COUNTRY,,flex2_schema_full.json
FLEX2,STUDENT_PERSONAL_INFO,MOBILE_NO,VARCHAR2,string,True,False,CAMPUS;CITY;COUNTRY,,flex2_schema_full.json
FLEX2,STUDENT_PERSONAL_INFO,EMAIL,VARCHAR2,string,True,False,CAMPUS;CITY;COUNTRY,,flex2_schema_full.json
FLEX2,STUDENT_PERSONAL_INFO,NATIONALITY,VARCHAR2,string,True,False,CAMPUS;CITY;COUNTRY,,flex2_schema_full.json
FLEX2,STUDENT_PERSONAL_INFO,CURR_ADDRESS,VARCHAR2,string,True,False,CAMPUS;CITY;COUNTRY,,flex2_schema_full.json
FLEX2,STUDENT_PERSONAL_INFO,CURR_PROVINCE,VARCHAR2,string,True,False,CAMPUS;CITY;COUNTRY,,flex2_schema_full.json
FLEX2,STUDENT_PERSONAL_INFO,CURR_TELNO,VARCHAR2,string,True,False,CAMPUS;CITY;COUNTRY,,flex2_schema_full.json
FLEX2,STUDENT_PERSONAL_INFO,PERM_ADDRESS,VARCHAR2,string,True,False,CAMPUS;CITY;COUNTRY,,flex2_schema_full.json
FLEX2,STUDENT_PERSONAL_INFO,PERM_PROVINCE,VARCHAR2,string,True,False,CAMPUS;CITY;COUNTRY,,flex2_schema_full.json
FLEX2,STUDENT_PERSONAL_INFO,PERM_TELNO,VARCHAR2,string,True,False,CAMPUS;CITY;COUNTRY,,flex2_schema_full.json
FLEX2,STUDENT_PERSONAL_INFO,MAIL_SENT_TO,CHAR,string,True,False,CAMPUS;CITY;COUNTRY,,flex2_schema_full.json
FLEX2,STUDENT_PERSONAL_INFO,NU_EMAIL,VARCHAR2,string,True,False,CAMPUS;CITY;COUNTRY,,flex2_schema_full.json
FLEX2,STUDENT_PERSONAL_INFO,BLOOD_GRP,CHAR,string,True,False,CAMPUS;CITY;COUNTRY,,flex2_schema_full.json
FLEX2,STUDENT_PERSONAL_INFO,CAMP_ID,NUMBER,number,True,False,CAMPUS;CITY;COUNTRY,,flex2_schema_full.json
FLEX2,STUDENT_PERSONAL_INFO,CREATED_BY,NUMBER,number,True,False,CAMPUS;CITY;COUNTRY,,flex2_schema_full.json
FLEX2,STUDENT_PERSONAL_INFO,CREATED_DATE,DATE,date,True,False,CAMPUS;CITY;COUNTRY,,flex2_schema_full.json
FLEX2,STUDENT_PERSONAL_INFO,CURR_COUNTRY,NUMBER,number,True,False,CAMPUS;CITY;COUNTRY,,flex2_schema_full.json
FLEX2,STUDENT_PERSONAL_INFO,PERM_COUNTRY,NUMBER,number,True,False,CAMPUS;CITY;COUNTRY,,flex2_schema_full.json
FLEX2,STUDENT_PERSONAL_INFO,CURR_CITY,NUMBER,number,True,False,CAMPUS;CITY;COUNTRY,,flex2_schema_full.json
FLEX2,STUDENT_PERSONAL_INFO,PERM_CITY,NUMBER,number,True,False,CAMPUS;CITY;COUNTRY,,flex2_schema_full.json
FLEX2,STUDENT_PROGRAM,ROLL_NO,NUMBER,number,True,True,BATCH;CAMPUS;D_STUDENT_REG_STATUS;D_STUDENT_STATUS;PROGRAM;SECTION;STUDENT_PERSONAL_INFO,,flex2_schema_full.json
FLEX2,STUDENT_PROGRAM,ARN,NUMBER,number,True,False,BATCH;CAMPUS;D_STUDENT_REG_STATUS;D_STUDENT_STATUS;PROGRAM;SECTION;STUDENT_PERSONAL_INFO,,flex2_schema_full.json
FLEX2,STUDENT_PROGRAM,REG_NO,VARCHAR2,string,True,False,BATCH;CAMPUS;D_STUDENT_REG_STATUS;D_STUDENT_STATUS;PROGRAM;SECTION;STUDENT_PERSONAL_INFO,,flex2_schema_full.json
FLEX2,STUDENT_PROGRAM,CAMP_ID,NUMBER,number,True,False,BATCH;CAMPUS;D_STUDENT_REG_STATUS;D_STUDENT_STATUS;PROGRAM;SECTION;STUDENT_PERSONAL_INFO,,flex2_schema_full.json
FLEX2,STUDENT_PROGRAM,PROG_ID,NUMBER,number,True,False,BATCH;CAMPUS;D_STUDENT_REG_STATUS;D_STUDENT_STATUS;PROGRAM;SECTION;STUDENT_PERSONAL_INFO,,flex2_schema_full.json
FLEX2,STUDENT_PROGRAM,BATCH_NO,NUMBER,number,True,False,BATCH;CAMPUS;D_STUDENT_REG_STATUS;D_STUDENT_STATUS;PROGRAM;SECTION;STUDENT_PERSONAL_INFO,,flex2_schema_full.json
FLEX2,STUDENT_PROGRAM,SPECIALIZATION,VARCHAR2,string,True,False,BATCH;CAMPUS;D_STUDENT_REG_STATUS;D_STUDENT_STATUS;PROGRAM;SECTION;STUDENT_PERSONAL_INFO,,flex2_schema_full.json
FLEX2,STUDENT_PROGRAM,SHIFT,CHAR,string,True,False,BATCH;CAMPUS;D_STUDENT_REG_STATUS;D_STUDENT_STATUS;PROGRAM;SECTION;STUDENT_PERSONAL_INFO,,flex2_schema_full.json
FLEX2,STUDENT_PROGRAM,REG_STATUS,NUMBER,number,True,False,BATCH;CAMPUS;D_STUDENT_REG_STATUS;D_STUDENT_STATUS;PROGRAM;SECTION;STUDENT_PERSONAL_INFO,,flex2_schema_full.json
FLEX2,STUDENT_PROGRAM,PROG_STATUS,NUMBER,number,True,False,BATCH;CAMPUS;D_STUDENT_REG_STATUS;D_STUDENT_STATUS;PROGRAM;SECTION;STUDENT_PERSONAL_INFO,,flex2_schema_full.json
FLEX2,STUDENT_PROGRAM,CGPA,NUMBER,number,True,False,BATCH;CAMPUS;D_STUDENT_REG_STATUS;D_STUDENT_STATUS;PROGRAM;SECTION;STUDENT_PERSONAL_INFO,,flex2_schema_full.json
FLEX2,STUDENT_PROGRAM,CREDITS_EARNED,NUMBER,number,True,False,BATCH;CAMPUS;D_STUDENT_REG_STATUS;D_STUDENT_STATUS;PROGRAM;SECTION;STUDENT_PERSONAL_INFO,,flex2_schema_full.json
FLEX2,STUDENT_PROGRAM,CREDITS_ATTEMPTED,NUMBER,number,True,False,BATCH;CAMPUS;D_STUDENT_REG_STATUS;D_STUDENT_STATUS;PROGRAM;SECTION;STUDENT_PERSONAL_INFO,,flex2_schema_full.json
FLEX2,STUDENT_PROGRAM,WARNING,NUMBER,number,True,False,BATCH;CAMPUS;D_STUDENT_REG_STATUS;D_STUDENT_STATUS;PROGRAM;SECTION;STUDENT_PERSONAL_INFO,,flex2_schema_full.json
FLEX2,STUDENT_PROGRAM,ADMN_CAMP_ID,NUMBER,number,True,False,BATCH;CAMPUS;D_STUDENT_REG_STATUS;D_STUDENT_STATUS;PROGRAM;SECTION;STUDENT_PERSONAL_INFO,,flex2_schema_full.json
FLEX2,STUDENT_PROGRAM,CURR_CAMP_ID,NUMBER,number,True,False,BATCH;CAMPUS;D_STUDENT_REG_STATUS;D_STUDENT_STATUS;PROGRAM;SECTION;STUDENT_PERSONAL_INFO,,flex2_schema_full.json
FLEX2,STUDENT_PROGRAM,STU_PASSWORD,VARCHAR2,string,True,False,BATCH;CAMPUS;D_STUDENT_REG_STATUS;D_STUDENT_STATUS;PROGRAM;SECTION;STUDENT_PERSONAL_INFO,,flex2_schema_full.json
FLEX2,STUDENT_PROGRAM,STU_PWDHINT,VARCHAR2,string,True,False,BATCH;CAMPUS;D_STUDENT_REG_STATUS;D_STUDENT_STATUS;PROGRAM;SECTION;STUDENT_PERSONAL_INFO,,flex2_schema_full.json
FLEX2,STUDENT_PROGRAM,CREATED_BY,NUMBER,number,True,False,BATCH;CAMPUS;D_STUDENT_REG_STATUS;D_STUDENT_STATUS;PROGRAM;SECTION;STUDENT_PERSONAL_INFO,,flex2_schema_full.json
FLEX2,STUDENT_PROGRAM,CREATED_DATE,DATE,date,True,False,BATCH;CAMPUS;D_STUDENT_REG_STATUS;D_STUDENT_STATUS;PROGRAM;SECTION;STUDENT_PERSONAL_INFO,,flex2_schema_full.json
FLEX2,STUDENT_PROGRAM,CREDIT_EXEMPTED,NUMBER,number,True,False,BATCH;CAMPUS;D_STUDENT_REG_STATUS;D_STUDENT_STATUS;PROGRAM;SECTION;STUDENT_PERSONAL_INFO,,flex2_schema_full.json
FLEX2,STUDENT_PROGRAM,STU_SECTION_ID,NUMBER,number,True,False,BATCH;CAMPUS;D_STUDENT_REG_STATUS;D_STUDENT_STATUS;PROGRAM;SECTION;STUDENT_PERSONAL_INFO,,flex2_schema_full.json
FLEX2,STUDENT_QUALIFICATION,ARN,NUMBER,number,True,True,CITY;D_DEGREE_TYPE;STUDENT_PERSONAL_INFO,,flex2_schema_full.json
FLEX2,STUDENT_QUALIFICATION,DEGREE,NUMBER,number,True,True,CITY;D_DEGREE_TYPE;STUDENT_PERSONAL_INFO,,flex2_schema_full.json
FLEX2,STUDENT_QUALIFICATION,SPECIALIZATION,VARCHAR2,string,True,False,CITY;D_DEGREE_TYPE;STUDENT_PERSONAL_INFO,,flex2_schema_full.json
FLEX2,STUDENT_QUALIFICATION,PASSING_YEAR,VARCHAR2,string,True,True,CITY;D_DEGREE_TYPE;STUDENT_PERSONAL_INFO,,flex2_schema_full.json
FLEX2,STUDENT_QUALIFICATION,BOARD,VARCHAR2,string,True,False,CITY;D_DEGREE_TYPE;STUDENT_PERSONAL_INFO,,flex2_schema_full.json
FLEX2,STUDENT_QUALIFICATION,INSTITUTION,VARCHAR2,string,True,False,CITY;D_DEGREE_TYPE;STUDENT_PERSONAL_INFO,,flex2_schema_full.json
FLEX2,STUDENT_QUALIFICATION,TOTAL_SCORE,NUMBER,number,True,False,CITY;D_DEGREE_TYPE;STUDENT_PERSONAL_INFO,,flex2_schema_full.json
FLEX2,STUDENT_QUALIFICATION,OBTAINED_SCORE,NUMBER,number,True,False,CITY;D_DEGREE_TYPE;STUDENT_PERSONAL_INFO,,flex2_schema_full.json
FLEX2,STUDENT_QUALIFICATION,TOTAL_CGPA,NUMBER,number,True,False,CITY;D_DEGREE_TYPE;STUDENT_PERSONAL_INFO,,flex2_schema_full.json
FLEX2,STUDENT_QUALIFICATION,OBTAINED_CGPA,NUMBER,number,True,False,CITY;D_DEGREE_TYPE;STUDENT_PERSONAL_INFO,,flex2_schema_full.json
FLEX2,STUDENT_QUALIFICATION,PERCENTAGE,NUMBER,number,True,False,CITY;D_DEGREE_TYPE;STUDENT_PERSONAL_INFO,,flex2_schema_full.json
FLEX2,STUDENT_QUALIFICATION,CREATED_BY,NUMBER,number,True,False,CITY;D_DEGREE_TYPE;STUDENT_PERSONAL_INFO,,flex2_schema_full.json
FLEX2,STUDENT_QUALIFICATION,CREATED_ON,DATE,date,True,False,CITY;D_DEGREE_TYPE;STUDENT_PERSONAL_INFO,,flex2_schema_full.json
FLEX2,STUDENT_QUALIFICATION,CITY,NUMBER,number,True,False,CITY;D_DEGREE_TYPE;STUDENT_PERSONAL_INFO,,flex2_schema_full.json
FLEX2,STUDENT_REMARKS_HISTORY,FORM,VARCHAR2,string,True,False,STUDENT_PROGRAM,,flex2_schema_full.json
FLEX2,STUDENT_REMARKS_HISTORY,REMARKS,VARCHAR2,string,True,False,STUDENT_PROGRAM,,flex2_schema_full.json
FLEX2,STUDENT_REMARKS_HISTORY,PRIORITY,NUMBER,number,True,False,STUDENT_PROGRAM,,flex2_schema_full.json
FLEX2,STUDENT_REMARKS_HISTORY,CREATED_BY,NUMBER,number,True,False,STUDENT_PROGRAM,,flex2_schema_full.json
FLEX2,STUDENT_REMARKS_HISTORY,CREATED_DATE,DATE,date,True,False,STUDENT_PROGRAM,,flex2_schema_full.json
FLEX2,STUDENT_REMARKS_HISTORY,SRH_ID,NUMBER,number,True,True,STUDENT_PROGRAM,,flex2_schema_full.json
FLEX2,STUDENT_REMARKS_HISTORY,REFERANCE,VARCHAR2,string,True,False,STUDENT_PROGRAM,,flex2_schema_full.json
FLEX2,STUDENT_REMARKS_HISTORY,ROLL_NO,NUMBER,number,True,False,STUDENT_PROGRAM,,flex2_schema_full.json
FLEX2,STUDENT_SEMESTER,SEM_ID,NUMBER,number,True,True,CAMPUS;SEMESTER;STUDENT_PROGRAM,,flex2_schema_full.json
FLEX2,STUDENT_SEMESTER,ROLL_NO,NUMBER,number,True,True,CAMPUS;SEMESTER;STUDENT_PROGRAM,,flex2_schema_full.json
FLEX2,STUDENT_SEMESTER,CAMP_ID,NUMBER,number,True,False,CAMPUS;SEMESTER;STUDENT_PROGRAM,,flex2_schema_full.json
FLEX2,STUDENT_SEMESTER,SGPA,NUMBER,number,True,False,CAMPUS;SEMESTER;STUDENT_PROGRAM,,flex2_schema_full.json
FLEX2,STUDENT_SEMESTER,CGPA,NUMBER,number,True,False,CAMPUS;SEMESTER;STUDENT_PROGRAM,,flex2_schema_full.json
FLEX2,STUDENT_SEMESTER,CREDITS_EARNED,NUMBER,number,True,False,CAMPUS;SEMESTER;STUDENT_PROGRAM,,flex2_schema_full.json
FLEX2,STUDENT_SEMESTER,CREDITS_ATTEMPTED,NUMBER,number,True,False,CAMPUS;SEMESTER;STUDENT_PROGRAM,,flex2_schema_full.json
FLEX2,STUDENT_SEMESTER,WARNING,NUMBER,number,True,False,CAMPUS;SEMESTER;STUDENT_PROGRAM,,flex2_schema_full.json
FLEX2,STUDENT_SEMESTER,CREATED_BY,NUMBER,number,True,False,CAMPUS;SEMESTER;STUDENT_PROGRAM,,flex2_schema_full.json
FLEX2,STUDENT_SEMESTER,CREATED_DATE,DATE,date,True,False,CAMPUS;SEMESTER;STUDENT_PROGRAM,,flex2_schema_full.json
FLEX2,STUDY_PLAN_SEM,BATCH_NO,NUMBER,number,True,True,BATCH;PROGRAM;SEMESTER,,flex2_schema_full.json
FLEX2,STUDY_PLAN_SEM,PROG_ID,NUMBER,number,True,True,BATCH;PROGRAM;SEMESTER,,flex2_schema_full.json
FLEX2,STUDY_PLAN_SEM,SR_NO,NUMBER,number,True,True,BATCH;PROGRAM;SEMESTER,,flex2_schema_full.json
FLEX2,STUDY_PLAN_SEM,SEM_ID,NUMBER,number,True,False,BATCH;PROGRAM;SEMESTER,,flex2_schema_full.json
FLEX2,STUDY_PLAN_SEM,CREATED_BY,NUMBER,number,True,False,BATCH;PROGRAM;SEMESTER,,flex2_schema_full.json
FLEX2,STUDY_PLAN_SEM,CREATED_DATE,DATE,date,True,False,BATCH;PROGRAM;SEMESTER,,flex2_schema_full.json
FLEX2,STUDY_TENT_PLAN,BATCH_NO,NUMBER,number,True,True,COURSE;SEMESTER;STUDY_PLAN_SEM,,flex2_schema_full.json
FLEX2,STUDY_TENT_PLAN,PROG_ID,NUMBER,number,True,True,COURSE;SEMESTER;STUDY_PLAN_SEM,,flex2_schema_full.json
FLEX2,STUDY_TENT_PLAN,SEM_ID,NUMBER,number,True,True,COURSE;SEMESTER;STUDY_PLAN_SEM,,flex2_schema_full.json
FLEX2,STUDY_TENT_PLAN,SR_NO,NUMBER,number,True,True,COURSE;SEMESTER;STUDY_PLAN_SEM,,flex2_schema_full.json
FLEX2,STUDY_TENT_PLAN,COURSE_ID,NUMBER,number,True,True,COURSE;SEMESTER;STUDY_PLAN_SEM,,flex2_schema_full.json
FLEX2,STUDY_TENT_PLAN,CRS_RELATION,CHAR,string,True,False,COURSE;SEMESTER;STUDY_PLAN_SEM,,flex2_schema_full.json
FLEX2,TEMP_ADDRESS_ISSUE,ARN,NUMBER,number,True,False,,,flex2_schema_full.json
FLEX2,TEMP_ADDRESS_ISSUE,FULL_NAME,VARCHAR2,string,True,False,,,flex2_schema_full.json
FLEX2,TEMP_ADDRESS_ISSUE,SHORT_NAME,VARCHAR2,string,True,False,,,flex2_schema_full.json
FLEX2,TEMP_ADDRESS_ISSUE,DOB,DATE,date,True,False,,,flex2_schema_full.json
FLEX2,TEMP_ADDRESS_ISSUE,CNIC,VARCHAR2,string,True,False,,,flex2_schema_full.json
FLEX2,TEMP_ADDRESS_ISSUE,GENDER,CHAR,string,True,False,,,flex2_schema_full.json
FLEX2,TEMP_ADDRESS_ISSUE,MOBILE_NO,VARCHAR2,string,True,False,,,flex2_schema_full.json
FLEX2,TEMP_ADDRESS_ISSUE,EMAIL,VARCHAR2,string,True,False,,,flex2_schema_full.json
FLEX2,TEMP_ADDRESS_ISSUE,NATIONALITY,VARCHAR2,string,True,False,,,flex2_schema_full.json
FLEX2,TEMP_ADDRESS_ISSUE,CURR_ADDRESS,VARCHAR2,string,True,False,,,flex2_schema_full.json
FLEX2,TEMP_ADDRESS_ISSUE,CURR_PROVINCE,VARCHAR2,string,True,False,,,flex2_schema_full.json
FLEX2,TEMP_ADDRESS_ISSUE,CURR_TELNO,VARCHAR2,string,True,False,,,flex2_schema_full.json
FLEX2,TEMP_ADDRESS_ISSUE,PERM_ADDRESS,VARCHAR2,string,True,False,,,flex2_schema_full.json
FLEX2,TEMP_ADDRESS_ISSUE,PERM_PROVINCE,VARCHAR2,string,True,False,,,flex2_schema_full.json
FLEX2,TEMP_ADDRESS_ISSUE,PERM_TELNO,VARCHAR2,string,True,False,,,flex2_schema_full.json
FLEX2,TEMP_ADDRESS_ISSUE,MAIL_SENT_TO,CHAR,string,True,False,,,flex2_schema_full.json
FLEX2,TEMP_ADDRESS_ISSUE,NU_EMAIL,VARCHAR2,string,True,False,,,flex2_schema_full.json
FLEX2,TEMP_ADDRESS_ISSUE,BLOOD_GRP,CHAR,string,True,False,,,flex2_schema_full.json
FLEX2,TEMP_ADDRESS_ISSUE,CAMP_ID,NUMBER,number,True,False,,,flex2_schema_full.json
FLEX2,TEMP_ADDRESS_ISSUE,CREATED_BY,NUMBER,number,True,False,,,flex2_schema_full.json
FLEX2,TEMP_ADDRESS_ISSUE,CREATED_DATE,DATE,date,True,False,,,flex2_schema_full.json
FLEX2,TEMP_ADDRESS_ISSUE,CURR_COUNTRY,NUMBER,number,True,False,,,flex2_schema_full.json
FLEX2,TEMP_ADDRESS_ISSUE,PERM_COUNTRY,NUMBER,number,True,False,,,flex2_schema_full.json
FLEX2,TEMP_ADDRESS_ISSUE,CURR_CITY,NUMBER,number,True,False,,,flex2_schema_full.json
FLEX2,TEMP_ADDRESS_ISSUE,PERM_CITY,NUMBER,number,True,False,,,flex2_schema_full.json
FLEX2,TEMP_NUTES_SEG_DATA,YEAR,NUMBER,number,True,False,,,flex2_schema_full.json
FLEX2,TEMP_NUTES_SEG_DATA,TESTCENTER,NUMBER,number,True,False,,,flex2_schema_full.json
FLEX2,TEMP_NUTES_SEG_DATA,ARN,NUMBER,number,True,False,,,flex2_schema_full.json
FLEX2,TEMP_NUTES_SEG_DATA,ROLL_NO,NUMBER,number,True,False,,,flex2_schema_full.json
FLEX2,TEMP_NUTES_SEG_DATA,CAMP_ROLL,VARCHAR2,string,True,False,,,flex2_schema_full.json
FLEX2,TEMP_NUTES_SEG_DATA,SHORT_NAME,VARCHAR2,string,True,False,,,flex2_schema_full.json
FLEX2,TEMP_NUTES_SEG_DATA,PROG_CODE,CHAR,string,True,False,,,flex2_schema_full.json
FLEX2,TEMP_NUTES_SEG_DATA,FIRST_REG_SEM,NUMBER,number,True,False,,,flex2_schema_full.json
FLEX2,TEMP_NUTES_SEG_DATA,LAST_REG_SEM,NUMBER,number,True,False,,,flex2_schema_full.json
FLEX2,TEMP_NUTES_SEG_DATA,STATUS,VARCHAR2,string,True,False,,,flex2_schema_full.json
FLEX2,TEMP_NUTES_SEG_DATA,NODE_NAME,VARCHAR2,string,True,False,,,flex2_schema_full.json
FLEX2,TEMP_NUTES_SEG_DATA,MATRIC_OBT,NUMBER,number,True,False,,,flex2_schema_full.json
FLEX2,TEMP_NUTES_SEG_DATA,MATRIC_TOT,NUMBER,number,True,False,,,flex2_schema_full.json
FLEX2,TEMP_NUTES_SEG_DATA,INTER_OBT,NUMBER,number,True,False,,,flex2_schema_full.json
FLEX2,TEMP_NUTES_SEG_DATA,INTER_TOT,NUMBER,number,True,False,,,flex2_schema_full.json
FLEX2,TEMP_NUTES_SEG_DATA,MARKS,NUMBER,number,True,False,,,flex2_schema_full.json
FLEX2,TEMP_NUTES_SEG_DATA,CGPA,NUMBER,number,True,False,,,flex2_schema_full.json
FLEX2,TEMP_REGLOG,ROLLNO,NUMBER,number,True,False,,,flex2_schema_full.json
FLEX2,TENT_GRADE,OFFER_ID,NUMBER,number,True,True,COURSE_OFFER;GRADING_SCHEME,,flex2_schema_full.json
FLEX2,TENT_GRADE,PRIORITY,NUMBER,number,True,True,COURSE_OFFER;GRADING_SCHEME,,flex2_schema_full.json
FLEX2,TENT_GRADE,IS_APPROVED,NUMBER,number,True,False,COURSE_OFFER;GRADING_SCHEME,,flex2_schema_full.json
FLEX2,TENT_GRADE,IS_CHECKED,NUMBER,number,True,False,COURSE_OFFER;GRADING_SCHEME,,flex2_schema_full.json
FLEX2,TENT_GRADE,TEACHER_COMMENTS,VARCHAR2,string,True,False,COURSE_OFFER;GRADING_SCHEME,,flex2_schema_full.json
FLEX2,TENT_GRADE,HOD_COMMENTS,VARCHAR2,string,True,False,COURSE_OFFER;GRADING_SCHEME,,flex2_schema_full.json
FLEX2,TENT_GRADE,GS_ID,NUMBER,number,True,False,COURSE_OFFER;GRADING_SCHEME,,flex2_schema_full.json
FLEX2,TENT_GRADE,GRADING_FACTOR,NUMBER,number,True,False,COURSE_OFFER;GRADING_SCHEME,,flex2_schema_full.json
FLEX2,TENT_GRADE,MIN_RANGE,NUMBER,number,True,False,COURSE_OFFER;GRADING_SCHEME,,flex2_schema_full.json
FLEX2,TENT_GRADE,MAX_RANGE,NUMBER,number,True,False,COURSE_OFFER;GRADING_SCHEME,,flex2_schema_full.json
FLEX2,TENT_GRADE,CORRECTION_GRADE,VARCHAR2,string,True,False,COURSE_OFFER;GRADING_SCHEME,,flex2_schema_full.json
FLEX2,TENT_GRADE,DESCRIPTION,VARCHAR2,string,True,False,COURSE_OFFER;GRADING_SCHEME,,flex2_schema_full.json
FLEX2,TENT_GRADE,CLASS_AVG,NUMBER,number,True,False,COURSE_OFFER;GRADING_SCHEME,,flex2_schema_full.json
FLEX2,TENT_GRADE,CLASS_STD,NUMBER,number,True,False,COURSE_OFFER;GRADING_SCHEME,,flex2_schema_full.json
FLEX2,TENT_GRADE,SECTION_GROUP,VARCHAR2,string,True,False,COURSE_OFFER;GRADING_SCHEME,,flex2_schema_full.json
FLEX2,TENT_GRADE,SUBMITTED_BY,NUMBER,number,True,False,COURSE_OFFER;GRADING_SCHEME,,flex2_schema_full.json
FLEX2,TENT_GRADE,SUBMITTED_ON,DATE,date,True,False,COURSE_OFFER;GRADING_SCHEME,,flex2_schema_full.json
FLEX2,TENT_GRADE,MODIFIED_BY,NUMBER,number,True,False,COURSE_OFFER;GRADING_SCHEME,,flex2_schema_full.json
FLEX2,TENT_GRADE,MODIFIED_ON,DATE,date,True,False,COURSE_OFFER;GRADING_SCHEME,,flex2_schema_full.json
FLEX2,TENT_GRADE_0114,OFFER_ID,NUMBER,number,True,False,,,flex2_schema_full.json
FLEX2,TENT_GRADE_0114,PRIORITY,NUMBER,number,True,False,,,flex2_schema_full.json
FLEX2,TENT_GRADE_0114,IS_APPROVED,NUMBER,number,True,False,,,flex2_schema_full.json
FLEX2,TENT_GRADE_0114,IS_CHECKED,NUMBER,number,True,False,,,flex2_schema_full.json
FLEX2,TENT_GRADE_0114,TEACHER_COMMENTS,VARCHAR2,string,True,False,,,flex2_schema_full.json
FLEX2,TENT_GRADE_0114,HOD_COMMENTS,VARCHAR2,string,True,False,,,flex2_schema_full.json
FLEX2,TENT_GRADE_0114,GS_ID,NUMBER,number,True,False,,,flex2_schema_full.json
FLEX2,TENT_GRADE_0114,GRADING_FACTOR,NUMBER,number,True,False,,,flex2_schema_full.json
FLEX2,TENT_GRADE_0114,MIN_RANGE,NUMBER,number,True,False,,,flex2_schema_full.json
FLEX2,TENT_GRADE_0114,MAX_RANGE,NUMBER,number,True,False,,,flex2_schema_full.json
FLEX2,TENT_GRADE_0114,CORRECTION_GRADE,VARCHAR2,string,True,False,,,flex2_schema_full.json
FLEX2,TENT_GRADE_0114,DESCRIPTION,VARCHAR2,string,True,False,,,flex2_schema_full.json
FLEX2,TENT_GRADE_0114,CLASS_AVG,NUMBER,number,True,False,,,flex2_schema_full.json
FLEX2,TENT_GRADE_0114,CLASS_STD,NUMBER,number,True,False,,,flex2_schema_full.json
FLEX2,TENT_GRADE_0114,SECTION_GROUP,VARCHAR2,string,True,False,,,flex2_schema_full.json
FLEX2,TENT_GRADE_0114,SUBMITTED_BY,NUMBER,number,True,False,,,flex2_schema_full.json
FLEX2,TENT_GRADE_0114,SUBMITTED_ON,DATE,date,True,False,,,flex2_schema_full.json
FLEX2,TENT_GRADE_0114,MODIFIED_BY,NUMBER,number,True,False,,,flex2_schema_full.json
FLEX2,TENT_GRADE_0114,MODIFIED_ON,DATE,date,True,False,,,flex2_schema_full.json
FLEX2,TENT_GRADE_DELETED,DEL_ID,NUMBER,number,True,False,,,flex2_schema_full.json
FLEX2,TENT_GRADE_DELETED,OFFER_ID,NUMBER,number,True,False,,,flex2_schema_full.json
FLEX2,TENT_GRADE_DELETED,PRIORITY,NUMBER,number,True,False,,,flex2_schema_full.json
FLEX2,TENT_GRADE_DELETED,IS_APPROVED,NUMBER,number,True,False,,,flex2_schema_full.json
FLEX2,TENT_GRADE_DELETED,IS_CHECKED,NUMBER,number,True,False,,,flex2_schema_full.json
FLEX2,TENT_GRADE_DELETED,TEACHER_COMMENTS,VARCHAR2,string,True,False,,,flex2_schema_full.json
FLEX2,TENT_GRADE_DELETED,HOD_COMMENTS,VARCHAR2,string,True,False,,,flex2_schema_full.json
FLEX2,TENT_GRADE_DELETED,GS_ID,NUMBER,number,True,False,,,flex2_schema_full.json
FLEX2,TENT_GRADE_DELETED,GRADING_FACTOR,NUMBER,number,True,False,,,flex2_schema_full.json
FLEX2,TENT_GRADE_DELETED,MIN_RANGE,NUMBER,number,True,False,,,flex2_schema_full.json
FLEX2,TENT_GRADE_DELETED,MAX_RANGE,NUMBER,number,True,False,,,flex2_schema_full.json
FLEX2,TENT_GRADE_DELETED,CORRECTION_GRADE,VARCHAR2,string,True,False,,,flex2_schema_full.json
FLEX2,TENT_GRADE_DELETED,DESCRIPTION,VARCHAR2,string,True,False,,,flex2_schema_full.json
FLEX2,TENT_GRADE_DELETED,CLASS_AVG,NUMBER,number,True,False,,,flex2_schema_full.json
FLEX2,TENT_GRADE_DELETED,CLASS_STD,NUMBER,number,True,False,,,flex2_schema_full.json
FLEX2,TENT_GRADE_DELETED,SECTION_GROUP,VARCHAR2,string,True,False,,,flex2_schema_full.json
FLEX2,TENT_GRADE_DELETED,SUBMITTED_BY,NUMBER,number,True,False,,,flex2_schema_full.json
FLEX2,TENT_GRADE_DELETED,SUBMITTED_ON,DATE,date,True,False,,,flex2_schema_full.json
FLEX2,TENT_GRADE_DELETED,MODIFIED_BY,NUMBER,number,True,False,,,flex2_schema_full.json
FLEX2,TENT_GRADE_DELETED,MODIFIED_ON,DATE,date,True,False,,,flex2_schema_full.json
FLEX2,TENT_GRADE_DETAIL,OFFER_ID,NUMBER,number,True,False,COURSE_OFFER;STUDENT_PROGRAM,,flex2_schema_full.json
FLEX2,TENT_GRADE_DETAIL,ROLL_NO,NUMBER,number,True,False,COURSE_OFFER;STUDENT_PROGRAM,,flex2_schema_full.json
FLEX2,TENT_GRADE_DETAIL,TENT_GRADE1,VARCHAR2,string,True,False,COURSE_OFFER;STUDENT_PROGRAM,,flex2_schema_full.json
FLEX2,TENT_GRADE_DETAIL,TENT_GRADE2,VARCHAR2,string,True,False,COURSE_OFFER;STUDENT_PROGRAM,,flex2_schema_full.json
FLEX2,TENT_GRADE_DETAIL,TENT_GRADE3,VARCHAR2,string,True,False,COURSE_OFFER;STUDENT_PROGRAM,,flex2_schema_full.json
FLEX2,TENT_GRADE_DETAIL,MODIFIED_GRADE,VARCHAR2,string,True,False,COURSE_OFFER;STUDENT_PROGRAM,,flex2_schema_full.json
FLEX2,TENT_GRADE_DETAIL,TENT_MARKS,NUMBER,number,True,False,COURSE_OFFER;STUDENT_PROGRAM,,flex2_schema_full.json
FLEX2,TENT_GRADE_DETAIL,SUBMITTEDBY,NUMBER,number,True,False,COURSE_OFFER;STUDENT_PROGRAM,,flex2_schema_full.json
FLEX2,TENT_GRADE_DETAIL,SUBMITTEDON,DATE,date,True,False,COURSE_OFFER;STUDENT_PROGRAM,,flex2_schema_full.json
FLEX2,TENT_GRADE_DETAIL,MODIFIEDBY,NUMBER,number,True,False,COURSE_OFFER;STUDENT_PROGRAM,,flex2_schema_full.json
FLEX2,TENT_GRADE_DETAIL,MODIFIEDON,DATE,date,True,False,COURSE_OFFER;STUDENT_PROGRAM,,flex2_schema_full.json
FLEX2,TENT_GRADE_DETAIL,TGD_ID,NUMBER,number,True,True,COURSE_OFFER;STUDENT_PROGRAM,,flex2_schema_full.json
FLEX2,TENT_GRADE_DETAIL_DELETED,DEL_ID,NUMBER,number,True,False,,,flex2_schema_full.json
FLEX2,TENT_GRADE_DETAIL_DELETED,OFFER_ID,NUMBER,number,True,False,,,flex2_schema_full.json
FLEX2,TENT_GRADE_DETAIL_DELETED,ROLL_NO,NUMBER,number,True,False,,,flex2_schema_full.json
FLEX2,TENT_GRADE_DETAIL_DELETED,TENT_GRADE1,VARCHAR2,string,True,False,,,flex2_schema_full.json
FLEX2,TENT_GRADE_DETAIL_DELETED,TENT_GRADE2,VARCHAR2,string,True,False,,,flex2_schema_full.json
FLEX2,TENT_GRADE_DETAIL_DELETED,TENT_GRADE3,VARCHAR2,string,True,False,,,flex2_schema_full.json
FLEX2,TENT_GRADE_DETAIL_DELETED,MODIFIED_GRADE,VARCHAR2,string,True,False,,,flex2_schema_full.json
FLEX2,TENT_GRADE_DETAIL_DELETED,TENT_MARKS,NUMBER,number,True,False,,,flex2_schema_full.json
FLEX2,TENT_GRADE_DETAIL_DELETED,SUBMITTEDBY,NUMBER,number,True,False,,,flex2_schema_full.json
FLEX2,TENT_GRADE_DETAIL_DELETED,SUBMITTEDON,DATE,date,True,False,,,flex2_schema_full.json
FLEX2,TENT_GRADE_DETAIL_DELETED,MODIFIEDBY,NUMBER,number,True,False,,,flex2_schema_full.json
FLEX2,TENT_GRADE_DETAIL_DELETED,MODIFIEDON,DATE,date,True,False,,,flex2_schema_full.json
FLEX2,TENT_GRADE_DETAIL_DELETED,TGD_ID,NUMBER,number,True,False,,,flex2_schema_full.json
FLEX2,TENT_GRADE_MISSINGSESSIONAL,OFFER_ID,NUMBER,number,True,True,COURSE_OFFER;STUDENT_PROGRAM,,flex2_schema_full.json
FLEX2,TENT_GRADE_MISSINGSESSIONAL,ROLL_NO,NUMBER,number,True,True,COURSE_OFFER;STUDENT_PROGRAM,,flex2_schema_full.json
FLEX2,TENT_GRADE_MISSINGSESSIONAL,MISSING_SESSIONAL,NUMBER,number,True,True,COURSE_OFFER;STUDENT_PROGRAM,,flex2_schema_full.json
FLEX2,TENT_GRADE_MISSINGSESSIONAL,CREATED_BY,NUMBER,number,True,False,COURSE_OFFER;STUDENT_PROGRAM,,flex2_schema_full.json
FLEX2,TENT_GRADE_MISSINGSESSIONAL,CREATED_ON,DATE,date,True,False,COURSE_OFFER;STUDENT_PROGRAM,,flex2_schema_full.json
FLEX2,TT_STD_REGISTRATION,COURSE_ID,NUMBER,number,True,False,,,flex2_schema_full.json
FLEX2,TT_STD_REGISTRATION,COURSE_CODE,VARCHAR2,string,True,False,,,flex2_schema_full.json
FLEX2,TT_STD_REGISTRATION,COURSE_TITLE,VARCHAR2,string,True,False,,,flex2_schema_full.json
FLEX2,TT_STD_REGISTRATION,EQUIVALENCE,NUMBER,number,True,False,,,flex2_schema_full.json
FLEX2,TT_STD_REGISTRATION,CREDIT_HRS,NUMBER,number,True,False,,,flex2_schema_full.json
FLEX2,TT_STD_REGISTRATION,MIN_CREDIT_HRS,NUMBER,number,True,False,,,flex2_schema_full.json
FLEX2,TT_STD_REGISTRATION,RELATION_ID,VARCHAR2,string,True,False,,,flex2_schema_full.json
FLEX2,TT_STD_REGISTRATION,OFFERS,VARCHAR2,string,True,False,,,flex2_schema_full.json
FLEX2,TT_STD_REGISTRATION,REMARKS,VARCHAR2,string,True,False,,,flex2_schema_full.json
FLEX2,TT_V_COLLECTION,PAYMENTDATE,VARCHAR2,string,True,False,,,flex2_schema_full.json
FLEX2,TT_V_COLLECTION,AMOUNT,NUMBER,number,True,False,,,flex2_schema_full.json
FLEX2,TT_V_INSTALL,CAMPUSID,VARCHAR2,string,True,False,,,flex2_schema_full.json
FLEX2,TT_V_INSTALL,ROLLNO,VARCHAR2,string,True,False,,,flex2_schema_full.json
FLEX2,TT_V_INSTALL,SEMID,VARCHAR2,string,True,False,,,flex2_schema_full.json
FLEX2,TT_V_INSTALL,INSTALLMENTNUMBER,NUMBER,number,True,False,,,flex2_schema_full.json
FLEX2,TT_V_INSTALL,DUEDATE,DATE,date,True,False,,,flex2_schema_full.json
FLEX2,TT_V_INSTALL,AMOUNT,NUMBER,number,True,False,,,flex2_schema_full.json
FLEX2,TT_V_INSTALL,PAYMENTDATE,DATE,date,True,False,,,flex2_schema_full.json
FLEX2,TT_V_INSTALL,PAIDAMOUNT,NUMBER,number,True,False,,,flex2_schema_full.json
FLEX2,TT_V_SEMFEE,CAMPUSID,VARCHAR2,string,True,False,,,flex2_schema_full.json
FLEX2,TT_V_SEMFEE,ROLLNO,VARCHAR2,string,True,False,,,flex2_schema_full.json
FLEX2,TT_V_SEMFEE,STATUS,VARCHAR2,string,True,False,,,flex2_schema_full.json
FLEX2,TT_V_SEMFEE,SEMID,VARCHAR2,string,True,False,,,flex2_schema_full.json
FLEX2,TT_V_SEMFEE,SPONSHEAD,VARCHAR2,string,True,False,,,flex2_schema_full.json
FLEX2,TT_V_SEMFEE,SPONSOR,VARCHAR2,string,True,False,,,flex2_schema_full.json
FLEX2,TT_V_SEMFEE,ARREAR,NUMBER,number,True,False,,,flex2_schema_full.json
FLEX2,TT_V_SEMFEE,DUE,NUMBER,number,True,False,,,flex2_schema_full.json
FLEX2,TT_V_SEMFEE,NET,NUMBER,number,True,False,,,flex2_schema_full.json
FLEX2,TT_V_SEMFEE,PAYMENT,NUMBER,number,True,False,,,flex2_schema_full.json
FLEX2,TT_V_SEMFEE,ARREARPAYMENT,NUMBER,number,True,False,,,flex2_schema_full.json
FLEX2,TT_V_SEMFEE,CURRPAYMENT,NUMBER,number,True,False,,,flex2_schema_full.json
FLEX2,TT_V_SEMFEE,BALANCE,NUMBER,number,True,False,,,flex2_schema_full.json
FLEX2,TT_V_SEMFEE,ARRBAL,NUMBER,number,True,False,,,flex2_schema_full.json
FLEX2,TT_V_SEMFEE,CURRBAL,NUMBER,number,True,False,,,flex2_schema_full.json
FLEX2,TT_V_SEMFEE,INSTAMOUNT,NUMBER,number,True,False,,,flex2_schema_full.json
FLEX2,TT_V_SEMFEE,DEFAMOUNT,NUMBER,number,True,False,,,flex2_schema_full.json
FLEX2,TT_V_SEMFEE,SPONSAMOUNT,NUMBER,number,True,False,,,flex2_schema_full.json
FLEX2,TT_V_SEMFEE,COURSES,NUMBER,number,True,False,,,flex2_schema_full.json
FLEX2,TT_V_SEMFEE_10,CAMPUSID,VARCHAR2,string,True,False,,,flex2_schema_full.json
FLEX2,TT_V_SEMFEE_10,ROLLNO,VARCHAR2,string,True,False,,,flex2_schema_full.json
FLEX2,TT_V_SEMFEE_10,SEMID,VARCHAR2,string,True,False,,,flex2_schema_full.json
FLEX2,TT_V_SEMFEE_10,SPONSHEAD,VARCHAR2,string,True,False,,,flex2_schema_full.json
FLEX2,TT_V_SEMFEE_10,SPONSOR,VARCHAR2,string,True,False,,,flex2_schema_full.json
FLEX2,TT_V_SEMFEE_10,ARREAR,NUMBER,number,True,False,,,flex2_schema_full.json
FLEX2,TT_V_SEMFEE_10,DUE,NUMBER,number,True,False,,,flex2_schema_full.json
FLEX2,TT_V_SEMFEE_10,NET,NUMBER,number,True,False,,,flex2_schema_full.json
FLEX2,TT_V_SEMFEE_10,PAYMENT,NUMBER,number,True,False,,,flex2_schema_full.json
FLEX2,TT_V_SEMFEE_10,ARREARPAYMENT,NUMBER,number,True,False,,,flex2_schema_full.json
FLEX2,TT_V_SEMFEE_10,CURRPAYMENT,NUMBER,number,True,False,,,flex2_schema_full.json
FLEX2,TT_V_SEMFEE_10,BALANCE,NUMBER,number,True,False,,,flex2_schema_full.json
FLEX2,TT_V_SEMFEE_10,INSTAMOUNT,NUMBER,number,True,False,,,flex2_schema_full.json
FLEX2,TT_V_SEMFEE_10,DEFAMOUNT,NUMBER,number,True,False,,,flex2_schema_full.json
FLEX2,TT_V_SEMFEE_10,SPONSAMOUNT,NUMBER,number,True,False,,,flex2_schema_full.json
FLEX2,TT_V_SEMFEE_10,COURSES,NUMBER,number,True,False,,,flex2_schema_full.json
FLEX2,TT_V_SEMFEE_2,CAMPUSID,VARCHAR2,string,True,False,,,flex2_schema_full.json
FLEX2,TT_V_SEMFEE_2,ROLLNO,VARCHAR2,string,True,False,,,flex2_schema_full.json
FLEX2,TT_V_SEMFEE_2,STATUS,VARCHAR2,string,True,False,,,flex2_schema_full.json
FLEX2,TT_V_SEMFEE_2,SEMID,VARCHAR2,string,True,False,,,flex2_schema_full.json
FLEX2,TT_V_SEMFEE_2,SPONSHEAD,VARCHAR2,string,True,False,,,flex2_schema_full.json
FLEX2,TT_V_SEMFEE_2,SPONSOR,VARCHAR2,string,True,False,,,flex2_schema_full.json
FLEX2,TT_V_SEMFEE_2,ARREAR,NUMBER,number,True,False,,,flex2_schema_full.json
FLEX2,TT_V_SEMFEE_2,DUE,NUMBER,number,True,False,,,flex2_schema_full.json
FLEX2,TT_V_SEMFEE_2,NET,NUMBER,number,True,False,,,flex2_schema_full.json
FLEX2,TT_V_SEMFEE_2,PAYMENT,NUMBER,number,True,False,,,flex2_schema_full.json
FLEX2,TT_V_SEMFEE_2,ARREARPAYMENT,NUMBER,number,True,False,,,flex2_schema_full.json
FLEX2,TT_V_SEMFEE_2,CURRPAYMENT,NUMBER,number,True,False,,,flex2_schema_full.json
FLEX2,TT_V_SEMFEE_2,BALANCE,NUMBER,number,True,False,,,flex2_schema_full.json
FLEX2,TT_V_SEMFEE_2,ARRBAL,NUMBER,number,True,False,,,flex2_schema_full.json
FLEX2,TT_V_SEMFEE_2,CURRBAL,NUMBER,number,True,False,,,flex2_schema_full.json
FLEX2,TT_V_SEMFEE_2,INSTAMOUNT,NUMBER,number,True,False,,,flex2_schema_full.json
FLEX2,TT_V_SEMFEE_2,DEFAMOUNT,NUMBER,number,True,False,,,flex2_schema_full.json
FLEX2,TT_V_SEMFEE_2,SPONSAMOUNT,NUMBER,number,True,False,,,flex2_schema_full.json
FLEX2,TT_V_SEMFEE_2,COURSES,NUMBER,number,True,False,,,flex2_schema_full.json
FLEX2,TT_V_SEMFEE_3,CAMPUSID,VARCHAR2,string,True,False,,,flex2_schema_full.json
FLEX2,TT_V_SEMFEE_3,ROLLNO,VARCHAR2,string,True,False,,,flex2_schema_full.json
FLEX2,TT_V_SEMFEE_3,STATUS,VARCHAR2,string,True,False,,,flex2_schema_full.json
FLEX2,TT_V_SEMFEE_3,SEMID,VARCHAR2,string,True,False,,,flex2_schema_full.json
FLEX2,TT_V_SEMFEE_3,SPONSHEAD,VARCHAR2,string,True,False,,,flex2_schema_full.json
FLEX2,TT_V_SEMFEE_3,SPONSOR,VARCHAR2,string,True,False,,,flex2_schema_full.json
FLEX2,TT_V_SEMFEE_3,ARREAR,NUMBER,number,True,False,,,flex2_schema_full.json
FLEX2,TT_V_SEMFEE_3,DUE,NUMBER,number,True,False,,,flex2_schema_full.json
FLEX2,TT_V_SEMFEE_3,NET,NUMBER,number,True,False,,,flex2_schema_full.json
FLEX2,TT_V_SEMFEE_3,PAYMENT,NUMBER,number,True,False,,,flex2_schema_full.json
FLEX2,TT_V_SEMFEE_3,ARREARPAYMENT,NUMBER,number,True,False,,,flex2_schema_full.json
FLEX2,TT_V_SEMFEE_3,CURRPAYMENT,NUMBER,number,True,False,,,flex2_schema_full.json
FLEX2,TT_V_SEMFEE_3,BALANCE,NUMBER,number,True,False,,,flex2_schema_full.json
FLEX2,TT_V_SEMFEE_3,ARRBAL,NUMBER,number,True,False,,,flex2_schema_full.json
FLEX2,TT_V_SEMFEE_3,CURRBAL,NUMBER,number,True,False,,,flex2_schema_full.json
FLEX2,TT_V_SEMFEE_3,INSTAMOUNT,NUMBER,number,True,False,,,flex2_schema_full.json
FLEX2,TT_V_SEMFEE_3,DEFAMOUNT,NUMBER,number,True,False,,,flex2_schema_full.json
FLEX2,TT_V_SEMFEE_3,SPONSAMOUNT,NUMBER,number,True,False,,,flex2_schema_full.json
FLEX2,TT_V_SEMFEE_3,COURSES,NUMBER,number,True,False,,,flex2_schema_full.json
FLEX2,TT_V_SEMFEE_4,CAMPUSID,VARCHAR2,string,True,False,,,flex2_schema_full.json
FLEX2,TT_V_SEMFEE_4,ROLLNO,VARCHAR2,string,True,False,,,flex2_schema_full.json
FLEX2,TT_V_SEMFEE_4,STATUS,VARCHAR2,string,True,False,,,flex2_schema_full.json
FLEX2,TT_V_SEMFEE_4,SEMID,VARCHAR2,string,True,False,,,flex2_schema_full.json
FLEX2,TT_V_SEMFEE_4,SPONSHEAD,VARCHAR2,string,True,False,,,flex2_schema_full.json
FLEX2,TT_V_SEMFEE_4,SPONSOR,VARCHAR2,string,True,False,,,flex2_schema_full.json
FLEX2,TT_V_SEMFEE_4,ARREAR,NUMBER,number,True,False,,,flex2_schema_full.json
FLEX2,TT_V_SEMFEE_4,DUE,NUMBER,number,True,False,,,flex2_schema_full.json
FLEX2,TT_V_SEMFEE_4,NET,NUMBER,number,True,False,,,flex2_schema_full.json
FLEX2,TT_V_SEMFEE_4,PYBLADJMNT,NUMBER,number,True,False,,,flex2_schema_full.json
FLEX2,TT_V_SEMFEE_4,PAYMENT,NUMBER,number,True,False,,,flex2_schema_full.json
FLEX2,TT_V_SEMFEE_4,ARREARPAYMENT,NUMBER,number,True,False,,,flex2_schema_full.json
FLEX2,TT_V_SEMFEE_4,CURRPAYMENT,NUMBER,number,True,False,,,flex2_schema_full.json
FLEX2,TT_V_SEMFEE_4,BALANCE,NUMBER,number,True,False,,,flex2_schema_full.json
FLEX2,TT_V_SEMFEE_4,ARRBAL,NUMBER,number,True,False,,,flex2_schema_full.json
FLEX2,TT_V_SEMFEE_4,CURRBAL,NUMBER,number,True,False,,,flex2_schema_full.json
FLEX2,TT_V_SEMFEE_4,INSTAMOUNT,NUMBER,number,True,False,,,flex2_schema_full.json
FLEX2,TT_V_SEMFEE_4,DEFAMOUNT,NUMBER,number,True,False,,,flex2_schema_full.json
FLEX2,TT_V_SEMFEE_4,SPONSAMOUNT,NUMBER,number,True,False,,,flex2_schema_full.json
FLEX2,TT_V_SEMFEE_4,COURSES,NUMBER,number,True,False,,,flex2_schema_full.json
FLEX2,TT_V_SEMFEE_5,CAMPUSID,VARCHAR2,string,True,False,,,flex2_schema_full.json
FLEX2,TT_V_SEMFEE_5,ROLLNO,VARCHAR2,string,True,False,,,flex2_schema_full.json
FLEX2,TT_V_SEMFEE_5,STATUS,VARCHAR2,string,True,False,,,flex2_schema_full.json
FLEX2,TT_V_SEMFEE_5,SEMID,VARCHAR2,string,True,False,,,flex2_schema_full.json
FLEX2,TT_V_SEMFEE_5,SPONSHEAD,VARCHAR2,string,True,False,,,flex2_schema_full.json
FLEX2,TT_V_SEMFEE_5,SPONSOR,VARCHAR2,string,True,False,,,flex2_schema_full.json
FLEX2,TT_V_SEMFEE_5,ARREAR,NUMBER,number,True,False,,,flex2_schema_full.json
FLEX2,TT_V_SEMFEE_5,DUE,NUMBER,number,True,False,,,flex2_schema_full.json
FLEX2,TT_V_SEMFEE_5,NET,NUMBER,number,True,False,,,flex2_schema_full.json
FLEX2,TT_V_SEMFEE_5,PAYMENT,NUMBER,number,True,False,,,flex2_schema_full.json
FLEX2,TT_V_SEMFEE_5,ARREARPAYMENT,NUMBER,number,True,False,,,flex2_schema_full.json
FLEX2,TT_V_SEMFEE_5,CURRPAYMENT,NUMBER,number,True,False,,,flex2_schema_full.json
FLEX2,TT_V_SEMFEE_5,BALANCE,NUMBER,number,True,False,,,flex2_schema_full.json
FLEX2,TT_V_SEMFEE_5,ARRBAL,NUMBER,number,True,False,,,flex2_schema_full.json
FLEX2,TT_V_SEMFEE_5,CURRBAL,NUMBER,number,True,False,,,flex2_schema_full.json
FLEX2,TT_V_SEMFEE_5,INSTAMOUNT,NUMBER,number,True,False,,,flex2_schema_full.json
FLEX2,TT_V_SEMFEE_5,DEFAMOUNT,NUMBER,number,True,False,,,flex2_schema_full.json
FLEX2,TT_V_SEMFEE_5,SPONSAMOUNT,NUMBER,number,True,False,,,flex2_schema_full.json
FLEX2,TT_V_SEMFEE_5,COURSES,NUMBER,number,True,False,,,flex2_schema_full.json
FLEX2,TT_V_SEMFEE_6,CAMPUSID,VARCHAR2,string,True,False,,,flex2_schema_full.json
FLEX2,TT_V_SEMFEE_6,ROLLNO,VARCHAR2,string,True,False,,,flex2_schema_full.json
FLEX2,TT_V_SEMFEE_6,STATUS,VARCHAR2,string,True,False,,,flex2_schema_full.json
FLEX2,TT_V_SEMFEE_6,SEMID,VARCHAR2,string,True,False,,,flex2_schema_full.json
FLEX2,TT_V_SEMFEE_6,SPONSHEAD,VARCHAR2,string,True,False,,,flex2_schema_full.json
FLEX2,TT_V_SEMFEE_6,SPONSOR,VARCHAR2,string,True,False,,,flex2_schema_full.json
FLEX2,TT_V_SEMFEE_6,ARREAR,NUMBER,number,True,False,,,flex2_schema_full.json
FLEX2,TT_V_SEMFEE_6,DUE,NUMBER,number,True,False,,,flex2_schema_full.json
FLEX2,TT_V_SEMFEE_6,NET,NUMBER,number,True,False,,,flex2_schema_full.json
FLEX2,TT_V_SEMFEE_6,PYBLADJMNT,NUMBER,number,True,False,,,flex2_schema_full.json
FLEX2,TT_V_SEMFEE_6,PAYMENT,NUMBER,number,True,False,,,flex2_schema_full.json
FLEX2,TT_V_SEMFEE_6,ARREARPAYMENT,NUMBER,number,True,False,,,flex2_schema_full.json
FLEX2,TT_V_SEMFEE_6,CURRPAYMENT,NUMBER,number,True,False,,,flex2_schema_full.json
FLEX2,TT_V_SEMFEE_6,BALANCE,NUMBER,number,True,False,,,flex2_schema_full.json
FLEX2,TT_V_SEMFEE_6,ARRBAL,NUMBER,number,True,False,,,flex2_schema_full.json
FLEX2,TT_V_SEMFEE_6,CURRBAL,NUMBER,number,True,False,,,flex2_schema_full.json
FLEX2,TT_V_SEMFEE_6,INSTAMOUNT,NUMBER,number,True,False,,,flex2_schema_full.json
FLEX2,TT_V_SEMFEE_6,DEFAMOUNT,NUMBER,number,True,False,,,flex2_schema_full.json
FLEX2,TT_V_SEMFEE_6,SPONSAMOUNT,NUMBER,number,True,False,,,flex2_schema_full.json
FLEX2,TT_V_SEMFEE_6,COURSES,NUMBER,number,True,False,,,flex2_schema_full.json
FLEX2,TT_V_SEMFEE_7,CAMPUSID,VARCHAR2,string,True,False,,,flex2_schema_full.json
FLEX2,TT_V_SEMFEE_7,ROLLNO,VARCHAR2,string,True,False,,,flex2_schema_full.json
FLEX2,TT_V_SEMFEE_7,STATUS,VARCHAR2,string,True,False,,,flex2_schema_full.json
FLEX2,TT_V_SEMFEE_7,SEMID,VARCHAR2,string,True,False,,,flex2_schema_full.json
FLEX2,TT_V_SEMFEE_7,SPONSHEAD,VARCHAR2,string,True,False,,,flex2_schema_full.json
FLEX2,TT_V_SEMFEE_7,SPONSOR,VARCHAR2,string,True,False,,,flex2_schema_full.json
FLEX2,TT_V_SEMFEE_7,ARREAR,NUMBER,number,True,False,,,flex2_schema_full.json
FLEX2,TT_V_SEMFEE_7,DUE,NUMBER,number,True,False,,,flex2_schema_full.json
FLEX2,TT_V_SEMFEE_7,NET,NUMBER,number,True,False,,,flex2_schema_full.json
FLEX2,TT_V_SEMFEE_7,PYBLADJMNT,NUMBER,number,True,False,,,flex2_schema_full.json
FLEX2,TT_V_SEMFEE_7,PAYMENT,NUMBER,number,True,False,,,flex2_schema_full.json
FLEX2,TT_V_SEMFEE_7,ARREARPAYMENT,NUMBER,number,True,False,,,flex2_schema_full.json
FLEX2,TT_V_SEMFEE_7,CURRPAYMENT,NUMBER,number,True,False,,,flex2_schema_full.json
FLEX2,TT_V_SEMFEE_7,BALANCE,NUMBER,number,True,False,,,flex2_schema_full.json
FLEX2,TT_V_SEMFEE_7,ARRBAL,NUMBER,number,True,False,,,flex2_schema_full.json
FLEX2,TT_V_SEMFEE_7,CURRBAL,NUMBER,number,True,False,,,flex2_schema_full.json
FLEX2,TT_V_SEMFEE_7,INSTAMOUNT,NUMBER,number,True,False,,,flex2_schema_full.json
FLEX2,TT_V_SEMFEE_7,DEFAMOUNT,NUMBER,number,True,False,,,flex2_schema_full.json
FLEX2,TT_V_SEMFEE_7,SPONSAMOUNT,NUMBER,number,True,False,,,flex2_schema_full.json
FLEX2,TT_V_SEMFEE_7,COURSES,NUMBER,number,True,False,,,flex2_schema_full.json
FLEX2,TT_V_SEMFEE_8,CAMPUSID,VARCHAR2,string,True,False,,,flex2_schema_full.json
FLEX2,TT_V_SEMFEE_8,ROLLNO,VARCHAR2,string,True,False,,,flex2_schema_full.json
FLEX2,TT_V_SEMFEE_8,SEMID,VARCHAR2,string,True,False,,,flex2_schema_full.json
FLEX2,TT_V_SEMFEE_8,TYPE,VARCHAR2,string,True,False,,,flex2_schema_full.json
FLEX2,TT_V_SEMFEE_8,SPONSOR,VARCHAR2,string,True,False,,,flex2_schema_full.json
FLEX2,TT_V_SEMFEE_8,ARREAR,NUMBER,number,True,False,,,flex2_schema_full.json
FLEX2,TT_V_SEMFEE_8,DUE,NUMBER,number,True,False,,,flex2_schema_full.json
FLEX2,TT_V_SEMFEE_8,NET,NUMBER,number,True,False,,,flex2_schema_full.json
FLEX2,TT_V_SEMFEE_8,PAYMENT,NUMBER,number,True,False,,,flex2_schema_full.json
FLEX2,TT_V_SEMFEE_8,BALANCE,NUMBER,number,True,False,,,flex2_schema_full.json
FLEX2,TT_V_SEMFEE_8,SPONSAMOUNT,NUMBER,number,True,False,,,flex2_schema_full.json
FLEX2,TT_V_SEMFEE_8,COURSES,NUMBER,number,True,False,,,flex2_schema_full.json
FLEX2,TT_V_SEMFEE_9,CAMPUSID,VARCHAR2,string,True,False,,,flex2_schema_full.json
FLEX2,TT_V_SEMFEE_9,ROLLNO,VARCHAR2,string,True,False,,,flex2_schema_full.json
FLEX2,TT_V_SEMFEE_9,SEMID,VARCHAR2,string,True,False,,,flex2_schema_full.json
FLEX2,TT_V_SEMFEE_9,SPONSHEAD,VARCHAR2,string,True,False,,,flex2_schema_full.json
FLEX2,TT_V_SEMFEE_9,SPONSOR,VARCHAR2,string,True,False,,,flex2_schema_full.json
FLEX2,TT_V_SEMFEE_9,ARREAR,NUMBER,number,True,False,,,flex2_schema_full.json
FLEX2,TT_V_SEMFEE_9,DUE,NUMBER,number,True,False,,,flex2_schema_full.json
FLEX2,TT_V_SEMFEE_9,NET,NUMBER,number,True,False,,,flex2_schema_full.json
FLEX2,TT_V_SEMFEE_9,PAYMENT,NUMBER,number,True,False,,,flex2_schema_full.json
FLEX2,TT_V_SEMFEE_9,BALANCE,NUMBER,number,True,False,,,flex2_schema_full.json
FLEX2,TT_V_SEMFEE_9,SPONSAMOUNT,NUMBER,number,True,False,,,flex2_schema_full.json
FLEX2,TT_V_SEMFEE_9,COURSES,NUMBER,number,True,False,,,flex2_schema_full.json
FLEX2,TT_V_T,ROLLNO,VARCHAR2,string,True,False,,,flex2_schema_full.json
FLEX2,TT_V_T,TITLE,VARCHAR2,string,True,False,,,flex2_schema_full.json
FLEX2,TT_V_T,COLLECTION,NUMBER,number,True,False,,,flex2_schema_full.json
FLEX2,TT_V_T_2,CAMPUSID,NUMBER,number,True,False,,,flex2_schema_full.json
FLEX2,TT_V_T_2,SCROLLDETAILID,NUMBER,number,True,False,,,flex2_schema_full.json
FLEX2,TT_V_T_2,LEDGERID,NUMBER,number,True,False,,,flex2_schema_full.json
FLEX2,TT_V_T_2,SUBHEADID,NUMBER,number,True,False,,,flex2_schema_full.json
FLEX2,TT_V_T_2,AMOUNT,NUMBER,number,True,False,,,flex2_schema_full.json
FLEX2,TT_V_T_2,ENTEREDBY,DATE,date,True,False,,,flex2_schema_full.json
FLEX2,TT_V_T_2,ENTRYDATE,DATE,date,True,False,,,flex2_schema_full.json
FLEX2,TT_V_T_2,STATUS,NUMBER,number,True,False,,,flex2_schema_full.json
FLEX2,TT_V_T_3,SCROLLDETAILID,NUMBER,number,True,False,,,flex2_schema_full.json
FLEX2,TT_V_T_3,SUBHEADID,NUMBER,number,True,False,,,flex2_schema_full.json
FLEX2,TT_V_T_3,AMOUNT,NUMBER,number,True,False,,,flex2_schema_full.json
FLEX2,TT_V_WEEKTABLE,WEEKNO,NUMBER,number,True,False,,,flex2_schema_full.json
FLEX2,TT_V_WEEKTABLE,WEEKSTART,VARCHAR2,string,True,False,,,flex2_schema_full.json
FLEX2,TT_V_WEEKTABLE,WEEKEND,VARCHAR2,string,True,False,,,flex2_schema_full.json
OpenMRS,allergy,allergy_id,INT,number,False,True,concept;encounter;patient;users,,openmrs_schema_full.json
OpenMRS,allergy,patient_id,INT,number,False,False,concept;encounter;patient;users,,openmrs_schema_full.json
OpenMRS,allergy,severity_concept_id,INT,number,True,False,concept;encounter;patient;users,,openmrs_schema_full.json
OpenMRS,allergy,coded_allergen,INT,number,False,False,concept;encounter;patient;users,,openmrs_schema_full.json
OpenMRS,allergy,non_coded_allergen,VARCHAR,string,True,False,concept;encounter;patient;users,,openmrs_schema_full.json
OpenMRS,allergy,allergen_type,VARCHAR,string,False,False,concept;encounter;patient;users,,openmrs_schema_full.json
OpenMRS,allergy,comments,VARCHAR,string,True,False,concept;encounter;patient;users,,openmrs_schema_full.json
OpenMRS,allergy,creator,INT,number,False,False,concept;encounter;patient;users,,openmrs_schema_full.json
OpenMRS,allergy,date_created,DATETIME,date,False,False,concept;encounter;patient;users,,openmrs_schema_full.json
OpenMRS,allergy,changed_by,INT,number,True,False,concept;encounter;patient;users,,openmrs_schema_full.json
OpenMRS,allergy,date_changed,DATETIME,date,True,False,concept;encounter;patient;users,,openmrs_schema_full.json
OpenMRS,allergy,voided,BOOLEAN,boolean,False,False,concept;encounter;patient;users,,openmrs_schema_full.json
OpenMRS,allergy,voided_by,INT,number,True,False,concept;encounter;patient;users,,openmrs_schema_full.json
OpenMRS,allergy,date_voided,DATETIME,date,True,False,concept;encounter;patient;users,,openmrs_schema_full.json
OpenMRS,allergy,void_reason,VARCHAR,string,True,False,concept;encounter;patient;users,,openmrs_schema_full.json
OpenMRS,allergy,uuid,CHAR,string,True,False,concept;encounter;patient;users,,openmrs_schema_full.json
OpenMRS,allergy,form_namespace_and_path,VARCHAR,string,True,False,concept;encounter;patient;users,,openmrs_schema_full.json
OpenMRS,allergy,encounter_id,INT,number,True,False,concept;encounter;patient;users,,openmrs_schema_full.json
OpenMRS,allergy_reaction,allergy_reaction_id,INT,number,False,True,allergy;concept,,openmrs_schema_full.json
OpenMRS,allergy_reaction,allergy_id,INT,number,False,False,allergy;concept,,openmrs_schema_full.json
OpenMRS,allergy_reaction,reaction_concept_id,INT,number,False,False,allergy;concept,,openmrs_schema_full.json
OpenMRS,allergy_reaction,reaction_non_coded,VARCHAR,string,True,False,allergy;concept,,openmrs_schema_full.json
OpenMRS,allergy_reaction,uuid,CHAR,string,True,False,allergy;concept,,openmrs_schema_full.json
OpenMRS,care_setting,care_setting_id,INT,number,False,True,users,,openmrs_schema_full.json
OpenMRS,care_setting,name,VARCHAR,string,False,False,users,,openmrs_schema_full.json
OpenMRS,care_setting,description,VARCHAR,string,True,False,users,,openmrs_schema_full.json
OpenMRS,care_setting,care_setting_type,VARCHAR,string,False,False,users,,openmrs_schema_full.json
OpenMRS,care_setting,creator,INT,number,False,False,users,,openmrs_schema_full.json
OpenMRS,care_setting,date_created,DATETIME,date,False,False,users,,openmrs_schema_full.json
OpenMRS,care_setting,retired,BOOLEAN,boolean,False,False,users,,openmrs_schema_full.json
OpenMRS,care_setting,retired_by,INT,number,True,False,users,,openmrs_schema_full.json
OpenMRS,care_setting,date_retired,DATETIME,date,True,False,users,,openmrs_schema_full.json
OpenMRS,care_setting,retire_reason,VARCHAR,string,True,False,users,,openmrs_schema_full.json
OpenMRS,care_setting,changed_by,INT,number,True,False,users,,openmrs_schema_full.json
OpenMRS,care_setting,date_changed,DATETIME,date,True,False,users,,openmrs_schema_full.json
OpenMRS,care_setting,uuid,CHAR,string,False,False,users,,openmrs_schema_full.json
OpenMRS,clob_datatype_storage,id,INT,number,False,True,,,openmrs_schema_full.json
OpenMRS,clob_datatype_storage,uuid,CHAR,string,False,False,,,openmrs_schema_full.json
OpenMRS,clob_datatype_storage,value,CLOB,string,False,False,,,openmrs_schema_full.json
OpenMRS,cohort,cohort_id,INT,number,False,True,users,,openmrs_schema_full.json
OpenMRS,cohort,name,VARCHAR,string,False,False,users,,openmrs_schema_full.json
OpenMRS,cohort,description,VARCHAR,string,True,False,users,,openmrs_schema_full.json
OpenMRS,cohort,creator,INT,number,False,False,users,,openmrs_schema_full.json
OpenMRS,cohort,date_created,DATETIME,date,False,False,users,,openmrs_schema_full.json
OpenMRS,cohort,voided,BOOLEAN,boolean,False,False,users,,openmrs_schema_full.json
OpenMRS,cohort,voided_by,INT,number,True,False,users,,openmrs_schema_full.json
OpenMRS,cohort,date_voided,DATETIME,date,True,False,users,,openmrs_schema_full.json
OpenMRS,cohort,void_reason,VARCHAR,string,True,False,users,,openmrs_schema_full.json
OpenMRS,cohort,changed_by,INT,number,True,False,users,,openmrs_schema_full.json
OpenMRS,cohort,date_changed,DATETIME,date,True,False,users,,openmrs_schema_full.json
OpenMRS,cohort,uuid,CHAR,string,False,False,users,,openmrs_schema_full.json
OpenMRS,cohort_member,cohort_id,INT,number,False,False,cohort;patient;users,,openmrs_schema_full.json
OpenMRS,cohort_member,patient_id,INT,number,False,False,cohort;patient;users,,openmrs_schema_full.json
OpenMRS,cohort_member,cohort_member_id,INT,number,False,True,cohort;patient;users,,openmrs_schema_full.json
OpenMRS,cohort_member,start_date,DATETIME,date,True,False,cohort;patient;users,,openmrs_schema_full.json
OpenMRS,cohort_member,end_date,DATETIME,date,True,False,cohort;patient;users,,openmrs_schema_full.json
OpenMRS,cohort_member,creator,INT,number,False,False,cohort;patient;users,,openmrs_schema_full.json
OpenMRS,cohort_member,date_created,DATETIME,date,False,False,cohort;patient;users,,openmrs_schema_full.json
OpenMRS,cohort_member,voided,BOOLEAN,boolean,False,False,cohort;patient;users,,openmrs_schema_full.json
OpenMRS,cohort_member,voided_by,INT,number,True,False,cohort;patient;users,,openmrs_schema_full.json
OpenMRS,cohort_member,date_voided,DATETIME,date,True,False,cohort;patient;users,,openmrs_schema_full.json
OpenMRS,cohort_member,void_reason,VARCHAR,string,True,False,cohort;patient;users,,openmrs_schema_full.json
OpenMRS,cohort_member,uuid,CHAR,string,False,False,cohort;patient;users,,openmrs_schema_full.json
OpenMRS,cohort_member,changed_by,INT,number,True,False,cohort;patient;users,,openmrs_schema_full.json
OpenMRS,cohort_member,date_changed,DATETIME,date,True,False,cohort;patient;users,,openmrs_schema_full.json
OpenMRS,concept,concept_id,INT,number,False,True,concept_class;concept_datatype;users,,openmrs_schema_full.json
OpenMRS,concept,retired,BOOLEAN,boolean,False,False,concept_class;concept_datatype;users,,openmrs_schema_full.json
OpenMRS,concept,short_name,VARCHAR,string,True,False,concept_class;concept_datatype;users,,openmrs_schema_full.json
OpenMRS,concept,description,TEXT,string,True,False,concept_class;concept_datatype;users,,openmrs_schema_full.json
OpenMRS,concept,form_text,TEXT,string,True,False,concept_class;concept_datatype;users,,openmrs_schema_full.json
OpenMRS,concept,datatype_id,INT,number,False,False,concept_class;concept_datatype;users,,openmrs_schema_full.json
OpenMRS,concept,class_id,INT,number,False,False,concept_class;concept_datatype;users,,openmrs_schema_full.json
OpenMRS,concept,is_set,BOOLEAN,boolean,False,False,concept_class;concept_datatype;users,,openmrs_schema_full.json
OpenMRS,concept,creator,INT,number,False,False,concept_class;concept_datatype;users,,openmrs_schema_full.json
OpenMRS,concept,date_created,DATETIME,date,False,False,concept_class;concept_datatype;users,,openmrs_schema_full.json
OpenMRS,concept,version,VARCHAR,string,True,False,concept_class;concept_datatype;users,,openmrs_schema_full.json
OpenMRS,concept,changed_by,INT,number,True,False,concept_class;concept_datatype;users,,openmrs_schema_full.json
OpenMRS,concept,date_changed,DATETIME,date,True,False,concept_class;concept_datatype;users,,openmrs_schema_full.json
OpenMRS,concept,retired_by,INT,number,True,False,concept_class;concept_datatype;users,,openmrs_schema_full.json
OpenMRS,concept,date_retired,DATETIME,date,True,False,concept_class;concept_datatype;users,,openmrs_schema_full.json
OpenMRS,concept,retire_reason,VARCHAR,string,True,False,concept_class;concept_datatype;users,,openmrs_schema_full.json
OpenMRS,concept,uuid,CHAR,string,False,False,concept_class;concept_datatype;users,,openmrs_schema_full.json
OpenMRS,concept_answer,concept_answer_id,INT,number,False,True,concept;drug;users,,openmrs_schema_full.json
OpenMRS,concept_answer,concept_id,INT,number,False,False,concept;drug;users,,openmrs_schema_full.json
OpenMRS,concept_answer,answer_concept,INT,number,True,False,concept;drug;users,,openmrs_schema_full.json
OpenMRS,concept_answer,answer_drug,INT,number,True,False,concept;drug;users,,openmrs_schema_full.json
OpenMRS,concept_answer,creator,INT,number,False,False,concept;drug;users,,openmrs_schema_full.json
OpenMRS,concept_answer,date_created,DATETIME,date,False,False,concept;drug;users,,openmrs_schema_full.json
OpenMRS,concept_answer,sort_weight,DOUBLE,number,True,False,concept;drug;users,,openmrs_schema_full.json
OpenMRS,concept_answer,uuid,CHAR,string,False,False,concept;drug;users,,openmrs_schema_full.json
OpenMRS,concept_attribute,concept_attribute_id,INT,number,False,True,concept;concept_attribute_type;users,,openmrs_schema_full.json
OpenMRS,concept_attribute,concept_id,INT,number,False,False,concept;concept_attribute_type;users,,openmrs_schema_full.json
OpenMRS,concept_attribute,attribute_type_id,INT,number,False,False,concept;concept_attribute_type;users,,openmrs_schema_full.json
OpenMRS,concept_attribute,value_reference,TEXT,string,False,False,concept;concept_attribute_type;users,,openmrs_schema_full.json
OpenMRS,concept_attribute,uuid,CHAR,string,False,False,concept;concept_attribute_type;users,,openmrs_schema_full.json
OpenMRS,concept_attribute,creator,INT,number,False,False,concept;concept_attribute_type;users,,openmrs_schema_full.json
OpenMRS,concept_attribute,date_created,DATETIME,date,False,False,concept;concept_attribute_type;users,,openmrs_schema_full.json
OpenMRS,concept_attribute,changed_by,INT,number,True,False,concept;concept_attribute_type;users,,openmrs_schema_full.json
OpenMRS,concept_attribute,date_changed,DATETIME,date,True,False,concept;concept_attribute_type;users,,openmrs_schema_full.json
OpenMRS,concept_attribute,voided,BOOLEAN,boolean,False,False,concept;concept_attribute_type;users,,openmrs_schema_full.json
OpenMRS,concept_attribute,voided_by,INT,number,True,False,concept;concept_attribute_type;users,,openmrs_schema_full.json
OpenMRS,concept_attribute,date_voided,DATETIME,date,True,False,concept;concept_attribute_type;users,,openmrs_schema_full.json
OpenMRS,concept_attribute,void_reason,VARCHAR,string,True,False,concept;concept_attribute_type;users,,openmrs_schema_full.json
OpenMRS,concept_attribute_type,concept_attribute_type_id,INT,number,False,True,users,,openmrs_schema_full.json
OpenMRS,concept_attribute_type,name,VARCHAR,string,False,False,users,,openmrs_schema_full.json
OpenMRS,concept_attribute_type,description,VARCHAR,string,True,False,users,,openmrs_schema_full.json
OpenMRS,concept_attribute_type,datatype,VARCHAR,string,True,False,users,,openmrs_schema_full.json
OpenMRS,concept_attribute_type,datatype_config,TEXT,string,True,False,users,,openmrs_schema_full.json
OpenMRS,concept_attribute_type,preferred_handler,VARCHAR,string,True,False,users,,openmrs_schema_full.json
OpenMRS,concept_attribute_type,handler_config,TEXT,string,True,False,users,,openmrs_schema_full.json
OpenMRS,concept_attribute_type,min_occurs,INT,number,False,False,users,,openmrs_schema_full.json
OpenMRS,concept_attribute_type,max_occurs,INT,number,True,False,users,,openmrs_schema_full.json
OpenMRS,concept_attribute_type,creator,INT,number,False,False,users,,openmrs_schema_full.json
OpenMRS,concept_attribute_type,date_created,DATETIME,date,False,False,users,,openmrs_schema_full.json
OpenMRS,concept_attribute_type,changed_by,INT,number,True,False,users,,openmrs_schema_full.json
OpenMRS,concept_attribute_type,date_changed,DATETIME,date,True,False,users,,openmrs_schema_full.json
OpenMRS,concept_attribute_type,retired,BOOLEAN,boolean,False,False,users,,openmrs_schema_full.json
OpenMRS,concept_attribute_type,retired_by,INT,number,True,False,users,,openmrs_schema_full.json
OpenMRS,concept_attribute_type,date_retired,DATETIME,date,True,False,users,,openmrs_schema_full.json
OpenMRS,concept_attribute_type,retire_reason,VARCHAR,string,True,False,users,,openmrs_schema_full.json
OpenMRS,concept_attribute_type,uuid,CHAR,string,False,False,users,,openmrs_schema_full.json
OpenMRS,concept_class,concept_class_id,INT,number,False,True,users,,openmrs_schema_full.json
OpenMRS,concept_class,name,VARCHAR,string,False,False,users,,openmrs_schema_full.json
OpenMRS,concept_class,description,VARCHAR,string,True,False,users,,openmrs_schema_full.json
OpenMRS,concept_class,creator,INT,number,False,False,users,,openmrs_schema_full.json
OpenMRS,concept_class,date_created,DATETIME,date,False,False,users,,openmrs_schema_full.json
OpenMRS,concept_class,retired,BOOLEAN,boolean,False,False,users,,openmrs_schema_full.json
OpenMRS,concept_class,retired_by,INT,number,True,False,users,,openmrs_schema_full.json
OpenMRS,concept_class,date_retired,DATETIME,date,True,False,users,,openmrs_schema_full.json
OpenMRS,concept_class,retire_reason,VARCHAR,string,True,False,users,,openmrs_schema_full.json
OpenMRS,concept_class,uuid,CHAR,string,False,False,users,,openmrs_schema_full.json
OpenMRS,concept_class,date_changed,DATETIME,date,True,False,users,,openmrs_schema_full.json
OpenMRS,concept_class,changed_by,INT,number,True,False,users,,openmrs_schema_full.json
OpenMRS,concept_complex,concept_id,INT,number,False,True,concept,,openmrs_schema_full.json
OpenMRS,concept_complex,handler,VARCHAR,string,True,False,concept,,openmrs_schema_full.json
OpenMRS,concept_datatype,concept_datatype_id,INT,number,False,True,users,,openmrs_schema_full.json
OpenMRS,concept_datatype,name,VARCHAR,string,False,False,users,,openmrs_schema_full.json
OpenMRS,concept_datatype,hl7_abbreviation,VARCHAR,string,True,False,users,,openmrs_schema_full.json
OpenMRS,concept_datatype,description,VARCHAR,string,True,False,users,,openmrs_schema_full.json
OpenMRS,concept_datatype,creator,INT,number,False,False,users,,openmrs_schema_full.json
OpenMRS,concept_datatype,date_created,DATETIME,date,False,False,users,,openmrs_schema_full.json
OpenMRS,concept_datatype,retired,BOOLEAN,boolean,False,False,users,,openmrs_schema_full.json
OpenMRS,concept_datatype,retired_by,INT,number,True,False,users,,openmrs_schema_full.json
OpenMRS,concept_datatype,date_retired,DATETIME,date,True,False,users,,openmrs_schema_full.json
OpenMRS,concept_datatype,retire_reason,VARCHAR,string,True,False,users,,openmrs_schema_full.json
OpenMRS,concept_datatype,uuid,CHAR,string,False,False,users,,openmrs_schema_full.json
OpenMRS,concept_datatype,date_changed,DATETIME,date,True,False,users,,openmrs_schema_full.json
OpenMRS,concept_datatype,changed_by,INT,number,True,False,users,,openmrs_schema_full.json
OpenMRS,concept_description,concept_description_id,INT,number,False,True,concept;users,,openmrs_schema_full.json
OpenMRS,concept_description,concept_id,INT,number,False,False,concept;users,,openmrs_schema_full.json
OpenMRS,concept_description,description,TEXT,string,False,False,concept;users,,openmrs_schema_full.json
OpenMRS,concept_description,locale,VARCHAR,string,False,False,concept;users,,openmrs_schema_full.json
OpenMRS,concept_description,creator,INT,number,False,False,concept;users,,openmrs_schema_full.json
OpenMRS,concept_description,date_created,DATETIME,date,False,False,concept;users,,openmrs_schema_full.json
OpenMRS,concept_description,changed_by,INT,number,True,False,concept;users,,openmrs_schema_full.json
OpenMRS,concept_description,date_changed,DATETIME,date,True,False,concept;users,,openmrs_schema_full.json
OpenMRS,concept_description,uuid,CHAR,string,False,False,concept;users,,openmrs_schema_full.json
OpenMRS,concept_map_type,concept_map_type_id,INT,number,False,True,users,,openmrs_schema_full.json
OpenMRS,concept_map_type,name,VARCHAR,string,False,False,users,,openmrs_schema_full.json
OpenMRS,concept_map_type,description,VARCHAR,string,True,False,users,,openmrs_schema_full.json
OpenMRS,concept_map_type,creator,INT,number,False,False,users,,openmrs_schema_full.json
OpenMRS,concept_map_type,date_created,DATETIME,date,False,False,users,,openmrs_schema_full.json
OpenMRS,concept_map_type,changed_by,INT,number,True,False,users,,openmrs_schema_full.json
OpenMRS,concept_map_type,date_changed,DATETIME,date,True,False,users,,openmrs_schema_full.json
OpenMRS,concept_map_type,is_hidden,BOOLEAN,boolean,False,False,users,,openmrs_schema_full.json
OpenMRS,concept_map_type,retired,BOOLEAN,boolean,False,False,users,,openmrs_schema_full.json
OpenMRS,concept_map_type,retired_by,INT,number,True,False,users,,openmrs_schema_full.json
OpenMRS,concept_map_type,date_retired,DATETIME,date,True,False,users,,openmrs_schema_full.json
OpenMRS,concept_map_type,retire_reason,VARCHAR,string,True,False,users,,openmrs_schema_full.json
OpenMRS,concept_map_type,uuid,CHAR,string,False,False,users,,openmrs_schema_full.json
OpenMRS,concept_name,concept_name_id,INT,number,False,True,concept;users,,openmrs_schema_full.json
OpenMRS,concept_name,concept_id,INT,number,True,False,concept;users,,openmrs_schema_full.json
OpenMRS,concept_name,name,VARCHAR,string,False,False,concept;users,,openmrs_schema_full.json
OpenMRS,concept_name,locale,VARCHAR,string,False,False,concept;users,,openmrs_schema_full.json
OpenMRS,concept_name,locale_preferred,BOOLEAN,boolean,True,False,concept;users,,openmrs_schema_full.json
OpenMRS,concept_name,creator,INT,number,False,False,concept;users,,openmrs_schema_full.json
OpenMRS,concept_name,date_created,DATETIME,date,False,False,concept;users,,openmrs_schema_full.json
OpenMRS,concept_name,concept_name_type,VARCHAR,string,True,False,concept;users,,openmrs_schema_full.json
OpenMRS,concept_name,voided,BOOLEAN,boolean,False,False,concept;users,,openmrs_schema_full.json
OpenMRS,concept_name,voided_by,INT,number,True,False,concept;users,,openmrs_schema_full.json
OpenMRS,concept_name,date_voided,DATETIME,date,True,False,concept;users,,openmrs_schema_full.json
OpenMRS,concept_name,void_reason,VARCHAR,string,True,False,concept;users,,openmrs_schema_full.json
OpenMRS,concept_name,uuid,CHAR,string,False,False,concept;users,,openmrs_schema_full.json
OpenMRS,concept_name,date_changed,DATETIME,date,True,False,concept;users,,openmrs_schema_full.json
OpenMRS,concept_name,changed_by,INT,number,True,False,concept;users,,openmrs_schema_full.json
OpenMRS,concept_name_tag,concept_name_tag_id,INT,number,False,True,users,,openmrs_schema_full.json
OpenMRS,concept_name_tag,tag,VARCHAR,string,False,False,users,,openmrs_schema_full.json
OpenMRS,concept_name_tag,description,TEXT,string,True,False,users,,openmrs_schema_full.json
OpenMRS,concept_name_tag,creator,INT,number,False,False,users,,openmrs_schema_full.json
OpenMRS,concept_name_tag,date_created,DATETIME,date,False,False,users,,openmrs_schema_full.json
OpenMRS,concept_name_tag,voided,BOOLEAN,boolean,False,False,users,,openmrs_schema_full.json
OpenMRS,concept_name_tag,voided_by,INT,number,True,False,users,,openmrs_schema_full.json
OpenMRS,concept_name_tag,date_voided,DATETIME,date,True,False,users,,openmrs_schema_full.json
OpenMRS,concept_name_tag,void_reason,VARCHAR,string,True,False,users,,openmrs_schema_full.json
OpenMRS,concept_name_tag,uuid,CHAR,string,False,False,users,,openmrs_schema_full.json
OpenMRS,concept_name_tag,date_changed,DATETIME,date,True,False,users,,openmrs_schema_full.json
OpenMRS,concept_name_tag,changed_by,INT,number,True,False,users,,openmrs_schema_full.json
OpenMRS,concept_name_tag_map,concept_name_id,INT,number,False,False,concept_name;concept_name_tag,,openmrs_schema_full.json
OpenMRS,concept_name_tag_map,concept_name_tag_id,INT,number,False,False,concept_name;concept_name_tag,,openmrs_schema_full.json
OpenMRS,concept_numeric,concept_id,INT,number,False,True,concept,,openmrs_schema_full.json
OpenMRS,concept_numeric,hi_absolute,DOUBLE,number,True,False,concept,,openmrs_schema_full.json
OpenMRS,concept_numeric,hi_critical,DOUBLE,number,True,False,concept,,openmrs_schema_full.json
OpenMRS,concept_numeric,hi_normal,DOUBLE,number,True,False,concept,,openmrs_schema_full.json
OpenMRS,concept_numeric,low_absolute,DOUBLE,number,True,False,concept,,openmrs_schema_full.json
OpenMRS,concept_numeric,low_critical,DOUBLE,number,True,False,concept,,openmrs_schema_full.json
OpenMRS,concept_numeric,low_normal,DOUBLE,number,True,False,concept,,openmrs_schema_full.json
OpenMRS,concept_numeric,units,VARCHAR,string,True,False,concept,,openmrs_schema_full.json
OpenMRS,concept_numeric,allow_decimal,BOOLEAN,boolean,True,False,concept,,openmrs_schema_full.json
OpenMRS,concept_numeric,display_precision,INT,number,True,False,concept,,openmrs_schema_full.json
OpenMRS,concept_proposal,concept_proposal_id,INT,number,False,True,concept;encounter;obs;users,,openmrs_schema_full.json
OpenMRS,concept_proposal,concept_id,INT,number,True,False,concept;encounter;obs;users,,openmrs_schema_full.json
OpenMRS,concept_proposal,encounter_id,INT,number,True,False,concept;encounter;obs;users,,openmrs_schema_full.json
OpenMRS,concept_proposal,original_text,VARCHAR,string,False,False,concept;encounter;obs;users,,openmrs_schema_full.json
OpenMRS,concept_proposal,final_text,VARCHAR,string,True,False,concept;encounter;obs;users,,openmrs_schema_full.json
OpenMRS,concept_proposal,obs_id,INT,number,True,False,concept;encounter;obs;users,,openmrs_schema_full.json
OpenMRS,concept_proposal,obs_concept_id,INT,number,True,False,concept;encounter;obs;users,,openmrs_schema_full.json
OpenMRS,concept_proposal,state,VARCHAR,string,False,False,concept;encounter;obs;users,,openmrs_schema_full.json
OpenMRS,concept_proposal,comments,VARCHAR,string,True,False,concept;encounter;obs;users,,openmrs_schema_full.json
OpenMRS,concept_proposal,creator,INT,number,False,False,concept;encounter;obs;users,,openmrs_schema_full.json
OpenMRS,concept_proposal,date_created,DATETIME,date,False,False,concept;encounter;obs;users,,openmrs_schema_full.json
OpenMRS,concept_proposal,changed_by,INT,number,True,False,concept;encounter;obs;users,,openmrs_schema_full.json
OpenMRS,concept_proposal,date_changed,DATETIME,date,True,False,concept;encounter;obs;users,,openmrs_schema_full.json
OpenMRS,concept_proposal,locale,VARCHAR,string,False,False,concept;encounter;obs;users,,openmrs_schema_full.json
OpenMRS,concept_proposal,uuid,CHAR,string,False,False,concept;encounter;obs;users,,openmrs_schema_full.json
OpenMRS,concept_proposal_tag_map,concept_proposal_id,INT,number,False,False,concept_name_tag;concept_proposal,,openmrs_schema_full.json
OpenMRS,concept_proposal_tag_map,concept_name_tag_id,INT,number,False,False,concept_name_tag;concept_proposal,,openmrs_schema_full.json
OpenMRS,concept_reference_map,concept_map_id,INT,number,False,True,concept;concept_map_type;concept_reference_term;users,,openmrs_schema_full.json
OpenMRS,concept_reference_map,concept_reference_term_id,INT,number,False,False,concept;concept_map_type;concept_reference_term;users,,openmrs_schema_full.json
OpenMRS,concept_reference_map,concept_map_type_id,INT,number,False,False,concept;concept_map_type;concept_reference_term;users,,openmrs_schema_full.json
OpenMRS,concept_reference_map,creator,INT,number,False,False,concept;concept_map_type;concept_reference_term;users,,openmrs_schema_full.json
OpenMRS,concept_reference_map,date_created,DATETIME,date,False,False,concept;concept_map_type;concept_reference_term;users,,openmrs_schema_full.json
OpenMRS,concept_reference_map,concept_id,INT,number,False,False,concept;concept_map_type;concept_reference_term;users,,openmrs_schema_full.json
OpenMRS,concept_reference_map,changed_by,INT,number,True,False,concept;concept_map_type;concept_reference_term;users,,openmrs_schema_full.json
OpenMRS,concept_reference_map,date_changed,DATETIME,date,True,False,concept;concept_map_type;concept_reference_term;users,,openmrs_schema_full.json
OpenMRS,concept_reference_map,uuid,CHAR,string,False,False,concept;concept_map_type;concept_reference_term;users,,openmrs_schema_full.json
OpenMRS,concept_reference_range,concept_reference_range_id,INT,number,False,True,concept_numeric,,openmrs_schema_full.json
OpenMRS,concept_reference_range,concept_id,INT,number,False,False,concept_numeric,,openmrs_schema_full.json
OpenMRS,concept_reference_range,criteria,VARCHAR,string,False,False,concept_numeric,,openmrs_schema_full.json
OpenMRS,concept_reference_range,hi_absolute,DOUBLE,number,True,False,concept_numeric,,openmrs_schema_full.json
OpenMRS,concept_reference_range,hi_critical,DOUBLE,number,True,False,concept_numeric,,openmrs_schema_full.json
OpenMRS,concept_reference_range,hi_normal,DOUBLE,number,True,False,concept_numeric,,openmrs_schema_full.json
OpenMRS,concept_reference_range,low_absolute,DOUBLE,number,True,False,concept_numeric,,openmrs_schema_full.json
OpenMRS,concept_reference_range,low_critical,DOUBLE,number,True,False,concept_numeric,,openmrs_schema_full.json
OpenMRS,concept_reference_range,low_normal,DOUBLE,number,True,False,concept_numeric,,openmrs_schema_full.json
OpenMRS,concept_reference_range,uuid,CHAR,string,False,False,concept_numeric,,openmrs_schema_full.json
OpenMRS,concept_reference_source,concept_source_id,INT,number,False,True,users,,openmrs_schema_full.json
OpenMRS,concept_reference_source,name,VARCHAR,string,False,False,users,,openmrs_schema_full.json
OpenMRS,concept_reference_source,description,TEXT,string,False,False,users,,openmrs_schema_full.json
OpenMRS,concept_reference_source,hl7_code,VARCHAR,string,True,False,users,,openmrs_schema_full.json
OpenMRS,concept_reference_source,creator,INT,number,False,False,users,,openmrs_schema_full.json
OpenMRS,concept_reference_source,date_created,DATETIME,date,False,False,users,,openmrs_schema_full.json
OpenMRS,concept_reference_source,retired,BOOLEAN,boolean,False,False,users,,openmrs_schema_full.json
OpenMRS,concept_reference_source,retired_by,INT,number,True,False,users,,openmrs_schema_full.json
OpenMRS,concept_reference_source,date_retired,DATETIME,date,True,False,users,,openmrs_schema_full.json
OpenMRS,concept_reference_source,retire_reason,VARCHAR,string,True,False,users,,openmrs_schema_full.json
OpenMRS,concept_reference_source,uuid,CHAR,string,False,False,users,,openmrs_schema_full.json
OpenMRS,concept_reference_source,unique_id,VARCHAR,string,True,False,users,,openmrs_schema_full.json
OpenMRS,concept_reference_source,date_changed,DATETIME,date,True,False,users,,openmrs_schema_full.json
OpenMRS,concept_reference_source,changed_by,INT,number,True,False,users,,openmrs_schema_full.json
OpenMRS,concept_reference_term,concept_reference_term_id,INT,number,False,True,concept_reference_source;users,,openmrs_schema_full.json
OpenMRS,concept_reference_term,concept_source_id,INT,number,False,False,concept_reference_source;users,,openmrs_schema_full.json
OpenMRS,concept_reference_term,name,VARCHAR,string,True,False,concept_reference_source;users,,openmrs_schema_full.json
OpenMRS,concept_reference_term,code,VARCHAR,string,False,False,concept_reference_source;users,,openmrs_schema_full.json
OpenMRS,concept_reference_term,version,VARCHAR,string,True,False,concept_reference_source;users,,openmrs_schema_full.json
OpenMRS,concept_reference_term,description,VARCHAR,string,True,False,concept_reference_source;users,,openmrs_schema_full.json
OpenMRS,concept_reference_term,creator,INT,number,False,False,concept_reference_source;users,,openmrs_schema_full.json
OpenMRS,concept_reference_term,date_created,DATETIME,date,False,False,concept_reference_source;users,,openmrs_schema_full.json
OpenMRS,concept_reference_term,date_changed,DATETIME,date,True,False,concept_reference_source;users,,openmrs_schema_full.json
OpenMRS,concept_reference_term,changed_by,INT,number,True,False,concept_reference_source;users,,openmrs_schema_full.json
OpenMRS,concept_reference_term,retired,BOOLEAN,boolean,False,False,concept_reference_source;users,,openmrs_schema_full.json
OpenMRS,concept_reference_term,retired_by,INT,number,True,False,concept_reference_source;users,,openmrs_schema_full.json
OpenMRS,concept_reference_term,date_retired,DATETIME,date,True,False,concept_reference_source;users,,openmrs_schema_full.json
OpenMRS,concept_reference_term,retire_reason,VARCHAR,string,True,False,concept_reference_source;users,,openmrs_schema_full.json
OpenMRS,concept_reference_term,uuid,CHAR,string,False,False,concept_reference_source;users,,openmrs_schema_full.json
OpenMRS,concept_reference_term_map,concept_reference_term_map_id,INT,number,False,True,concept_map_type;concept_reference_term;users,,openmrs_schema_full.json
OpenMRS,concept_reference_term_map,term_a_id,INT,number,False,False,concept_map_type;concept_reference_term;users,,openmrs_schema_full.json
OpenMRS,concept_reference_term_map,term_b_id,INT,number,False,False,concept_map_type;concept_reference_term;users,,openmrs_schema_full.json
OpenMRS,concept_reference_term_map,a_is_to_b_id,INT,number,False,False,concept_map_type;concept_reference_term;users,,openmrs_schema_full.json
OpenMRS,concept_reference_term_map,creator,INT,number,False,False,concept_map_type;concept_reference_term;users,,openmrs_schema_full.json
OpenMRS,concept_reference_term_map,date_created,DATETIME,date,False,False,concept_map_type;concept_reference_term;users,,openmrs_schema_full.json
OpenMRS,concept_reference_term_map,changed_by,INT,number,True,False,concept_map_type;concept_reference_term;users,,openmrs_schema_full.json
OpenMRS,concept_reference_term_map,date_changed,DATETIME,date,True,False,concept_map_type;concept_reference_term;users,,openmrs_schema_full.json
OpenMRS,concept_reference_term_map,uuid,CHAR,string,False,False,concept_map_type;concept_reference_term;users,,openmrs_schema_full.json
OpenMRS,concept_set,concept_set_id,INT,number,False,True,concept;users,,openmrs_schema_full.json
OpenMRS,concept_set,concept_id,INT,number,False,False,concept;users,,openmrs_schema_full.json
OpenMRS,concept_set,concept_set,INT,number,False,False,concept;users,,openmrs_schema_full.json
OpenMRS,concept_set,sort_weight,DOUBLE,number,True,False,concept;users,,openmrs_schema_full.json
OpenMRS,concept_set,creator,INT,number,False,False,concept;users,,openmrs_schema_full.json
OpenMRS,concept_set,date_created,DATETIME,date,False,False,concept;users,,openmrs_schema_full.json
OpenMRS,concept_set,uuid,CHAR,string,False,False,concept;users,,openmrs_schema_full.json
OpenMRS,concept_state_conversion,concept_state_conversion_id,INT,number,False,True,concept;program_workflow;program_workflow_state,,openmrs_schema_full.json
OpenMRS,concept_state_conversion,concept_id,INT,number,True,False,concept;program_workflow;program_workflow_state,,openmrs_schema_full.json
OpenMRS,concept_state_conversion,program_workflow_id,INT,number,True,False,concept;program_workflow;program_workflow_state,,openmrs_schema_full.json
OpenMRS,concept_state_conversion,program_workflow_state_id,INT,number,True,False,concept;program_workflow;program_workflow_state,,openmrs_schema_full.json
OpenMRS,concept_state_conversion,uuid,CHAR,string,False,False,concept;program_workflow;program_workflow_state,,openmrs_schema_full.json
OpenMRS,concept_stop_word,concept_stop_word_id,INT,number,False,True,,,openmrs_schema_full.json
OpenMRS,concept_stop_word,word,VARCHAR,string,False,False,,,openmrs_schema_full.json
OpenMRS,concept_stop_word,locale,VARCHAR,string,True,False,,,openmrs_schema_full.json
OpenMRS,concept_stop_word,uuid,CHAR,string,False,False,,,openmrs_schema_full.json
OpenMRS,conditions,condition_id,INT,number,False,True,concept;concept_name;conditions;encounter;patient;users,,openmrs_schema_full.json
OpenMRS,conditions,additional_detail,VARCHAR,string,True,False,concept;concept_name;conditions;encounter;patient;users,,openmrs_schema_full.json
OpenMRS,conditions,previous_version,INT,number,True,False,concept;concept_name;conditions;encounter;patient;users,,openmrs_schema_full.json
OpenMRS,conditions,condition_coded,INT,number,True,False,concept;concept_name;conditions;encounter;patient;users,,openmrs_schema_full.json
OpenMRS,conditions,condition_non_coded,VARCHAR,string,True,False,concept;concept_name;conditions;encounter;patient;users,,openmrs_schema_full.json
OpenMRS,conditions,condition_coded_name,INT,number,True,False,concept;concept_name;conditions;encounter;patient;users,,openmrs_schema_full.json
OpenMRS,conditions,clinical_status,VARCHAR,string,False,False,concept;concept_name;conditions;encounter;patient;users,,openmrs_schema_full.json
OpenMRS,conditions,verification_status,VARCHAR,string,True,False,concept;concept_name;conditions;encounter;patient;users,,openmrs_schema_full.json
OpenMRS,conditions,onset_date,DATETIME,date,True,False,concept;concept_name;conditions;encounter;patient;users,,openmrs_schema_full.json
OpenMRS,conditions,date_created,DATETIME,date,False,False,concept;concept_name;conditions;encounter;patient;users,,openmrs_schema_full.json
OpenMRS,conditions,voided,BOOLEAN,boolean,False,False,concept;concept_name;conditions;encounter;patient;users,,openmrs_schema_full.json
OpenMRS,conditions,date_voided,DATETIME,date,True,False,concept;concept_name;conditions;encounter;patient;users,,openmrs_schema_full.json
OpenMRS,conditions,void_reason,VARCHAR,string,True,False,concept;concept_name;conditions;encounter;patient;users,,openmrs_schema_full.json
OpenMRS,conditions,uuid,VARCHAR,string,True,False,concept;concept_name;conditions;encounter;patient;users,,openmrs_schema_full.json
OpenMRS,conditions,creator,INT,number,False,False,concept;concept_name;conditions;encounter;patient;users,,openmrs_schema_full.json
OpenMRS,conditions,voided_by,INT,number,True,False,concept;concept_name;conditions;encounter;patient;users,,openmrs_schema_full.json
OpenMRS,conditions,changed_by,INT,number,True,False,concept;concept_name;conditions;encounter;patient;users,,openmrs_schema_full.json
OpenMRS,conditions,patient_id,INT,number,False,False,concept;concept_name;conditions;encounter;patient;users,,openmrs_schema_full.json
OpenMRS,conditions,end_date,DATETIME,date,True,False,concept;concept_name;conditions;encounter;patient;users,,openmrs_schema_full.json
OpenMRS,conditions,date_changed,DATETIME,date,True,False,concept;concept_name;conditions;encounter;patient;users,,openmrs_schema_full.json
OpenMRS,conditions,encounter_id,INT,number,True,False,concept;concept_name;conditions;encounter;patient;users,,openmrs_schema_full.json
OpenMRS,conditions,form_namespace_and_path,VARCHAR,string,True,False,concept;concept_name;conditions;encounter;patient;users,,openmrs_schema_full.json
OpenMRS,diagnosis_attribute,diagnosis_attribute_id,INT,number,False,True,diagnosis_attribute_type;encounter_diagnosis;users,,openmrs_schema_full.json
OpenMRS,diagnosis_attribute,diagnosis_id,INT,number,False,False,diagnosis_attribute_type;encounter_diagnosis;users,,openmrs_schema_full.json
OpenMRS,diagnosis_attribute,attribute_type_id,INT,number,False,False,diagnosis_attribute_type;encounter_diagnosis;users,,openmrs_schema_full.json
OpenMRS,diagnosis_attribute,value_reference,TEXT,string,False,False,diagnosis_attribute_type;encounter_diagnosis;users,,openmrs_schema_full.json
OpenMRS,diagnosis_attribute,uuid,CHAR,string,False,False,diagnosis_attribute_type;encounter_diagnosis;users,,openmrs_schema_full.json
OpenMRS,diagnosis_attribute,creator,INT,number,False,False,diagnosis_attribute_type;encounter_diagnosis;users,,openmrs_schema_full.json
OpenMRS,diagnosis_attribute,date_created,DATETIME,date,False,False,diagnosis_attribute_type;encounter_diagnosis;users,,openmrs_schema_full.json
OpenMRS,diagnosis_attribute,changed_by,INT,number,True,False,diagnosis_attribute_type;encounter_diagnosis;users,,openmrs_schema_full.json
OpenMRS,diagnosis_attribute,date_changed,DATETIME,date,True,False,diagnosis_attribute_type;encounter_diagnosis;users,,openmrs_schema_full.json
OpenMRS,diagnosis_attribute,voided,BOOLEAN,boolean,False,False,diagnosis_attribute_type;encounter_diagnosis;users,,openmrs_schema_full.json
OpenMRS,diagnosis_attribute,voided_by,INT,number,True,False,diagnosis_attribute_type;encounter_diagnosis;users,,openmrs_schema_full.json
OpenMRS,diagnosis_attribute,date_voided,DATETIME,date,True,False,diagnosis_attribute_type;encounter_diagnosis;users,,openmrs_schema_full.json
OpenMRS,diagnosis_attribute,void_reason,VARCHAR,string,True,False,diagnosis_attribute_type;encounter_diagnosis;users,,openmrs_schema_full.json
OpenMRS,diagnosis_attribute_type,diagnosis_attribute_type_id,INT,number,False,True,users,,openmrs_schema_full.json
OpenMRS,diagnosis_attribute_type,name,VARCHAR,string,False,False,users,,openmrs_schema_full.json
OpenMRS,diagnosis_attribute_type,description,VARCHAR,string,True,False,users,,openmrs_schema_full.json
OpenMRS,diagnosis_attribute_type,datatype,VARCHAR,string,True,False,users,,openmrs_schema_full.json
OpenMRS,diagnosis_attribute_type,datatype_config,TEXT,string,True,False,users,,openmrs_schema_full.json
OpenMRS,diagnosis_attribute_type,preferred_handler,VARCHAR,string,True,False,users,,openmrs_schema_full.json
OpenMRS,diagnosis_attribute_type,handler_config,TEXT,string,True,False,users,,openmrs_schema_full.json
OpenMRS,diagnosis_attribute_type,min_occurs,INT,number,False,False,users,,openmrs_schema_full.json
OpenMRS,diagnosis_attribute_type,max_occurs,INT,number,True,False,users,,openmrs_schema_full.json
OpenMRS,diagnosis_attribute_type,creator,INT,number,False,False,users,,openmrs_schema_full.json
OpenMRS,diagnosis_attribute_type,date_created,DATETIME,date,False,False,users,,openmrs_schema_full.json
OpenMRS,diagnosis_attribute_type,changed_by,INT,number,True,False,users,,openmrs_schema_full.json
OpenMRS,diagnosis_attribute_type,date_changed,DATETIME,date,True,False,users,,openmrs_schema_full.json
OpenMRS,diagnosis_attribute_type,retired,BOOLEAN,boolean,False,False,users,,openmrs_schema_full.json
OpenMRS,diagnosis_attribute_type,retired_by,INT,number,True,False,users,,openmrs_schema_full.json
OpenMRS,diagnosis_attribute_type,date_retired,DATETIME,date,True,False,users,,openmrs_schema_full.json
OpenMRS,diagnosis_attribute_type,retire_reason,VARCHAR,string,True,False,users,,openmrs_schema_full.json
OpenMRS,diagnosis_attribute_type,uuid,CHAR,string,False,False,users,,openmrs_schema_full.json
OpenMRS,drug,drug_id,INT,number,False,True,concept;users,,openmrs_schema_full.json
OpenMRS,drug,concept_id,INT,number,False,False,concept;users,,openmrs_schema_full.json
OpenMRS,drug,name,VARCHAR,string,True,False,concept;users,,openmrs_schema_full.json
OpenMRS,drug,combination,BOOLEAN,boolean,False,False,concept;users,,openmrs_schema_full.json
OpenMRS,drug,dosage_form,INT,number,True,False,concept;users,,openmrs_schema_full.json
OpenMRS,drug,maximum_daily_dose,DOUBLE,number,True,False,concept;users,,openmrs_schema_full.json
OpenMRS,drug,minimum_daily_dose,DOUBLE,number,True,False,concept;users,,openmrs_schema_full.json
OpenMRS,drug,route,INT,number,True,False,concept;users,,openmrs_schema_full.json
OpenMRS,drug,creator,INT,number,False,False,concept;users,,openmrs_schema_full.json
OpenMRS,drug,date_created,DATETIME,date,False,False,concept;users,,openmrs_schema_full.json
OpenMRS,drug,retired,BOOLEAN,boolean,False,False,concept;users,,openmrs_schema_full.json
OpenMRS,drug,changed_by,INT,number,True,False,concept;users,,openmrs_schema_full.json
OpenMRS,drug,date_changed,DATETIME,date,True,False,concept;users,,openmrs_schema_full.json
OpenMRS,drug,retired_by,INT,number,True,False,concept;users,,openmrs_schema_full.json
OpenMRS,drug,date_retired,DATETIME,date,True,False,concept;users,,openmrs_schema_full.json
OpenMRS,drug,retire_reason,VARCHAR,string,True,False,concept;users,,openmrs_schema_full.json
OpenMRS,drug,uuid,CHAR,string,False,False,concept;users,,openmrs_schema_full.json
OpenMRS,drug,strength,VARCHAR,string,True,False,concept;users,,openmrs_schema_full.json
OpenMRS,drug,dose_limit_units,INT,number,True,False,concept;users,,openmrs_schema_full.json
OpenMRS,drug,description,VARCHAR,string,True,False,concept;users,,openmrs_schema_full.json
OpenMRS,drug_ingredient,drug_id,INT,number,False,True,concept;drug,,openmrs_schema_full.json
OpenMRS,drug_ingredient,ingredient_id,INT,number,False,True,concept;drug,,openmrs_schema_full.json
OpenMRS,drug_ingredient,uuid,CHAR,string,False,False,concept;drug,,openmrs_schema_full.json
OpenMRS,drug_ingredient,strength,DOUBLE,number,True,False,concept;drug,,openmrs_schema_full.json
OpenMRS,drug_ingredient,units,INT,number,True,False,concept;drug,,openmrs_schema_full.json
OpenMRS,drug_order,order_id,INT,number,False,True,concept;drug;order_frequency;orders,,openmrs_schema_full.json
OpenMRS,drug_order,drug_inventory_id,INT,number,True,False,concept;drug;order_frequency;orders,,openmrs_schema_full.json
OpenMRS,drug_order,dose,DOUBLE,number,True,False,concept;drug;order_frequency;orders,,openmrs_schema_full.json
OpenMRS,drug_order,as_needed,BOOLEAN,boolean,True,False,concept;drug;order_frequency;orders,,openmrs_schema_full.json
OpenMRS,drug_order,dosing_type,VARCHAR,string,True,False,concept;drug;order_frequency;orders,,openmrs_schema_full.json
OpenMRS,drug_order,quantity,DOUBLE,number,True,False,concept;drug;order_frequency;orders,,openmrs_schema_full.json
OpenMRS,drug_order,as_needed_condition,VARCHAR,string,True,False,concept;drug;order_frequency;orders,,openmrs_schema_full.json
OpenMRS,drug_order,num_refills,INT,number,True,False,concept;drug;order_frequency;orders,,openmrs_schema_full.json
OpenMRS,drug_order,dosing_instructions,TEXT,string,True,False,concept;drug;order_frequency;orders,,openmrs_schema_full.json
OpenMRS,drug_order,duration,INT,number,True,False,concept;drug;order_frequency;orders,,openmrs_schema_full.json
OpenMRS,drug_order,duration_units,INT,number,True,False,concept;drug;order_frequency;orders,,openmrs_schema_full.json
OpenMRS,drug_order,quantity_units,INT,number,True,False,concept;drug;order_frequency;orders,,openmrs_schema_full.json
OpenMRS,drug_order,route,INT,number,True,False,concept;drug;order_frequency;orders,,openmrs_schema_full.json
OpenMRS,drug_order,dose_units,INT,number,True,False,concept;drug;order_frequency;orders,,openmrs_schema_full.json
OpenMRS,drug_order,frequency,INT,number,True,False,concept;drug;order_frequency;orders,,openmrs_schema_full.json
OpenMRS,drug_order,brand_name,VARCHAR,string,True,False,concept;drug;order_frequency;orders,,openmrs_schema_full.json
OpenMRS,drug_order,dispense_as_written,BOOLEAN,boolean,False,False,concept;drug;order_frequency;orders,,openmrs_schema_full.json
OpenMRS,drug_order,drug_non_coded,VARCHAR,string,True,False,concept;drug;order_frequency;orders,,openmrs_schema_full.json
OpenMRS,drug_reference_map,drug_reference_map_id,INT,number,False,True,concept_map_type;concept_reference_term;drug;users,,openmrs_schema_full.json
OpenMRS,drug_reference_map,drug_id,INT,number,False,False,concept_map_type;concept_reference_term;drug;users,,openmrs_schema_full.json
OpenMRS,drug_reference_map,term_id,INT,number,False,False,concept_map_type;concept_reference_term;drug;users,,openmrs_schema_full.json
OpenMRS,drug_reference_map,concept_map_type,INT,number,False,False,concept_map_type;concept_reference_term;drug;users,,openmrs_schema_full.json
OpenMRS,drug_reference_map,creator,INT,number,False,False,concept_map_type;concept_reference_term;drug;users,,openmrs_schema_full.json
OpenMRS,drug_reference_map,date_created,DATETIME,date,False,False,concept_map_type;concept_reference_term;drug;users,,openmrs_schema_full.json
OpenMRS,drug_reference_map,retired,BOOLEAN,boolean,False,False,concept_map_type;concept_reference_term;drug;users,,openmrs_schema_full.json
OpenMRS,drug_reference_map,retired_by,INT,number,True,False,concept_map_type;concept_reference_term;drug;users,,openmrs_schema_full.json
OpenMRS,drug_reference_map,date_retired,DATETIME,date,True,False,concept_map_type;concept_reference_term;drug;users,,openmrs_schema_full.json
OpenMRS,drug_reference_map,retire_reason,VARCHAR,string,True,False,concept_map_type;concept_reference_term;drug;users,,openmrs_schema_full.json
OpenMRS,drug_reference_map,changed_by,INT,number,True,False,concept_map_type;concept_reference_term;drug;users,,openmrs_schema_full.json
OpenMRS,drug_reference_map,date_changed,DATETIME,date,True,False,concept_map_type;concept_reference_term;drug;users,,openmrs_schema_full.json
OpenMRS,drug_reference_map,uuid,CHAR,string,False,False,concept_map_type;concept_reference_term;drug;users,,openmrs_schema_full.json
OpenMRS,encounter,encounter_id,INT,number,False,True,encounter_type;form;location;patient;users;visit,,openmrs_schema_full.json
OpenMRS,encounter,encounter_type,INT,number,False,False,encounter_type;form;location;patient;users;visit,,openmrs_schema_full.json
OpenMRS,encounter,patient_id,INT,number,False,False,encounter_type;form;location;patient;users;visit,,openmrs_schema_full.json
OpenMRS,encounter,location_id,INT,number,True,False,encounter_type;form;location;patient;users;visit,,openmrs_schema_full.json
OpenMRS,encounter,form_id,INT,number,True,False,encounter_type;form;location;patient;users;visit,,openmrs_schema_full.json
OpenMRS,encounter,encounter_datetime,DATETIME,date,False,False,encounter_type;form;location;patient;users;visit,,openmrs_schema_full.json
OpenMRS,encounter,creator,INT,number,False,False,encounter_type;form;location;patient;users;visit,,openmrs_schema_full.json
OpenMRS,encounter,date_created,DATETIME,date,False,False,encounter_type;form;location;patient;users;visit,,openmrs_schema_full.json
OpenMRS,encounter,voided,BOOLEAN,boolean,False,False,encounter_type;form;location;patient;users;visit,,openmrs_schema_full.json
OpenMRS,encounter,voided_by,INT,number,True,False,encounter_type;form;location;patient;users;visit,,openmrs_schema_full.json
OpenMRS,encounter,date_voided,DATETIME,date,True,False,encounter_type;form;location;patient;users;visit,,openmrs_schema_full.json
OpenMRS,encounter,void_reason,VARCHAR,string,True,False,encounter_type;form;location;patient;users;visit,,openmrs_schema_full.json
OpenMRS,encounter,changed_by,INT,number,True,False,encounter_type;form;location;patient;users;visit,,openmrs_schema_full.json
OpenMRS,encounter,date_changed,DATETIME,date,True,False,encounter_type;form;location;patient;users;visit,,openmrs_schema_full.json
OpenMRS,encounter,visit_id,INT,number,True,False,encounter_type;form;location;patient;users;visit,,openmrs_schema_full.json
OpenMRS,encounter,uuid,CHAR,string,False,False,encounter_type;form;location;patient;users;visit,,openmrs_schema_full.json
OpenMRS,encounter_diagnosis,diagnosis_id,INT,number,False,True,concept;concept_name;conditions;encounter;patient;users,,openmrs_schema_full.json
OpenMRS,encounter_diagnosis,diagnosis_coded,INT,number,True,False,concept;concept_name;conditions;encounter;patient;users,,openmrs_schema_full.json
OpenMRS,encounter_diagnosis,diagnosis_non_coded,VARCHAR,string,True,False,concept;concept_name;conditions;encounter;patient;users,,openmrs_schema_full.json
OpenMRS,encounter_diagnosis,diagnosis_coded_name,INT,number,True,False,concept;concept_name;conditions;encounter;patient;users,,openmrs_schema_full.json
OpenMRS,encounter_diagnosis,encounter_id,INT,number,False,False,concept;concept_name;conditions;encounter;patient;users,,openmrs_schema_full.json
OpenMRS,encounter_diagnosis,patient_id,INT,number,False,False,concept;concept_name;conditions;encounter;patient;users,,openmrs_schema_full.json
OpenMRS,encounter_diagnosis,condition_id,INT,number,True,False,concept;concept_name;conditions;encounter;patient;users,,openmrs_schema_full.json
OpenMRS,encounter_diagnosis,certainty,VARCHAR,string,False,False,concept;concept_name;conditions;encounter;patient;users,,openmrs_schema_full.json
OpenMRS,encounter_diagnosis,dx_rank,INT,number,False,False,concept;concept_name;conditions;encounter;patient;users,,openmrs_schema_full.json
OpenMRS,encounter_diagnosis,uuid,CHAR,string,False,False,concept;concept_name;conditions;encounter;patient;users,,openmrs_schema_full.json
OpenMRS,encounter_diagnosis,creator,INT,number,False,False,concept;concept_name;conditions;encounter;patient;users,,openmrs_schema_full.json
OpenMRS,encounter_diagnosis,date_created,DATETIME,date,False,False,concept;concept_name;conditions;encounter;patient;users,,openmrs_schema_full.json
OpenMRS,encounter_diagnosis,changed_by,INT,number,True,False,concept;concept_name;conditions;encounter;patient;users,,openmrs_schema_full.json
OpenMRS,encounter_diagnosis,date_changed,DATETIME,date,True,False,concept;concept_name;conditions;encounter;patient;users,,openmrs_schema_full.json
OpenMRS,encounter_diagnosis,voided,BOOLEAN,boolean,False,False,concept;concept_name;conditions;encounter;patient;users,,openmrs_schema_full.json
OpenMRS,encounter_diagnosis,voided_by,INT,number,True,False,concept;concept_name;conditions;encounter;patient;users,,openmrs_schema_full.json
OpenMRS,encounter_diagnosis,date_voided,DATETIME,date,True,False,concept;concept_name;conditions;encounter;patient;users,,openmrs_schema_full.json
OpenMRS,encounter_diagnosis,void_reason,VARCHAR,string,True,False,concept;concept_name;conditions;encounter;patient;users,,openmrs_schema_full.json
OpenMRS,encounter_diagnosis,form_namespace_and_path,VARCHAR,string,True,False,concept;concept_name;conditions;encounter;patient;users,,openmrs_schema_full.json
OpenMRS,encounter_provider,encounter_provider_id,INT,number,False,True,encounter;encounter_role;provider;users,,openmrs_schema_full.json
OpenMRS,encounter_provider,encounter_id,INT,number,False,False,encounter;encounter_role;provider;users,,openmrs_schema_full.json
OpenMRS,encounter_provider,provider_id,INT,number,False,False,encounter;encounter_role;provider;users,,openmrs_schema_full.json
OpenMRS,encounter_provider,encounter_role_id,INT,number,False,False,encounter;encounter_role;provider;users,,openmrs_schema_full.json
OpenMRS,encounter_provider,creator,INT,number,False,False,encounter;encounter_role;provider;users,,openmrs_schema_full.json
OpenMRS,encounter_provider,date_created,DATETIME,date,False,False,encounter;encounter_role;provider;users,,openmrs_schema_full.json
OpenMRS,encounter_provider,changed_by,INT,number,True,False,encounter;encounter_role;provider;users,,openmrs_schema_full.json
OpenMRS,encounter_provider,date_changed,DATETIME,date,True,False,encounter;encounter_role;provider;users,,openmrs_schema_full.json
OpenMRS,encounter_provider,voided,BOOLEAN,boolean,False,False,encounter;encounter_role;provider;users,,openmrs_schema_full.json
OpenMRS,encounter_provider,date_voided,DATETIME,date,True,False,encounter;encounter_role;provider;users,,openmrs_schema_full.json
OpenMRS,encounter_provider,voided_by,INT,number,True,False,encounter;encounter_role;provider;users,,openmrs_schema_full.json
OpenMRS,encounter_provider,void_reason,VARCHAR,string,True,False,encounter;encounter_role;provider;users,,openmrs_schema_full.json
OpenMRS,encounter_provider,uuid,CHAR,string,False,False,encounter;encounter_role;provider;users,,openmrs_schema_full.json
OpenMRS,encounter_role,encounter_role_id,INT,number,False,True,users,,openmrs_schema_full.json
OpenMRS,encounter_role,name,VARCHAR,string,False,False,users,,openmrs_schema_full.json
OpenMRS,encounter_role,description,VARCHAR,string,True,False,users,,openmrs_schema_full.json
OpenMRS,encounter_role,creator,INT,number,False,False,users,,openmrs_schema_full.json
OpenMRS,encounter_role,date_created,DATETIME,date,False,False,users,,openmrs_schema_full.json
OpenMRS,encounter_role,changed_by,INT,number,True,False,users,,openmrs_schema_full.json
OpenMRS,encounter_role,date_changed,DATETIME,date,True,False,users,,openmrs_schema_full.json
OpenMRS,encounter_role,retired,BOOLEAN,boolean,False,False,users,,openmrs_schema_full.json
OpenMRS,encounter_role,retired_by,INT,number,True,False,users,,openmrs_schema_full.json
OpenMRS,encounter_role,date_retired,DATETIME,date,True,False,users,,openmrs_schema_full.json
OpenMRS,encounter_role,retire_reason,VARCHAR,string,True,False,users,,openmrs_schema_full.json
OpenMRS,encounter_role,uuid,CHAR,string,False,False,users,,openmrs_schema_full.json
OpenMRS,encounter_type,encounter_type_id,INT,number,False,True,privilege;users,,openmrs_schema_full.json
OpenMRS,encounter_type,name,VARCHAR,string,False,False,privilege;users,,openmrs_schema_full.json
OpenMRS,encounter_type,description,TEXT,string,True,False,privilege;users,,openmrs_schema_full.json
OpenMRS,encounter_type,creator,INT,number,False,False,privilege;users,,openmrs_schema_full.json
OpenMRS,encounter_type,date_created,DATETIME,date,False,False,privilege;users,,openmrs_schema_full.json
OpenMRS,encounter_type,retired,BOOLEAN,boolean,False,False,privilege;users,,openmrs_schema_full.json
OpenMRS,encounter_type,retired_by,INT,number,True,False,privilege;users,,openmrs_schema_full.json
OpenMRS,encounter_type,date_retired,DATETIME,date,True,False,privilege;users,,openmrs_schema_full.json
OpenMRS,encounter_type,retire_reason,VARCHAR,string,True,False,privilege;users,,openmrs_schema_full.json
OpenMRS,encounter_type,uuid,CHAR,string,False,False,privilege;users,,openmrs_schema_full.json
OpenMRS,encounter_type,edit_privilege,VARCHAR,string,True,False,privilege;users,,openmrs_schema_full.json
OpenMRS,encounter_type,view_privilege,VARCHAR,string,True,False,privilege;users,,openmrs_schema_full.json
OpenMRS,encounter_type,changed_by,INT,number,True,False,privilege;users,,openmrs_schema_full.json
OpenMRS,encounter_type,date_changed,DATETIME,date,True,False,privilege;users,,openmrs_schema_full.json
OpenMRS,field,field_id,INT,number,False,True,concept;field_type;users,,openmrs_schema_full.json
OpenMRS,field,name,VARCHAR,string,False,False,concept;field_type;users,,openmrs_schema_full.json
OpenMRS,field,description,TEXT,string,True,False,concept;field_type;users,,openmrs_schema_full.json
OpenMRS,field,field_type,INT,number,True,False,concept;field_type;users,,openmrs_schema_full.json
OpenMRS,field,concept_id,INT,number,True,False,concept;field_type;users,,openmrs_schema_full.json
OpenMRS,field,table_name,VARCHAR,string,True,False,concept;field_type;users,,openmrs_schema_full.json
OpenMRS,field,attribute_name,VARCHAR,string,True,False,concept;field_type;users,,openmrs_schema_full.json
OpenMRS,field,default_value,TEXT,string,True,False,concept;field_type;users,,openmrs_schema_full.json
OpenMRS,field,select_multiple,BOOLEAN,boolean,False,False,concept;field_type;users,,openmrs_schema_full.json
OpenMRS,field,creator,INT,number,False,False,concept;field_type;users,,openmrs_schema_full.json
OpenMRS,field,date_created,DATETIME,date,False,False,concept;field_type;users,,openmrs_schema_full.json
OpenMRS,field,changed_by,INT,number,True,False,concept;field_type;users,,openmrs_schema_full.json
OpenMRS,field,date_changed,DATETIME,date,True,False,concept;field_type;users,,openmrs_schema_full.json
OpenMRS,field,retired,BOOLEAN,boolean,False,False,concept;field_type;users,,openmrs_schema_full.json
OpenMRS,field,retired_by,INT,number,True,False,concept;field_type;users,,openmrs_schema_full.json
OpenMRS,field,date_retired,DATETIME,date,True,False,concept;field_type;users,,openmrs_schema_full.json
OpenMRS,field,retire_reason,VARCHAR,string,True,False,concept;field_type;users,,openmrs_schema_full.json
OpenMRS,field,uuid,CHAR,string,False,False,concept;field_type;users,,openmrs_schema_full.json
OpenMRS,field_answer,field_id,INT,number,False,True,concept;field;users,,openmrs_schema_full.json
OpenMRS,field_answer,answer_id,INT,number,False,True,concept;field;users,,openmrs_schema_full.json
OpenMRS,field_answer,creator,INT,number,False,False,concept;field;users,,openmrs_schema_full.json
OpenMRS,field_answer,date_created,DATETIME,date,False,False,concept;field;users,,openmrs_schema_full.json
OpenMRS,field_answer,uuid,CHAR,string,False,False,concept;field;users,,openmrs_schema_full.json
OpenMRS,field_type,field_type_id,INT,number,False,True,users,,openmrs_schema_full.json
OpenMRS,field_type,name,VARCHAR,string,True,False,users,,openmrs_schema_full.json
OpenMRS,field_type,description,TEXT,string,True,False,users,,openmrs_schema_full.json
OpenMRS,field_type,is_set,BOOLEAN,boolean,False,False,users,,openmrs_schema_full.json
OpenMRS,field_type,creator,INT,number,False,False,users,,openmrs_schema_full.json
OpenMRS,field_type,date_created,DATETIME,date,False,False,users,,openmrs_schema_full.json
OpenMRS,field_type,uuid,CHAR,string,False,False,users,,openmrs_schema_full.json
OpenMRS,form,form_id,INT,number,False,True,encounter_type;users,,openmrs_schema_full.json
OpenMRS,form,name,VARCHAR,string,False,False,encounter_type;users,,openmrs_schema_full.json
OpenMRS,form,version,VARCHAR,string,False,False,encounter_type;users,,openmrs_schema_full.json
OpenMRS,form,build,INT,number,True,False,encounter_type;users,,openmrs_schema_full.json
OpenMRS,form,published,BOOLEAN,boolean,False,False,encounter_type;users,,openmrs_schema_full.json
OpenMRS,form,xslt,TEXT,string,True,False,encounter_type;users,,openmrs_schema_full.json
OpenMRS,form,template,TEXT,string,True,False,encounter_type;users,,openmrs_schema_full.json
OpenMRS,form,description,TEXT,string,True,False,encounter_type;users,,openmrs_schema_full.json
OpenMRS,form,encounter_type,INT,number,True,False,encounter_type;users,,openmrs_schema_full.json
OpenMRS,form,creator,INT,number,False,False,encounter_type;users,,openmrs_schema_full.json
OpenMRS,form,date_created,DATETIME,date,False,False,encounter_type;users,,openmrs_schema_full.json
OpenMRS,form,changed_by,INT,number,True,False,encounter_type;users,,openmrs_schema_full.json
OpenMRS,form,date_changed,DATETIME,date,True,False,encounter_type;users,,openmrs_schema_full.json
OpenMRS,form,retired,BOOLEAN,boolean,False,False,encounter_type;users,,openmrs_schema_full.json
OpenMRS,form,retired_by,INT,number,True,False,encounter_type;users,,openmrs_schema_full.json
OpenMRS,form,date_retired,DATETIME,date,True,False,encounter_type;users,,openmrs_schema_full.json
OpenMRS,form,retired_reason,VARCHAR,string,True,False,encounter_type;users,,openmrs_schema_full.json
OpenMRS,form,uuid,CHAR,string,False,False,encounter_type;users,,openmrs_schema_full.json
OpenMRS,form_field,form_field_id,INT,number,False,True,field;form;form_field;users,,openmrs_schema_full.json
OpenMRS,form_field,form_id,INT,number,False,False,field;form;form_field;users,,openmrs_schema_full.json
OpenMRS,form_field,field_id,INT,number,False,False,field;form;form_field;users,,openmrs_schema_full.json
OpenMRS,form_field,field_number,INT,number,True,False,field;form;form_field;users,,openmrs_schema_full.json
OpenMRS,form_field,field_part,VARCHAR,string,True,False,field;form;form_field;users,,openmrs_schema_full.json
OpenMRS,form_field,page_number,INT,number,True,False,field;form;form_field;users,,openmrs_schema_full.json
OpenMRS,form_field,parent_form_field,INT,number,True,False,field;form;form_field;users,,openmrs_schema_full.json
OpenMRS,form_field,min_occurs,INT,number,True,False,field;form;form_field;users,,openmrs_schema_full.json
OpenMRS,form_field,max_occurs,INT,number,True,False,field;form;form_field;users,,openmrs_schema_full.json
OpenMRS,form_field,required,BOOLEAN,boolean,False,False,field;form;form_field;users,,openmrs_schema_full.json
OpenMRS,form_field,changed_by,INT,number,True,False,field;form;form_field;users,,openmrs_schema_full.json
OpenMRS,form_field,date_changed,DATETIME,date,True,False,field;form;form_field;users,,openmrs_schema_full.json
OpenMRS,form_field,creator,INT,number,False,False,field;form;form_field;users,,openmrs_schema_full.json
OpenMRS,form_field,date_created,DATETIME,date,False,False,field;form;form_field;users,,openmrs_schema_full.json
OpenMRS,form_field,sort_weight,FLOAT,number,True,False,field;form;form_field;users,,openmrs_schema_full.json
OpenMRS,form_field,uuid,CHAR,string,False,False,field;form;form_field;users,,openmrs_schema_full.json
OpenMRS,form_resource,form_resource_id,INT,number,False,True,form;users,,openmrs_schema_full.json
OpenMRS,form_resource,form_id,INT,number,False,False,form;users,,openmrs_schema_full.json
OpenMRS,form_resource,name,VARCHAR,string,False,False,form;users,,openmrs_schema_full.json
OpenMRS,form_resource,value_reference,TEXT,string,False,False,form;users,,openmrs_schema_full.json
OpenMRS,form_resource,datatype,VARCHAR,string,True,False,form;users,,openmrs_schema_full.json
OpenMRS,form_resource,datatype_config,TEXT,string,True,False,form;users,,openmrs_schema_full.json
OpenMRS,form_resource,preferred_handler,VARCHAR,string,True,False,form;users,,openmrs_schema_full.json
OpenMRS,form_resource,handler_config,TEXT,string,True,False,form;users,,openmrs_schema_full.json
OpenMRS,form_resource,uuid,CHAR,string,False,False,form;users,,openmrs_schema_full.json
OpenMRS,form_resource,date_changed,DATETIME,date,True,False,form;users,,openmrs_schema_full.json
OpenMRS,form_resource,changed_by,INT,number,True,False,form;users,,openmrs_schema_full.json
OpenMRS,global_property,property,VARCHAR,string,False,True,privilege;users,,openmrs_schema_full.json
OpenMRS,global_property,property_value,TEXT,string,True,False,privilege;users,,openmrs_schema_full.json
OpenMRS,global_property,description,TEXT,string,True,False,privilege;users,,openmrs_schema_full.json
OpenMRS,global_property,uuid,CHAR,string,False,False,privilege;users,,openmrs_schema_full.json
OpenMRS,global_property,datatype,VARCHAR,string,True,False,privilege;users,,openmrs_schema_full.json
OpenMRS,global_property,datatype_config,TEXT,string,True,False,privilege;users,,openmrs_schema_full.json
OpenMRS,global_property,preferred_handler,VARCHAR,string,True,False,privilege;users,,openmrs_schema_full.json
OpenMRS,global_property,handler_config,TEXT,string,True,False,privilege;users,,openmrs_schema_full.json
OpenMRS,global_property,date_changed,DATETIME,date,True,False,privilege;users,,openmrs_schema_full.json
OpenMRS,global_property,changed_by,INT,number,True,False,privilege;users,,openmrs_schema_full.json
OpenMRS,global_property,view_privilege,VARCHAR,string,True,False,privilege;users,,openmrs_schema_full.json
OpenMRS,global_property,edit_privilege,VARCHAR,string,True,False,privilege;users,,openmrs_schema_full.json
OpenMRS,global_property,delete_privilege,VARCHAR,string,True,False,privilege;users,,openmrs_schema_full.json
OpenMRS,hl7_in_archive,hl7_in_archive_id,INT,number,False,True,,,openmrs_schema_full.json
OpenMRS,hl7_in_archive,hl7_source,INT,number,False,False,,,openmrs_schema_full.json
OpenMRS,hl7_in_archive,hl7_source_key,VARCHAR,string,True,False,,,openmrs_schema_full.json
OpenMRS,hl7_in_archive,hl7_data,TEXT,string,False,False,,,openmrs_schema_full.json
OpenMRS,hl7_in_archive,date_created,DATETIME,date,False,False,,,openmrs_schema_full.json
OpenMRS,hl7_in_archive,message_state,INT,number,True,False,,,openmrs_schema_full.json
OpenMRS,hl7_in_archive,uuid,CHAR,string,False,False,,,openmrs_schema_full.json
OpenMRS,hl7_in_error,hl7_in_error_id,INT,number,False,True,,,openmrs_schema_full.json
OpenMRS,hl7_in_error,hl7_source,INT,number,False,False,,,openmrs_schema_full.json
OpenMRS,hl7_in_error,hl7_source_key,TEXT,string,True,False,,,openmrs_schema_full.json
OpenMRS,hl7_in_error,hl7_data,TEXT,string,False,False,,,openmrs_schema_full.json
OpenMRS,hl7_in_error,error,VARCHAR,string,False,False,,,openmrs_schema_full.json
OpenMRS,hl7_in_error,error_details,MEDIUMTEXT,string,True,False,,,openmrs_schema_full.json
OpenMRS,hl7_in_error,date_created,DATETIME,date,False,False,,,openmrs_schema_full.json
OpenMRS,hl7_in_error,uuid,CHAR,string,False,False,,,openmrs_schema_full.json
OpenMRS,hl7_in_queue,hl7_in_queue_id,INT,number,False,True,hl7_source,,openmrs_schema_full.json
OpenMRS,hl7_in_queue,hl7_source,INT,number,False,False,hl7_source,,openmrs_schema_full.json
OpenMRS,hl7_in_queue,hl7_source_key,TEXT,string,True,False,hl7_source,,openmrs_schema_full.json
OpenMRS,hl7_in_queue,hl7_data,TEXT,string,False,False,hl7_source,,openmrs_schema_full.json
OpenMRS,hl7_in_queue,message_state,INT,number,False,False,hl7_source,,openmrs_schema_full.json
OpenMRS,hl7_in_queue,date_processed,DATETIME,date,True,False,hl7_source,,openmrs_schema_full.json
OpenMRS,hl7_in_queue,error_msg,TEXT,string,True,False,hl7_source,,openmrs_schema_full.json
OpenMRS,hl7_in_queue,date_created,DATETIME,date,True,False,hl7_source,,openmrs_schema_full.json
OpenMRS,hl7_in_queue,uuid,CHAR,string,False,False,hl7_source,,openmrs_schema_full.json
OpenMRS,hl7_source,hl7_source_id,INT,number,False,True,users,,openmrs_schema_full.json
OpenMRS,hl7_source,name,VARCHAR,string,False,False,users,,openmrs_schema_full.json
OpenMRS,hl7_source,description,TEXT,string,True,False,users,,openmrs_schema_full.json
OpenMRS,hl7_source,creator,INT,number,False,False,users,,openmrs_schema_full.json
OpenMRS,hl7_source,date_created,DATETIME,date,False,False,users,,openmrs_schema_full.json
OpenMRS,hl7_source,uuid,CHAR,string,False,False,users,,openmrs_schema_full.json
OpenMRS,location,location_id,INT,number,False,True,concept;location;users,,openmrs_schema_full.json
OpenMRS,location,name,VARCHAR,string,False,False,concept;location;users,,openmrs_schema_full.json
OpenMRS,location,description,VARCHAR,string,True,False,concept;location;users,,openmrs_schema_full.json
OpenMRS,location,address1,VARCHAR,string,True,False,concept;location;users,,openmrs_schema_full.json
OpenMRS,location,address2,VARCHAR,string,True,False,concept;location;users,,openmrs_schema_full.json
OpenMRS,location,city_village,VARCHAR,string,True,False,concept;location;users,,openmrs_schema_full.json
OpenMRS,location,state_province,VARCHAR,string,True,False,concept;location;users,,openmrs_schema_full.json
OpenMRS,location,postal_code,VARCHAR,string,True,False,concept;location;users,,openmrs_schema_full.json
OpenMRS,location,country,VARCHAR,string,True,False,concept;location;users,,openmrs_schema_full.json
OpenMRS,location,latitude,VARCHAR,string,True,False,concept;location;users,,openmrs_schema_full.json
OpenMRS,location,longitude,VARCHAR,string,True,False,concept;location;users,,openmrs_schema_full.json
OpenMRS,location,creator,INT,number,False,False,concept;location;users,,openmrs_schema_full.json
OpenMRS,location,date_created,DATETIME,date,False,False,concept;location;users,,openmrs_schema_full.json
OpenMRS,location,county_district,VARCHAR,string,True,False,concept;location;users,,openmrs_schema_full.json
OpenMRS,location,address3,VARCHAR,string,True,False,concept;location;users,,openmrs_schema_full.json
OpenMRS,location,address4,VARCHAR,string,True,False,concept;location;users,,openmrs_schema_full.json
OpenMRS,location,address5,VARCHAR,string,True,False,concept;location;users,,openmrs_schema_full.json
OpenMRS,location,address6,VARCHAR,string,True,False,concept;location;users,,openmrs_schema_full.json
OpenMRS,location,retired,BOOLEAN,boolean,False,False,concept;location;users,,openmrs_schema_full.json
OpenMRS,location,retired_by,INT,number,True,False,concept;location;users,,openmrs_schema_full.json
OpenMRS,location,date_retired,DATETIME,date,True,False,concept;location;users,,openmrs_schema_full.json
OpenMRS,location,retire_reason,VARCHAR,string,True,False,concept;location;users,,openmrs_schema_full.json
OpenMRS,location,parent_location,INT,number,True,False,concept;location;users,,openmrs_schema_full.json
OpenMRS,location,uuid,CHAR,string,False,False,concept;location;users,,openmrs_schema_full.json
OpenMRS,location,changed_by,INT,number,True,False,concept;location;users,,openmrs_schema_full.json
OpenMRS,location,date_changed,DATETIME,date,True,False,concept;location;users,,openmrs_schema_full.json
OpenMRS,location,address7,VARCHAR,string,True,False,concept;location;users,,openmrs_schema_full.json
OpenMRS,location,address8,VARCHAR,string,True,False,concept;location;users,,openmrs_schema_full.json
OpenMRS,location,address9,VARCHAR,string,True,False,concept;location;users,,openmrs_schema_full.json
OpenMRS,location,address10,VARCHAR,string,True,False,concept;location;users,,openmrs_schema_full.json
OpenMRS,location,address11,VARCHAR,string,True,False,concept;location;users,,openmrs_schema_full.json
OpenMRS,location,address12,VARCHAR,string,True,False,concept;location;users,,openmrs_schema_full.json
OpenMRS,location,address13,VARCHAR,string,True,False,concept;location;users,,openmrs_schema_full.json
OpenMRS,location,address14,VARCHAR,string,True,False,concept;location;users,,openmrs_schema_full.json
OpenMRS,location,address15,VARCHAR,string,True,False,concept;location;users,,openmrs_schema_full.json
OpenMRS,location,location_type_concept_id,INT,number,True,False,concept;location;users,,openmrs_schema_full.json
OpenMRS,location_attribute,location_attribute_id,INT,number,False,True,location;location_attribute_type;users,,openmrs_schema_full.json
OpenMRS,location_attribute,location_id,INT,number,False,False,location;location_attribute_type;users,,openmrs_schema_full.json
OpenMRS,location_attribute,attribute_type_id,INT,number,False,False,location;location_attribute_type;users,,openmrs_schema_full.json
OpenMRS,location_attribute,value_reference,TEXT,string,False,False,location;location_attribute_type;users,,openmrs_schema_full.json
OpenMRS,location_attribute,uuid,CHAR,string,False,False,location;location_attribute_type;users,,openmrs_schema_full.json
OpenMRS,location_attribute,creator,INT,number,False,False,location;location_attribute_type;users,,openmrs_schema_full.json
OpenMRS,location_attribute,date_created,DATETIME,date,False,False,location;location_attribute_type;users,,openmrs_schema_full.json
OpenMRS,location_attribute,changed_by,INT,number,True,False,location;location_attribute_type;users,,openmrs_schema_full.json
OpenMRS,location_attribute,date_changed,DATETIME,date,True,False,location;location_attribute_type;users,,openmrs_schema_full.json
OpenMRS,location_attribute,voided,BOOLEAN,boolean,False,False,location;location_attribute_type;users,,openmrs_schema_full.json
OpenMRS,location_attribute,voided_by,INT,number,True,False,location;location_attribute_type;users,,openmrs_schema_full.json
OpenMRS,location_attribute,date_voided,DATETIME,date,True,False,location;location_attribute_type;users,,openmrs_schema_full.json
OpenMRS,location_attribute,void_reason,VARCHAR,string,True,False,location;location_attribute_type;users,,openmrs_schema_full.json
OpenMRS,location_attribute_type,location_attribute_type_id,INT,number,False,True,users,,openmrs_schema_full.json
OpenMRS,location_attribute_type,name,VARCHAR,string,False,False,users,,openmrs_schema_full.json
OpenMRS,location_attribute_type,description,VARCHAR,string,True,False,users,,openmrs_schema_full.json
OpenMRS,location_attribute_type,datatype,VARCHAR,string,True,False,users,,openmrs_schema_full.json
OpenMRS,location_attribute_type,datatype_config,TEXT,string,True,False,users,,openmrs_schema_full.json
OpenMRS,location_attribute_type,preferred_handler,VARCHAR,string,True,False,users,,openmrs_schema_full.json
OpenMRS,location_attribute_type,handler_config,TEXT,string,True,False,users,,openmrs_schema_full.json
OpenMRS,location_attribute_type,min_occurs,INT,number,False,False,users,,openmrs_schema_full.json
OpenMRS,location_attribute_type,max_occurs,INT,number,True,False,users,,openmrs_schema_full.json
OpenMRS,location_attribute_type,creator,INT,number,False,False,users,,openmrs_schema_full.json
OpenMRS,location_attribute_type,date_created,DATETIME,date,False,False,users,,openmrs_schema_full.json
OpenMRS,location_attribute_type,changed_by,INT,number,True,False,users,,openmrs_schema_full.json
OpenMRS,location_attribute_type,date_changed,DATETIME,date,True,False,users,,openmrs_schema_full.json
OpenMRS,location_attribute_type,retired,BOOLEAN,boolean,False,False,users,,openmrs_schema_full.json
OpenMRS,location_attribute_type,retired_by,INT,number,True,False,users,,openmrs_schema_full.json
OpenMRS,location_attribute_type,date_retired,DATETIME,date,True,False,users,,openmrs_schema_full.json
OpenMRS,location_attribute_type,retire_reason,VARCHAR,string,True,False,users,,openmrs_schema_full.json
OpenMRS,location_attribute_type,uuid,CHAR,string,False,False,users,,openmrs_schema_full.json
OpenMRS,location_tag,location_tag_id,INT,number,False,True,users,,openmrs_schema_full.json
OpenMRS,location_tag,name,VARCHAR,string,False,False,users,,openmrs_schema_full.json
OpenMRS,location_tag,description,VARCHAR,string,True,False,users,,openmrs_schema_full.json
OpenMRS,location_tag,creator,INT,number,False,False,users,,openmrs_schema_full.json
OpenMRS,location_tag,date_created,DATETIME,date,False,False,users,,openmrs_schema_full.json
OpenMRS,location_tag,retired,BOOLEAN,boolean,False,False,users,,openmrs_schema_full.json
OpenMRS,location_tag,retired_by,INT,number,True,False,users,,openmrs_schema_full.json
OpenMRS,location_tag,date_retired,DATETIME,date,True,False,users,,openmrs_schema_full.json
OpenMRS,location_tag,retire_reason,VARCHAR,string,True,False,users,,openmrs_schema_full.json
OpenMRS,location_tag,uuid,CHAR,string,False,False,users,,openmrs_schema_full.json
OpenMRS,location_tag,changed_by,INT,number,True,False,users,,openmrs_schema_full.json
OpenMRS,location_tag,date_changed,DATETIME,date,True,False,users,,openmrs_schema_full.json
OpenMRS,location_tag_map,location_id,INT,number,False,True,location;location_tag,,openmrs_schema_full.json
OpenMRS,location_tag_map,location_tag_id,INT,number,False,True,location;location_tag,,openmrs_schema_full.json
OpenMRS,medication_dispense,medication_dispense_id,INT,number,False,True,concept;drug;drug_order;encounter;location;order_frequency;patient;provider;users,,openmrs_schema_full.json
OpenMRS,medication_dispense,uuid,CHAR,string,False,False,concept;drug;drug_order;encounter;location;order_frequency;patient;provider;users,,openmrs_schema_full.json
OpenMRS,medication_dispense,patient_id,INT,number,False,False,concept;drug;drug_order;encounter;location;order_frequency;patient;provider;users,,openmrs_schema_full.json
OpenMRS,medication_dispense,encounter_id,INT,number,True,False,concept;drug;drug_order;encounter;location;order_frequency;patient;provider;users,,openmrs_schema_full.json
OpenMRS,medication_dispense,concept,INT,number,False,False,concept;drug;drug_order;encounter;location;order_frequency;patient;provider;users,,openmrs_schema_full.json
OpenMRS,medication_dispense,drug_id,INT,number,True,False,concept;drug;drug_order;encounter;location;order_frequency;patient;provider;users,,openmrs_schema_full.json
OpenMRS,medication_dispense,location_id,INT,number,True,False,concept;drug;drug_order;encounter;location;order_frequency;patient;provider;users,,openmrs_schema_full.json
OpenMRS,medication_dispense,dispenser,INT,number,True,False,concept;drug;drug_order;encounter;location;order_frequency;patient;provider;users,,openmrs_schema_full.json
OpenMRS,medication_dispense,drug_order_id,INT,number,True,False,concept;drug;drug_order;encounter;location;order_frequency;patient;provider;users,,openmrs_schema_full.json
OpenMRS,medication_dispense,status,INT,number,False,False,concept;drug;drug_order;encounter;location;order_frequency;patient;provider;users,,openmrs_schema_full.json
OpenMRS,medication_dispense,status_reason,INT,number,True,False,concept;drug;drug_order;encounter;location;order_frequency;patient;provider;users,,openmrs_schema_full.json
OpenMRS,medication_dispense,type,INT,number,True,False,concept;drug;drug_order;encounter;location;order_frequency;patient;provider;users,,openmrs_schema_full.json
OpenMRS,medication_dispense,quantity,DOUBLE,number,True,False,concept;drug;drug_order;encounter;location;order_frequency;patient;provider;users,,openmrs_schema_full.json
OpenMRS,medication_dispense,quantity_units,INT,number,True,False,concept;drug;drug_order;encounter;location;order_frequency;patient;provider;users,,openmrs_schema_full.json
OpenMRS,medication_dispense,dose,DOUBLE,number,True,False,concept;drug;drug_order;encounter;location;order_frequency;patient;provider;users,,openmrs_schema_full.json
OpenMRS,medication_dispense,dose_units,INT,number,True,False,concept;drug;drug_order;encounter;location;order_frequency;patient;provider;users,,openmrs_schema_full.json
OpenMRS,medication_dispense,route,INT,number,True,False,concept;drug;drug_order;encounter;location;order_frequency;patient;provider;users,,openmrs_schema_full.json
OpenMRS,medication_dispense,frequency,INT,number,True,False,concept;drug;drug_order;encounter;location;order_frequency;patient;provider;users,,openmrs_schema_full.json
OpenMRS,medication_dispense,as_needed,BOOLEAN,boolean,True,False,concept;drug;drug_order;encounter;location;order_frequency;patient;provider;users,,openmrs_schema_full.json
OpenMRS,medication_dispense,dosing_instructions,TEXT,string,True,False,concept;drug;drug_order;encounter;location;order_frequency;patient;provider;users,,openmrs_schema_full.json
OpenMRS,medication_dispense,date_prepared,DATETIME,date,True,False,concept;drug;drug_order;encounter;location;order_frequency;patient;provider;users,,openmrs_schema_full.json
OpenMRS,medication_dispense,date_handed_over,DATETIME,date,True,False,concept;drug;drug_order;encounter;location;order_frequency;patient;provider;users,,openmrs_schema_full.json
OpenMRS,medication_dispense,was_substituted,BOOLEAN,boolean,True,False,concept;drug;drug_order;encounter;location;order_frequency;patient;provider;users,,openmrs_schema_full.json
OpenMRS,medication_dispense,substitution_type,INT,number,True,False,concept;drug;drug_order;encounter;location;order_frequency;patient;provider;users,,openmrs_schema_full.json
OpenMRS,medication_dispense,substitution_reason,INT,number,True,False,concept;drug;drug_order;encounter;location;order_frequency;patient;provider;users,,openmrs_schema_full.json
OpenMRS,medication_dispense,form_namespace_and_path,VARCHAR,string,True,False,concept;drug;drug_order;encounter;location;order_frequency;patient;provider;users,,openmrs_schema_full.json
OpenMRS,medication_dispense,creator,INT,number,False,False,concept;drug;drug_order;encounter;location;order_frequency;patient;provider;users,,openmrs_schema_full.json
OpenMRS,medication_dispense,date_created,DATETIME,date,False,False,concept;drug;drug_order;encounter;location;order_frequency;patient;provider;users,,openmrs_schema_full.json
OpenMRS,medication_dispense,changed_by,INT,number,True,False,concept;drug;drug_order;encounter;location;order_frequency;patient;provider;users,,openmrs_schema_full.json
OpenMRS,medication_dispense,date_changed,DATETIME,date,True,False,concept;drug;drug_order;encounter;location;order_frequency;patient;provider;users,,openmrs_schema_full.json
OpenMRS,medication_dispense,voided,BOOLEAN,boolean,False,False,concept;drug;drug_order;encounter;location;order_frequency;patient;provider;users,,openmrs_schema_full.json
OpenMRS,medication_dispense,voided_by,INT,number,True,False,concept;drug;drug_order;encounter;location;order_frequency;patient;provider;users,,openmrs_schema_full.json
OpenMRS,medication_dispense,date_voided,DATETIME,date,True,False,concept;drug;drug_order;encounter;location;order_frequency;patient;provider;users,,openmrs_schema_full.json
OpenMRS,medication_dispense,void_reason,VARCHAR,string,True,False,concept;drug;drug_order;encounter;location;order_frequency;patient;provider;users,,openmrs_schema_full.json
OpenMRS,note,note_id,INT,number,False,True,encounter;note;obs;patient;users,,openmrs_schema_full.json
OpenMRS,note,note_type,VARCHAR,string,True,False,encounter;note;obs;patient;users,,openmrs_schema_full.json
OpenMRS,note,patient_id,INT,number,True,False,encounter;note;obs;patient;users,,openmrs_schema_full.json
OpenMRS,note,obs_id,INT,number,True,False,encounter;note;obs;patient;users,,openmrs_schema_full.json
OpenMRS,note,encounter_id,INT,number,True,False,encounter;note;obs;patient;users,,openmrs_schema_full.json
OpenMRS,note,text,TEXT,string,False,False,encounter;note;obs;patient;users,,openmrs_schema_full.json
OpenMRS,note,priority,INT,number,True,False,encounter;note;obs;patient;users,,openmrs_schema_full.json
OpenMRS,note,parent,INT,number,True,False,encounter;note;obs;patient;users,,openmrs_schema_full.json
OpenMRS,note,creator,INT,number,False,False,encounter;note;obs;patient;users,,openmrs_schema_full.json
OpenMRS,note,date_created,DATETIME,date,False,False,encounter;note;obs;patient;users,,openmrs_schema_full.json
OpenMRS,note,changed_by,INT,number,True,False,encounter;note;obs;patient;users,,openmrs_schema_full.json
OpenMRS,note,date_changed,DATETIME,date,True,False,encounter;note;obs;patient;users,,openmrs_schema_full.json
OpenMRS,note,uuid,CHAR,string,False,False,encounter;note;obs;patient;users,,openmrs_schema_full.json
OpenMRS,notification_alert,alert_id,INT,number,False,True,users,,openmrs_schema_full.json
OpenMRS,notification_alert,text,VARCHAR,string,False,False,users,,openmrs_schema_full.json
OpenMRS,notification_alert,satisfied_by_any,BOOLEAN,boolean,False,False,users,,openmrs_schema_full.json
OpenMRS,notification_alert,alert_read,BOOLEAN,boolean,False,False,users,,openmrs_schema_full.json
OpenMRS,notification_alert,date_to_expire,DATETIME,date,True,False,users,,openmrs_schema_full.json
OpenMRS,notification_alert,creator,INT,number,False,False,users,,openmrs_schema_full.json
OpenMRS,notification_alert,date_created,DATETIME,date,False,False,users,,openmrs_schema_full.json
OpenMRS,notification_alert,changed_by,INT,number,True,False,users,,openmrs_schema_full.json
OpenMRS,notification_alert,date_changed,DATETIME,date,True,False,users,,openmrs_schema_full.json
OpenMRS,notification_alert,uuid,CHAR,string,False,False,users,,openmrs_schema_full.json
OpenMRS,notification_alert_recipient,alert_id,INT,number,False,True,notification_alert;users,,openmrs_schema_full.json
OpenMRS,notification_alert_recipient,user_id,INT,number,False,True,notification_alert;users,,openmrs_schema_full.json
OpenMRS,notification_alert_recipient,alert_read,BOOLEAN,boolean,False,False,notification_alert;users,,openmrs_schema_full.json
OpenMRS,notification_alert_recipient,date_changed,TIMESTAMP,date,False,False,notification_alert;users,,openmrs_schema_full.json
OpenMRS,notification_alert_recipient,uuid,CHAR,string,False,False,notification_alert;users,,openmrs_schema_full.json
OpenMRS,notification_template,template_id,INT,number,False,True,,,openmrs_schema_full.json
OpenMRS,notification_template,name,VARCHAR,string,True,False,,,openmrs_schema_full.json
OpenMRS,notification_template,template,TEXT,string,True,False,,,openmrs_schema_full.json
OpenMRS,notification_template,subject,VARCHAR,string,True,False,,,openmrs_schema_full.json
OpenMRS,notification_template,sender,VARCHAR,string,True,False,,,openmrs_schema_full.json
OpenMRS,notification_template,recipients,VARCHAR,string,True,False,,,openmrs_schema_full.json
OpenMRS,notification_template,ordinal,INT,number,True,False,,,openmrs_schema_full.json
OpenMRS,notification_template,uuid,CHAR,string,False,False,,,openmrs_schema_full.json
OpenMRS,obs,obs_id,INT,number,False,True,concept;concept_name;drug;encounter;location;obs;orders;person;users,,openmrs_schema_full.json
OpenMRS,obs,person_id,INT,number,False,False,concept;concept_name;drug;encounter;location;obs;orders;person;users,,openmrs_schema_full.json
OpenMRS,obs,concept_id,INT,number,False,False,concept;concept_name;drug;encounter;location;obs;orders;person;users,,openmrs_schema_full.json
OpenMRS,obs,encounter_id,INT,number,True,False,concept;concept_name;drug;encounter;location;obs;orders;person;users,,openmrs_schema_full.json
OpenMRS,obs,order_id,INT,number,True,False,concept;concept_name;drug;encounter;location;obs;orders;person;users,,openmrs_schema_full.json
OpenMRS,obs,obs_datetime,DATETIME,date,False,False,concept;concept_name;drug;encounter;location;obs;orders;person;users,,openmrs_schema_full.json
OpenMRS,obs,location_id,INT,number,True,False,concept;concept_name;drug;encounter;location;obs;orders;person;users,,openmrs_schema_full.json
OpenMRS,obs,obs_group_id,INT,number,True,False,concept;concept_name;drug;encounter;location;obs;orders;person;users,,openmrs_schema_full.json
OpenMRS,obs,accession_number,VARCHAR,string,True,False,concept;concept_name;drug;encounter;location;obs;orders;person;users,,openmrs_schema_full.json
OpenMRS,obs,value_group_id,INT,number,True,False,concept;concept_name;drug;encounter;location;obs;orders;person;users,,openmrs_schema_full.json
OpenMRS,obs,value_coded,INT,number,True,False,concept;concept_name;drug;encounter;location;obs;orders;person;users,,openmrs_schema_full.json
OpenMRS,obs,value_coded_name_id,INT,number,True,False,concept;concept_name;drug;encounter;location;obs;orders;person;users,,openmrs_schema_full.json
OpenMRS,obs,value_drug,INT,number,True,False,concept;concept_name;drug;encounter;location;obs;orders;person;users,,openmrs_schema_full.json
OpenMRS,obs,value_datetime,DATETIME,date,True,False,concept;concept_name;drug;encounter;location;obs;orders;person;users,,openmrs_schema_full.json
OpenMRS,obs,value_numeric,DOUBLE,number,True,False,concept;concept_name;drug;encounter;location;obs;orders;person;users,,openmrs_schema_full.json
OpenMRS,obs,value_modifier,VARCHAR,string,True,False,concept;concept_name;drug;encounter;location;obs;orders;person;users,,openmrs_schema_full.json
OpenMRS,obs,value_text,TEXT,string,True,False,concept;concept_name;drug;encounter;location;obs;orders;person;users,,openmrs_schema_full.json
OpenMRS,obs,value_complex,VARCHAR,string,True,False,concept;concept_name;drug;encounter;location;obs;orders;person;users,,openmrs_schema_full.json
OpenMRS,obs,comments,VARCHAR,string,True,False,concept;concept_name;drug;encounter;location;obs;orders;person;users,,openmrs_schema_full.json
OpenMRS,obs,creator,INT,number,False,False,concept;concept_name;drug;encounter;location;obs;orders;person;users,,openmrs_schema_full.json
OpenMRS,obs,date_created,DATETIME,date,False,False,concept;concept_name;drug;encounter;location;obs;orders;person;users,,openmrs_schema_full.json
OpenMRS,obs,voided,BOOLEAN,boolean,False,False,concept;concept_name;drug;encounter;location;obs;orders;person;users,,openmrs_schema_full.json
OpenMRS,obs,voided_by,INT,number,True,False,concept;concept_name;drug;encounter;location;obs;orders;person;users,,openmrs_schema_full.json
OpenMRS,obs,date_voided,DATETIME,date,True,False,concept;concept_name;drug;encounter;location;obs;orders;person;users,,openmrs_schema_full.json
OpenMRS,obs,void_reason,VARCHAR,string,True,False,concept;concept_name;drug;encounter;location;obs;orders;person;users,,openmrs_schema_full.json
OpenMRS,obs,uuid,CHAR,string,False,False,concept;concept_name;drug;encounter;location;obs;orders;person;users,,openmrs_schema_full.json
OpenMRS,obs,previous_version,INT,number,True,False,concept;concept_name;drug;encounter;location;obs;orders;person;users,,openmrs_schema_full.json
OpenMRS,obs,form_namespace_and_path,VARCHAR,string,True,False,concept;concept_name;drug;encounter;location;obs;orders;person;users,,openmrs_schema_full.json
OpenMRS,obs,status,VARCHAR,string,False,False,concept;concept_name;drug;encounter;location;obs;orders;person;users,,openmrs_schema_full.json
OpenMRS,obs,interpretation,VARCHAR,string,True,False,concept;concept_name;drug;encounter;location;obs;orders;person;users,,openmrs_schema_full.json
OpenMRS,obs_reference_range,obs_reference_range_id,INT,number,False,True,obs,,openmrs_schema_full.json
OpenMRS,obs_reference_range,obs_id,INT,number,False,False,obs,,openmrs_schema_full.json
OpenMRS,obs_reference_range,hi_absolute,DOUBLE,number,True,False,obs,,openmrs_schema_full.json
OpenMRS,obs_reference_range,hi_critical,DOUBLE,number,True,False,obs,,openmrs_schema_full.json
OpenMRS,obs_reference_range,hi_normal,DOUBLE,number,True,False,obs,,openmrs_schema_full.json
OpenMRS,obs_reference_range,low_absolute,DOUBLE,number,True,False,obs,,openmrs_schema_full.json
OpenMRS,obs_reference_range,low_critical,DOUBLE,number,True,False,obs,,openmrs_schema_full.json
OpenMRS,obs_reference_range,low_normal,DOUBLE,number,True,False,obs,,openmrs_schema_full.json
OpenMRS,obs_reference_range,uuid,CHAR,string,True,False,obs,,openmrs_schema_full.json
OpenMRS,order_attribute,order_attribute_id,INT,number,False,True,order_attribute_type;orders;users,,openmrs_schema_full.json
OpenMRS,order_attribute,order_id,INT,number,False,False,order_attribute_type;orders;users,,openmrs_schema_full.json
OpenMRS,order_attribute,attribute_type_id,INT,number,False,False,order_attribute_type;orders;users,,openmrs_schema_full.json
OpenMRS,order_attribute,value_reference,TEXT,string,False,False,order_attribute_type;orders;users,,openmrs_schema_full.json
OpenMRS,order_attribute,uuid,CHAR,string,False,False,order_attribute_type;orders;users,,openmrs_schema_full.json
OpenMRS,order_attribute,creator,INT,number,False,False,order_attribute_type;orders;users,,openmrs_schema_full.json
OpenMRS,order_attribute,date_created,DATETIME,date,False,False,order_attribute_type;orders;users,,openmrs_schema_full.json
OpenMRS,order_attribute,changed_by,INT,number,True,False,order_attribute_type;orders;users,,openmrs_schema_full.json
OpenMRS,order_attribute,date_changed,DATETIME,date,True,False,order_attribute_type;orders;users,,openmrs_schema_full.json
OpenMRS,order_attribute,voided,BOOLEAN,boolean,False,False,order_attribute_type;orders;users,,openmrs_schema_full.json
OpenMRS,order_attribute,voided_by,INT,number,True,False,order_attribute_type;orders;users,,openmrs_schema_full.json
OpenMRS,order_attribute,date_voided,DATETIME,date,True,False,order_attribute_type;orders;users,,openmrs_schema_full.json
OpenMRS,order_attribute,void_reason,VARCHAR,string,True,False,order_attribute_type;orders;users,,openmrs_schema_full.json
OpenMRS,order_attribute_type,order_attribute_type_id,INT,number,False,True,users,,openmrs_schema_full.json
OpenMRS,order_attribute_type,name,VARCHAR,string,False,False,users,,openmrs_schema_full.json
OpenMRS,order_attribute_type,description,VARCHAR,string,True,False,users,,openmrs_schema_full.json
OpenMRS,order_attribute_type,datatype,VARCHAR,string,True,False,users,,openmrs_schema_full.json
OpenMRS,order_attribute_type,datatype_config,TEXT,string,True,False,users,,openmrs_schema_full.json
OpenMRS,order_attribute_type,preferred_handler,VARCHAR,string,True,False,users,,openmrs_schema_full.json
OpenMRS,order_attribute_type,handler_config,TEXT,string,True,False,users,,openmrs_schema_full.json
OpenMRS,order_attribute_type,min_occurs,INT,number,False,False,users,,openmrs_schema_full.json
OpenMRS,order_attribute_type,max_occurs,INT,number,True,False,users,,openmrs_schema_full.json
OpenMRS,order_attribute_type,creator,INT,number,False,False,users,,openmrs_schema_full.json
OpenMRS,order_attribute_type,date_created,DATETIME,date,False,False,users,,openmrs_schema_full.json
OpenMRS,order_attribute_type,changed_by,INT,number,True,False,users,,openmrs_schema_full.json
OpenMRS,order_attribute_type,date_changed,DATETIME,date,True,False,users,,openmrs_schema_full.json
OpenMRS,order_attribute_type,retired,BOOLEAN,boolean,False,False,users,,openmrs_schema_full.json
OpenMRS,order_attribute_type,retired_by,INT,number,True,False,users,,openmrs_schema_full.json
OpenMRS,order_attribute_type,date_retired,DATETIME,date,True,False,users,,openmrs_schema_full.json
OpenMRS,order_attribute_type,retire_reason,VARCHAR,string,True,False,users,,openmrs_schema_full.json
OpenMRS,order_attribute_type,uuid,CHAR,string,False,False,users,,openmrs_schema_full.json
OpenMRS,order_frequency,order_frequency_id,INT,number,False,True,concept;users,,openmrs_schema_full.json
OpenMRS,order_frequency,concept_id,INT,number,False,False,concept;users,,openmrs_schema_full.json
OpenMRS,order_frequency,frequency_per_day,DOUBLE,number,True,False,concept;users,,openmrs_schema_full.json
OpenMRS,order_frequency,creator,INT,number,False,False,concept;users,,openmrs_schema_full.json
OpenMRS,order_frequency,date_created,DATETIME,date,False,False,concept;users,,openmrs_schema_full.json
OpenMRS,order_frequency,retired,BOOLEAN,boolean,False,False,concept;users,,openmrs_schema_full.json
OpenMRS,order_frequency,retired_by,INT,number,True,False,concept;users,,openmrs_schema_full.json
OpenMRS,order_frequency,date_retired,DATETIME,date,True,False,concept;users,,openmrs_schema_full.json
OpenMRS,order_frequency,retire_reason,VARCHAR,string,True,False,concept;users,,openmrs_schema_full.json
OpenMRS,order_frequency,changed_by,INT,number,True,False,concept;users,,openmrs_schema_full.json
OpenMRS,order_frequency,date_changed,DATETIME,date,True,False,concept;users,,openmrs_schema_full.json
OpenMRS,order_frequency,uuid,CHAR,string,False,False,concept;users,,openmrs_schema_full.json
OpenMRS,order_group,order_group_id,INT,number,False,True,concept;encounter;order_group;order_set;patient;users,,openmrs_schema_full.json
OpenMRS,order_group,order_set_id,INT,number,True,False,concept;encounter;order_group;order_set;patient;users,,openmrs_schema_full.json
OpenMRS,order_group,patient_id,INT,number,False,False,concept;encounter;order_group;order_set;patient;users,,openmrs_schema_full.json
OpenMRS,order_group,encounter_id,INT,number,False,False,concept;encounter;order_group;order_set;patient;users,,openmrs_schema_full.json
OpenMRS,order_group,creator,INT,number,False,False,concept;encounter;order_group;order_set;patient;users,,openmrs_schema_full.json
OpenMRS,order_group,date_created,DATETIME,date,False,False,concept;encounter;order_group;order_set;patient;users,,openmrs_schema_full.json
OpenMRS,order_group,voided,BOOLEAN,boolean,False,False,concept;encounter;order_group;order_set;patient;users,,openmrs_schema_full.json
OpenMRS,order_group,voided_by,INT,number,True,False,concept;encounter;order_group;order_set;patient;users,,openmrs_schema_full.json
OpenMRS,order_group,date_voided,DATETIME,date,True,False,concept;encounter;order_group;order_set;patient;users,,openmrs_schema_full.json
OpenMRS,order_group,void_reason,VARCHAR,string,True,False,concept;encounter;order_group;order_set;patient;users,,openmrs_schema_full.json
OpenMRS,order_group,changed_by,INT,number,True,False,concept;encounter;order_group;order_set;patient;users,,openmrs_schema_full.json
OpenMRS,order_group,date_changed,DATETIME,date,True,False,concept;encounter;order_group;order_set;patient;users,,openmrs_schema_full.json
OpenMRS,order_group,uuid,CHAR,string,False,False,concept;encounter;order_group;order_set;patient;users,,openmrs_schema_full.json
OpenMRS,order_group,order_group_reason,INT,number,True,False,concept;encounter;order_group;order_set;patient;users,,openmrs_schema_full.json
OpenMRS,order_group,parent_order_group,INT,number,True,False,concept;encounter;order_group;order_set;patient;users,,openmrs_schema_full.json
OpenMRS,order_group,previous_order_group,INT,number,True,False,concept;encounter;order_group;order_set;patient;users,,openmrs_schema_full.json
OpenMRS,order_group_attribute,order_group_attribute_id,INT,number,False,True,order_group;order_group_attribute_type;users,,openmrs_schema_full.json
OpenMRS,order_group_attribute,order_group_id,INT,number,False,False,order_group;order_group_attribute_type;users,,openmrs_schema_full.json
OpenMRS,order_group_attribute,attribute_type_id,INT,number,False,False,order_group;order_group_attribute_type;users,,openmrs_schema_full.json
OpenMRS,order_group_attribute,value_reference,TEXT,string,False,False,order_group;order_group_attribute_type;users,,openmrs_schema_full.json
OpenMRS,order_group_attribute,uuid,CHAR,string,False,False,order_group;order_group_attribute_type;users,,openmrs_schema_full.json
OpenMRS,order_group_attribute,creator,INT,number,False,False,order_group;order_group_attribute_type;users,,openmrs_schema_full.json
OpenMRS,order_group_attribute,date_created,DATETIME,date,False,False,order_group;order_group_attribute_type;users,,openmrs_schema_full.json
OpenMRS,order_group_attribute,changed_by,INT,number,True,False,order_group;order_group_attribute_type;users,,openmrs_schema_full.json
OpenMRS,order_group_attribute,date_changed,DATETIME,date,True,False,order_group;order_group_attribute_type;users,,openmrs_schema_full.json
OpenMRS,order_group_attribute,voided,BOOLEAN,boolean,False,False,order_group;order_group_attribute_type;users,,openmrs_schema_full.json
OpenMRS,order_group_attribute,voided_by,INT,number,True,False,order_group;order_group_attribute_type;users,,openmrs_schema_full.json
OpenMRS,order_group_attribute,date_voided,DATETIME,date,True,False,order_group;order_group_attribute_type;users,,openmrs_schema_full.json
OpenMRS,order_group_attribute,void_reason,VARCHAR,string,True,False,order_group;order_group_attribute_type;users,,openmrs_schema_full.json
OpenMRS,order_group_attribute_type,order_group_attribute_type_id,INT,number,False,True,users,,openmrs_schema_full.json
OpenMRS,order_group_attribute_type,name,VARCHAR,string,False,False,users,,openmrs_schema_full.json
OpenMRS,order_group_attribute_type,description,VARCHAR,string,True,False,users,,openmrs_schema_full.json
OpenMRS,order_group_attribute_type,datatype,VARCHAR,string,True,False,users,,openmrs_schema_full.json
OpenMRS,order_group_attribute_type,datatype_config,TEXT,string,True,False,users,,openmrs_schema_full.json
OpenMRS,order_group_attribute_type,preferred_handler,VARCHAR,string,True,False,users,,openmrs_schema_full.json
OpenMRS,order_group_attribute_type,handler_config,TEXT,string,True,False,users,,openmrs_schema_full.json
OpenMRS,order_group_attribute_type,min_occurs,INT,number,False,False,users,,openmrs_schema_full.json
OpenMRS,order_group_attribute_type,max_occurs,INT,number,True,False,users,,openmrs_schema_full.json
OpenMRS,order_group_attribute_type,creator,INT,number,False,False,users,,openmrs_schema_full.json
OpenMRS,order_group_attribute_type,date_created,DATETIME,date,False,False,users,,openmrs_schema_full.json
OpenMRS,order_group_attribute_type,changed_by,INT,number,True,False,users,,openmrs_schema_full.json
OpenMRS,order_group_attribute_type,date_changed,DATETIME,date,True,False,users,,openmrs_schema_full.json
OpenMRS,order_group_attribute_type,retired,BOOLEAN,boolean,False,False,users,,openmrs_schema_full.json
OpenMRS,order_group_attribute_type,retired_by,INT,number,True,False,users,,openmrs_schema_full.json
OpenMRS,order_group_attribute_type,date_retired,DATETIME,date,True,False,users,,openmrs_schema_full.json
OpenMRS,order_group_attribute_type,retire_reason,VARCHAR,string,True,False,users,,openmrs_schema_full.json
OpenMRS,order_group_attribute_type,uuid,CHAR,string,False,False,users,,openmrs_schema_full.json
OpenMRS,order_set,order_set_id,INT,number,False,True,concept;users,,openmrs_schema_full.json
OpenMRS,order_set,operator,VARCHAR,string,False,False,concept;users,,openmrs_schema_full.json
OpenMRS,order_set,name,VARCHAR,string,False,False,concept;users,,openmrs_schema_full.json
OpenMRS,order_set,description,VARCHAR,string,True,False,concept;users,,openmrs_schema_full.json
OpenMRS,order_set,creator,INT,number,False,False,concept;users,,openmrs_schema_full.json
OpenMRS,order_set,date_created,DATETIME,date,False,False,concept;users,,openmrs_schema_full.json
OpenMRS,order_set,retired,BOOLEAN,boolean,False,False,concept;users,,openmrs_schema_full.json
OpenMRS,order_set,retired_by,INT,number,True,False,concept;users,,openmrs_schema_full.json
OpenMRS,order_set,date_retired,DATETIME,date,True,False,concept;users,,openmrs_schema_full.json
OpenMRS,order_set,retire_reason,VARCHAR,string,True,False,concept;users,,openmrs_schema_full.json
OpenMRS,order_set,changed_by,INT,number,True,False,concept;users,,openmrs_schema_full.json
OpenMRS,order_set,date_changed,DATETIME,date,True,False,concept;users,,openmrs_schema_full.json
OpenMRS,order_set,uuid,CHAR,string,False,False,concept;users,,openmrs_schema_full.json
OpenMRS,order_set,category,INT,number,True,False,concept;users,,openmrs_schema_full.json
OpenMRS,order_set_attribute,order_set_attribute_id,INT,number,False,True,order_set;order_set_attribute_type;users,,openmrs_schema_full.json
OpenMRS,order_set_attribute,order_set_id,INT,number,False,False,order_set;order_set_attribute_type;users,,openmrs_schema_full.json
OpenMRS,order_set_attribute,attribute_type_id,INT,number,False,False,order_set;order_set_attribute_type;users,,openmrs_schema_full.json
OpenMRS,order_set_attribute,value_reference,TEXT,string,False,False,order_set;order_set_attribute_type;users,,openmrs_schema_full.json
OpenMRS,order_set_attribute,uuid,CHAR,string,False,False,order_set;order_set_attribute_type;users,,openmrs_schema_full.json
OpenMRS,order_set_attribute,creator,INT,number,False,False,order_set;order_set_attribute_type;users,,openmrs_schema_full.json
OpenMRS,order_set_attribute,date_created,DATETIME,date,False,False,order_set;order_set_attribute_type;users,,openmrs_schema_full.json
OpenMRS,order_set_attribute,changed_by,INT,number,True,False,order_set;order_set_attribute_type;users,,openmrs_schema_full.json
OpenMRS,order_set_attribute,date_changed,DATETIME,date,True,False,order_set;order_set_attribute_type;users,,openmrs_schema_full.json
OpenMRS,order_set_attribute,voided,BOOLEAN,boolean,False,False,order_set;order_set_attribute_type;users,,openmrs_schema_full.json
OpenMRS,order_set_attribute,voided_by,INT,number,True,False,order_set;order_set_attribute_type;users,,openmrs_schema_full.json
OpenMRS,order_set_attribute,date_voided,DATETIME,date,True,False,order_set;order_set_attribute_type;users,,openmrs_schema_full.json
OpenMRS,order_set_attribute,void_reason,VARCHAR,string,True,False,order_set;order_set_attribute_type;users,,openmrs_schema_full.json
OpenMRS,order_set_attribute_type,order_set_attribute_type_id,INT,number,False,True,users,,openmrs_schema_full.json
OpenMRS,order_set_attribute_type,name,VARCHAR,string,False,False,users,,openmrs_schema_full.json
OpenMRS,order_set_attribute_type,description,VARCHAR,string,True,False,users,,openmrs_schema_full.json
OpenMRS,order_set_attribute_type,datatype,VARCHAR,string,True,False,users,,openmrs_schema_full.json
OpenMRS,order_set_attribute_type,datatype_config,TEXT,string,True,False,users,,openmrs_schema_full.json
OpenMRS,order_set_attribute_type,preferred_handler,VARCHAR,string,True,False,users,,openmrs_schema_full.json
OpenMRS,order_set_attribute_type,handler_config,TEXT,string,True,False,users,,openmrs_schema_full.json
OpenMRS,order_set_attribute_type,min_occurs,INT,number,False,False,users,,openmrs_schema_full.json
OpenMRS,order_set_attribute_type,max_occurs,INT,number,True,False,users,,openmrs_schema_full.json
OpenMRS,order_set_attribute_type,creator,INT,number,False,False,users,,openmrs_schema_full.json
OpenMRS,order_set_attribute_type,date_created,DATETIME,date,False,False,users,,openmrs_schema_full.json
OpenMRS,order_set_attribute_type,changed_by,INT,number,True,False,users,,openmrs_schema_full.json
OpenMRS,order_set_attribute_type,date_changed,DATETIME,date,True,False,users,,openmrs_schema_full.json
OpenMRS,order_set_attribute_type,retired,BOOLEAN,boolean,False,False,users,,openmrs_schema_full.json
OpenMRS,order_set_attribute_type,retired_by,INT,number,True,False,users,,openmrs_schema_full.json
OpenMRS,order_set_attribute_type,date_retired,DATETIME,date,True,False,users,,openmrs_schema_full.json
OpenMRS,order_set_attribute_type,retire_reason,VARCHAR,string,True,False,users,,openmrs_schema_full.json
OpenMRS,order_set_attribute_type,uuid,CHAR,string,False,False,users,,openmrs_schema_full.json
OpenMRS,order_set_member,order_set_member_id,INT,number,False,True,concept;order_set;order_type;users,,openmrs_schema_full.json
OpenMRS,order_set_member,order_type,INT,number,False,False,concept;order_set;order_type;users,,openmrs_schema_full.json
OpenMRS,order_set_member,order_template,TEXT,string,True,False,concept;order_set;order_type;users,,openmrs_schema_full.json
OpenMRS,order_set_member,order_template_type,VARCHAR,string,True,False,concept;order_set;order_type;users,,openmrs_schema_full.json
OpenMRS,order_set_member,order_set_id,INT,number,False,False,concept;order_set;order_type;users,,openmrs_schema_full.json
OpenMRS,order_set_member,sequence_number,INT,number,False,False,concept;order_set;order_type;users,,openmrs_schema_full.json
OpenMRS,order_set_member,concept_id,INT,number,False,False,concept;order_set;order_type;users,,openmrs_schema_full.json
OpenMRS,order_set_member,creator,INT,number,False,False,concept;order_set;order_type;users,,openmrs_schema_full.json
OpenMRS,order_set_member,date_created,DATETIME,date,False,False,concept;order_set;order_type;users,,openmrs_schema_full.json
OpenMRS,order_set_member,retired,BOOLEAN,boolean,False,False,concept;order_set;order_type;users,,openmrs_schema_full.json
OpenMRS,order_set_member,retired_by,INT,number,True,False,concept;order_set;order_type;users,,openmrs_schema_full.json
OpenMRS,order_set_member,date_retired,DATETIME,date,True,False,concept;order_set;order_type;users,,openmrs_schema_full.json
OpenMRS,order_set_member,retire_reason,VARCHAR,string,True,False,concept;order_set;order_type;users,,openmrs_schema_full.json
OpenMRS,order_set_member,changed_by,INT,number,True,False,concept;order_set;order_type;users,,openmrs_schema_full.json
OpenMRS,order_set_member,date_changed,DATETIME,date,True,False,concept;order_set;order_type;users,,openmrs_schema_full.json
OpenMRS,order_set_member,uuid,CHAR,string,False,False,concept;order_set;order_type;users,,openmrs_schema_full.json
OpenMRS,order_type,order_type_id,INT,number,False,True,order_type;users,,openmrs_schema_full.json
OpenMRS,order_type,name,VARCHAR,string,False,False,order_type;users,,openmrs_schema_full.json
OpenMRS,order_type,description,TEXT,string,True,False,order_type;users,,openmrs_schema_full.json
OpenMRS,order_type,creator,INT,number,False,False,order_type;users,,openmrs_schema_full.json
OpenMRS,order_type,date_created,DATETIME,date,False,False,order_type;users,,openmrs_schema_full.json
OpenMRS,order_type,retired,BOOLEAN,boolean,False,False,order_type;users,,openmrs_schema_full.json
OpenMRS,order_type,retired_by,INT,number,True,False,order_type;users,,openmrs_schema_full.json
OpenMRS,order_type,date_retired,DATETIME,date,True,False,order_type;users,,openmrs_schema_full.json
OpenMRS,order_type,retire_reason,VARCHAR,string,True,False,order_type;users,,openmrs_schema_full.json
OpenMRS,order_type,uuid,CHAR,string,False,False,order_type;users,,openmrs_schema_full.json
OpenMRS,order_type,java_class_name,VARCHAR,string,False,False,order_type;users,,openmrs_schema_full.json
OpenMRS,order_type,parent,INT,number,True,False,order_type;users,,openmrs_schema_full.json
OpenMRS,order_type,changed_by,INT,number,True,False,order_type;users,,openmrs_schema_full.json
OpenMRS,order_type,date_changed,DATETIME,date,True,False,order_type;users,,openmrs_schema_full.json
OpenMRS,order_type_class_map,order_type_id,INT,number,False,True,concept_class;order_type,,openmrs_schema_full.json
OpenMRS,order_type_class_map,concept_class_id,INT,number,False,True,concept_class;order_type,,openmrs_schema_full.json
OpenMRS,orders,order_id,INT,number,False,True,care_setting;concept;encounter;order_group;order_type;orders;patient;provider;users,,openmrs_schema_full.json
OpenMRS,orders,order_type_id,INT,number,False,False,care_setting;concept;encounter;order_group;order_type;orders;patient;provider;users,,openmrs_schema_full.json
OpenMRS,orders,concept_id,INT,number,False,False,care_setting;concept;encounter;order_group;order_type;orders;patient;provider;users,,openmrs_schema_full.json
OpenMRS,orders,orderer,INT,number,False,False,care_setting;concept;encounter;order_group;order_type;orders;patient;provider;users,,openmrs_schema_full.json
OpenMRS,orders,encounter_id,INT,number,False,False,care_setting;concept;encounter;order_group;order_type;orders;patient;provider;users,,openmrs_schema_full.json
OpenMRS,orders,instructions,TEXT,string,True,False,care_setting;concept;encounter;order_group;order_type;orders;patient;provider;users,,openmrs_schema_full.json
OpenMRS,orders,date_activated,DATETIME,date,True,False,care_setting;concept;encounter;order_group;order_type;orders;patient;provider;users,,openmrs_schema_full.json
OpenMRS,orders,auto_expire_date,DATETIME,date,True,False,care_setting;concept;encounter;order_group;order_type;orders;patient;provider;users,,openmrs_schema_full.json
OpenMRS,orders,date_stopped,DATETIME,date,True,False,care_setting;concept;encounter;order_group;order_type;orders;patient;provider;users,,openmrs_schema_full.json
OpenMRS,orders,order_reason,INT,number,True,False,care_setting;concept;encounter;order_group;order_type;orders;patient;provider;users,,openmrs_schema_full.json
OpenMRS,orders,order_reason_non_coded,VARCHAR,string,True,False,care_setting;concept;encounter;order_group;order_type;orders;patient;provider;users,,openmrs_schema_full.json
OpenMRS,orders,creator,INT,number,False,False,care_setting;concept;encounter;order_group;order_type;orders;patient;provider;users,,openmrs_schema_full.json
OpenMRS,orders,date_created,DATETIME,date,False,False,care_setting;concept;encounter;order_group;order_type;orders;patient;provider;users,,openmrs_schema_full.json
OpenMRS,orders,voided,BOOLEAN,boolean,False,False,care_setting;concept;encounter;order_group;order_type;orders;patient;provider;users,,openmrs_schema_full.json
OpenMRS,orders,voided_by,INT,number,True,False,care_setting;concept;encounter;order_group;order_type;orders;patient;provider;users,,openmrs_schema_full.json
OpenMRS,orders,date_voided,DATETIME,date,True,False,care_setting;concept;encounter;order_group;order_type;orders;patient;provider;users,,openmrs_schema_full.json
OpenMRS,orders,void_reason,VARCHAR,string,True,False,care_setting;concept;encounter;order_group;order_type;orders;patient;provider;users,,openmrs_schema_full.json
OpenMRS,orders,patient_id,INT,number,False,False,care_setting;concept;encounter;order_group;order_type;orders;patient;provider;users,,openmrs_schema_full.json
OpenMRS,orders,accession_number,VARCHAR,string,True,False,care_setting;concept;encounter;order_group;order_type;orders;patient;provider;users,,openmrs_schema_full.json
OpenMRS,orders,uuid,CHAR,string,False,False,care_setting;concept;encounter;order_group;order_type;orders;patient;provider;users,,openmrs_schema_full.json
OpenMRS,orders,urgency,VARCHAR,string,False,False,care_setting;concept;encounter;order_group;order_type;orders;patient;provider;users,,openmrs_schema_full.json
OpenMRS,orders,order_number,VARCHAR,string,False,False,care_setting;concept;encounter;order_group;order_type;orders;patient;provider;users,,openmrs_schema_full.json
OpenMRS,orders,previous_order_id,INT,number,True,False,care_setting;concept;encounter;order_group;order_type;orders;patient;provider;users,,openmrs_schema_full.json
OpenMRS,orders,order_action,VARCHAR,string,False,False,care_setting;concept;encounter;order_group;order_type;orders;patient;provider;users,,openmrs_schema_full.json
OpenMRS,orders,comment_to_fulfiller,VARCHAR,string,True,False,care_setting;concept;encounter;order_group;order_type;orders;patient;provider;users,,openmrs_schema_full.json
OpenMRS,orders,care_setting,INT,number,False,False,care_setting;concept;encounter;order_group;order_type;orders;patient;provider;users,,openmrs_schema_full.json
OpenMRS,orders,scheduled_date,DATETIME,date,True,False,care_setting;concept;encounter;order_group;order_type;orders;patient;provider;users,,openmrs_schema_full.json
OpenMRS,orders,order_group_id,INT,number,True,False,care_setting;concept;encounter;order_group;order_type;orders;patient;provider;users,,openmrs_schema_full.json
OpenMRS,orders,sort_weight,DOUBLE,number,True,False,care_setting;concept;encounter;order_group;order_type;orders;patient;provider;users,,openmrs_schema_full.json
OpenMRS,orders,fulfiller_comment,VARCHAR,string,True,False,care_setting;concept;encounter;order_group;order_type;orders;patient;provider;users,,openmrs_schema_full.json
OpenMRS,orders,fulfiller_status,VARCHAR,string,True,False,care_setting;concept;encounter;order_group;order_type;orders;patient;provider;users,,openmrs_schema_full.json
OpenMRS,orders,form_namespace_and_path,VARCHAR,string,True,False,care_setting;concept;encounter;order_group;order_type;orders;patient;provider;users,,openmrs_schema_full.json
OpenMRS,orders,date_changed,DATETIME,date,True,False,care_setting;concept;encounter;order_group;order_type;orders;patient;provider;users,,openmrs_schema_full.json
OpenMRS,orders,changed_by,INT,number,True,False,care_setting;concept;encounter;order_group;order_type;orders;patient;provider;users,,openmrs_schema_full.json
OpenMRS,outbox_event,id,INT,number,False,True,users,,openmrs_schema_full.json
OpenMRS,outbox_event,uuid,CHAR,string,False,False,users,,openmrs_schema_full.json
OpenMRS,outbox_event,event_type,VARCHAR,string,False,False,users,,openmrs_schema_full.json
OpenMRS,outbox_event,payload,MEDIUMTEXT,string,False,False,users,,openmrs_schema_full.json
OpenMRS,outbox_event,status,VARCHAR,string,False,False,users,,openmrs_schema_full.json
OpenMRS,outbox_event,error_count,INT,number,False,False,users,,openmrs_schema_full.json
OpenMRS,outbox_event,error_message,VARCHAR,string,True,False,users,,openmrs_schema_full.json
OpenMRS,outbox_event,completed_listeners,MEDIUMTEXT,string,True,False,users,,openmrs_schema_full.json
OpenMRS,outbox_event,creator,INT,number,True,False,users,,openmrs_schema_full.json
OpenMRS,outbox_event,date_created,DATETIME,date,False,False,users,,openmrs_schema_full.json
OpenMRS,outbox_event,changed_by,INT,number,True,False,users,,openmrs_schema_full.json
OpenMRS,outbox_event,date_changed,DATETIME,date,False,False,users,,openmrs_schema_full.json
OpenMRS,patient,patient_id,INT,number,False,True,person;users,,openmrs_schema_full.json
OpenMRS,patient,creator,INT,number,False,False,person;users,,openmrs_schema_full.json
OpenMRS,patient,date_created,DATETIME,date,False,False,person;users,,openmrs_schema_full.json
OpenMRS,patient,changed_by,INT,number,True,False,person;users,,openmrs_schema_full.json
OpenMRS,patient,date_changed,DATETIME,date,True,False,person;users,,openmrs_schema_full.json
OpenMRS,patient,voided,BOOLEAN,boolean,False,False,person;users,,openmrs_schema_full.json
OpenMRS,patient,voided_by,INT,number,True,False,person;users,,openmrs_schema_full.json
OpenMRS,patient,date_voided,DATETIME,date,True,False,person;users,,openmrs_schema_full.json
OpenMRS,patient,void_reason,VARCHAR,string,True,False,person;users,,openmrs_schema_full.json
OpenMRS,patient,allergy_status,VARCHAR,string,False,False,person;users,,openmrs_schema_full.json
OpenMRS,patient_identifier,patient_identifier_id,INT,number,False,True,location;patient;patient_identifier_type;patient_program;users,,openmrs_schema_full.json
OpenMRS,patient_identifier,patient_id,INT,number,False,False,location;patient;patient_identifier_type;patient_program;users,,openmrs_schema_full.json
OpenMRS,patient_identifier,identifier,VARCHAR,string,False,False,location;patient;patient_identifier_type;patient_program;users,,openmrs_schema_full.json
OpenMRS,patient_identifier,identifier_type,INT,number,False,False,location;patient;patient_identifier_type;patient_program;users,,openmrs_schema_full.json
OpenMRS,patient_identifier,preferred,BOOLEAN,boolean,False,False,location;patient;patient_identifier_type;patient_program;users,,openmrs_schema_full.json
OpenMRS,patient_identifier,location_id,INT,number,True,False,location;patient;patient_identifier_type;patient_program;users,,openmrs_schema_full.json
OpenMRS,patient_identifier,creator,INT,number,False,False,location;patient;patient_identifier_type;patient_program;users,,openmrs_schema_full.json
OpenMRS,patient_identifier,date_created,DATETIME,date,False,False,location;patient;patient_identifier_type;patient_program;users,,openmrs_schema_full.json
OpenMRS,patient_identifier,date_changed,DATETIME,date,True,False,location;patient;patient_identifier_type;patient_program;users,,openmrs_schema_full.json
OpenMRS,patient_identifier,changed_by,INT,number,True,False,location;patient;patient_identifier_type;patient_program;users,,openmrs_schema_full.json
OpenMRS,patient_identifier,voided,BOOLEAN,boolean,False,False,location;patient;patient_identifier_type;patient_program;users,,openmrs_schema_full.json
OpenMRS,patient_identifier,voided_by,INT,number,True,False,location;patient;patient_identifier_type;patient_program;users,,openmrs_schema_full.json
OpenMRS,patient_identifier,date_voided,DATETIME,date,True,False,location;patient;patient_identifier_type;patient_program;users,,openmrs_schema_full.json
OpenMRS,patient_identifier,void_reason,VARCHAR,string,True,False,location;patient;patient_identifier_type;patient_program;users,,openmrs_schema_full.json
OpenMRS,patient_identifier,uuid,CHAR,string,False,False,location;patient;patient_identifier_type;patient_program;users,,openmrs_schema_full.json
OpenMRS,patient_identifier,patient_program_id,INT,number,True,False,location;patient;patient_identifier_type;patient_program;users,,openmrs_schema_full.json
OpenMRS,patient_identifier_type,patient_identifier_type_id,INT,number,False,True,users,,openmrs_schema_full.json
OpenMRS,patient_identifier_type,name,VARCHAR,string,False,False,users,,openmrs_schema_full.json
OpenMRS,patient_identifier_type,description,TEXT,string,True,False,users,,openmrs_schema_full.json
OpenMRS,patient_identifier_type,format,VARCHAR,string,True,False,users,,openmrs_schema_full.json
OpenMRS,patient_identifier_type,check_digit,BOOLEAN,boolean,False,False,users,,openmrs_schema_full.json
OpenMRS,patient_identifier_type,creator,INT,number,False,False,users,,openmrs_schema_full.json
OpenMRS,patient_identifier_type,date_created,DATETIME,date,False,False,users,,openmrs_schema_full.json
OpenMRS,patient_identifier_type,required,BOOLEAN,boolean,False,False,users,,openmrs_schema_full.json
OpenMRS,patient_identifier_type,format_description,VARCHAR,string,True,False,users,,openmrs_schema_full.json
OpenMRS,patient_identifier_type,validator,VARCHAR,string,True,False,users,,openmrs_schema_full.json
OpenMRS,patient_identifier_type,location_behavior,VARCHAR,string,True,False,users,,openmrs_schema_full.json
OpenMRS,patient_identifier_type,retired,BOOLEAN,boolean,False,False,users,,openmrs_schema_full.json
OpenMRS,patient_identifier_type,retired_by,INT,number,True,False,users,,openmrs_schema_full.json
OpenMRS,patient_identifier_type,date_retired,DATETIME,date,True,False,users,,openmrs_schema_full.json
OpenMRS,patient_identifier_type,retire_reason,VARCHAR,string,True,False,users,,openmrs_schema_full.json
OpenMRS,patient_identifier_type,uuid,CHAR,string,False,False,users,,openmrs_schema_full.json
OpenMRS,patient_identifier_type,uniqueness_behavior,VARCHAR,string,True,False,users,,openmrs_schema_full.json
OpenMRS,patient_identifier_type,date_changed,DATETIME,date,True,False,users,,openmrs_schema_full.json
OpenMRS,patient_identifier_type,changed_by,INT,number,True,False,users,,openmrs_schema_full.json
OpenMRS,patient_program,patient_program_id,INT,number,False,True,concept;location;patient;program;users,,openmrs_schema_full.json
OpenMRS,patient_program,patient_id,INT,number,False,False,concept;location;patient;program;users,,openmrs_schema_full.json
OpenMRS,patient_program,program_id,INT,number,False,False,concept;location;patient;program;users,,openmrs_schema_full.json
OpenMRS,patient_program,date_enrolled,DATETIME,date,True,False,concept;location;patient;program;users,,openmrs_schema_full.json
OpenMRS,patient_program,date_completed,DATETIME,date,True,False,concept;location;patient;program;users,,openmrs_schema_full.json
OpenMRS,patient_program,location_id,INT,number,True,False,concept;location;patient;program;users,,openmrs_schema_full.json
OpenMRS,patient_program,outcome_concept_id,INT,number,True,False,concept;location;patient;program;users,,openmrs_schema_full.json
OpenMRS,patient_program,creator,INT,number,False,False,concept;location;patient;program;users,,openmrs_schema_full.json
OpenMRS,patient_program,date_created,DATETIME,date,False,False,concept;location;patient;program;users,,openmrs_schema_full.json
OpenMRS,patient_program,changed_by,INT,number,True,False,concept;location;patient;program;users,,openmrs_schema_full.json
OpenMRS,patient_program,date_changed,DATETIME,date,True,False,concept;location;patient;program;users,,openmrs_schema_full.json
OpenMRS,patient_program,voided,BOOLEAN,boolean,False,False,concept;location;patient;program;users,,openmrs_schema_full.json
OpenMRS,patient_program,voided_by,INT,number,True,False,concept;location;patient;program;users,,openmrs_schema_full.json
OpenMRS,patient_program,date_voided,DATETIME,date,True,False,concept;location;patient;program;users,,openmrs_schema_full.json
OpenMRS,patient_program,void_reason,VARCHAR,string,True,False,concept;location;patient;program;users,,openmrs_schema_full.json
OpenMRS,patient_program,uuid,CHAR,string,False,False,concept;location;patient;program;users,,openmrs_schema_full.json
OpenMRS,patient_program_attribute,patient_program_attribute_id,INT,number,False,True,patient_program;program_attribute_type;users,,openmrs_schema_full.json
OpenMRS,patient_program_attribute,patient_program_id,INT,number,False,False,patient_program;program_attribute_type;users,,openmrs_schema_full.json
OpenMRS,patient_program_attribute,attribute_type_id,INT,number,False,False,patient_program;program_attribute_type;users,,openmrs_schema_full.json
OpenMRS,patient_program_attribute,value_reference,TEXT,string,False,False,patient_program;program_attribute_type;users,,openmrs_schema_full.json
OpenMRS,patient_program_attribute,uuid,CHAR,string,False,False,patient_program;program_attribute_type;users,,openmrs_schema_full.json
OpenMRS,patient_program_attribute,creator,INT,number,False,False,patient_program;program_attribute_type;users,,openmrs_schema_full.json
OpenMRS,patient_program_attribute,date_created,DATETIME,date,False,False,patient_program;program_attribute_type;users,,openmrs_schema_full.json
OpenMRS,patient_program_attribute,changed_by,INT,number,True,False,patient_program;program_attribute_type;users,,openmrs_schema_full.json
OpenMRS,patient_program_attribute,date_changed,DATETIME,date,True,False,patient_program;program_attribute_type;users,,openmrs_schema_full.json
OpenMRS,patient_program_attribute,voided,BOOLEAN,boolean,False,False,patient_program;program_attribute_type;users,,openmrs_schema_full.json
OpenMRS,patient_program_attribute,voided_by,INT,number,True,False,patient_program;program_attribute_type;users,,openmrs_schema_full.json
OpenMRS,patient_program_attribute,date_voided,DATETIME,date,True,False,patient_program;program_attribute_type;users,,openmrs_schema_full.json
OpenMRS,patient_program_attribute,void_reason,VARCHAR,string,True,False,patient_program;program_attribute_type;users,,openmrs_schema_full.json
OpenMRS,patient_state,patient_state_id,INT,number,False,True,encounter;patient_program;program_workflow_state;users,,openmrs_schema_full.json
OpenMRS,patient_state,patient_program_id,INT,number,False,False,encounter;patient_program;program_workflow_state;users,,openmrs_schema_full.json
OpenMRS,patient_state,state,INT,number,False,False,encounter;patient_program;program_workflow_state;users,,openmrs_schema_full.json
OpenMRS,patient_state,start_date,DATE,date,True,False,encounter;patient_program;program_workflow_state;users,,openmrs_schema_full.json
OpenMRS,patient_state,end_date,DATE,date,True,False,encounter;patient_program;program_workflow_state;users,,openmrs_schema_full.json
OpenMRS,patient_state,creator,INT,number,False,False,encounter;patient_program;program_workflow_state;users,,openmrs_schema_full.json
OpenMRS,patient_state,date_created,DATETIME,date,False,False,encounter;patient_program;program_workflow_state;users,,openmrs_schema_full.json
OpenMRS,patient_state,changed_by,INT,number,True,False,encounter;patient_program;program_workflow_state;users,,openmrs_schema_full.json
OpenMRS,patient_state,date_changed,DATETIME,date,True,False,encounter;patient_program;program_workflow_state;users,,openmrs_schema_full.json
OpenMRS,patient_state,voided,BOOLEAN,boolean,False,False,encounter;patient_program;program_workflow_state;users,,openmrs_schema_full.json
OpenMRS,patient_state,voided_by,INT,number,True,False,encounter;patient_program;program_workflow_state;users,,openmrs_schema_full.json
OpenMRS,patient_state,date_voided,DATETIME,date,True,False,encounter;patient_program;program_workflow_state;users,,openmrs_schema_full.json
OpenMRS,patient_state,void_reason,VARCHAR,string,True,False,encounter;patient_program;program_workflow_state;users,,openmrs_schema_full.json
OpenMRS,patient_state,uuid,CHAR,string,False,False,encounter;patient_program;program_workflow_state;users,,openmrs_schema_full.json
OpenMRS,patient_state,form_namespace_and_path,VARCHAR,string,True,False,encounter;patient_program;program_workflow_state;users,,openmrs_schema_full.json
OpenMRS,patient_state,encounter_id,INT,number,True,False,encounter;patient_program;program_workflow_state;users,,openmrs_schema_full.json
OpenMRS,person,person_id,INT,number,False,True,concept;users,,openmrs_schema_full.json
OpenMRS,person,gender,VARCHAR,string,True,False,concept;users,,openmrs_schema_full.json
OpenMRS,person,birthdate,DATE,date,True,False,concept;users,,openmrs_schema_full.json
OpenMRS,person,birthdate_estimated,BOOLEAN,boolean,False,False,concept;users,,openmrs_schema_full.json
OpenMRS,person,dead,BOOLEAN,boolean,False,False,concept;users,,openmrs_schema_full.json
OpenMRS,person,death_date,DATETIME,date,True,False,concept;users,,openmrs_schema_full.json
OpenMRS,person,cause_of_death,INT,number,True,False,concept;users,,openmrs_schema_full.json
OpenMRS,person,creator,INT,number,True,False,concept;users,,openmrs_schema_full.json
OpenMRS,person,date_created,DATETIME,date,False,False,concept;users,,openmrs_schema_full.json
OpenMRS,person,changed_by,INT,number,True,False,concept;users,,openmrs_schema_full.json
OpenMRS,person,date_changed,DATETIME,date,True,False,concept;users,,openmrs_schema_full.json
OpenMRS,person,voided,BOOLEAN,boolean,False,False,concept;users,,openmrs_schema_full.json
OpenMRS,person,voided_by,INT,number,True,False,concept;users,,openmrs_schema_full.json
OpenMRS,person,date_voided,DATETIME,date,True,False,concept;users,,openmrs_schema_full.json
OpenMRS,person,void_reason,VARCHAR,string,True,False,concept;users,,openmrs_schema_full.json
OpenMRS,person,uuid,CHAR,string,False,False,concept;users,,openmrs_schema_full.json
OpenMRS,person,deathdate_estimated,BOOLEAN,boolean,False,False,concept;users,,openmrs_schema_full.json
OpenMRS,person,birthtime,TIME,date,True,False,concept;users,,openmrs_schema_full.json
OpenMRS,person,cause_of_death_non_coded,VARCHAR,string,True,False,concept;users,,openmrs_schema_full.json
OpenMRS,person_address,person_address_id,INT,number,False,True,person;users,,openmrs_schema_full.json
OpenMRS,person_address,person_id,INT,number,True,False,person;users,,openmrs_schema_full.json
OpenMRS,person_address,preferred,BOOLEAN,boolean,False,False,person;users,,openmrs_schema_full.json
OpenMRS,person_address,address1,VARCHAR,string,True,False,person;users,,openmrs_schema_full.json
OpenMRS,person_address,address2,VARCHAR,string,True,False,person;users,,openmrs_schema_full.json
OpenMRS,person_address,city_village,VARCHAR,string,True,False,person;users,,openmrs_schema_full.json
OpenMRS,person_address,state_province,VARCHAR,string,True,False,person;users,,openmrs_schema_full.json
OpenMRS,person_address,postal_code,VARCHAR,string,True,False,person;users,,openmrs_schema_full.json
OpenMRS,person_address,country,VARCHAR,string,True,False,person;users,,openmrs_schema_full.json
OpenMRS,person_address,latitude,VARCHAR,string,True,False,person;users,,openmrs_schema_full.json
OpenMRS,person_address,longitude,VARCHAR,string,True,False,person;users,,openmrs_schema_full.json
OpenMRS,person_address,start_date,DATETIME,date,True,False,person;users,,openmrs_schema_full.json
OpenMRS,person_address,end_date,DATETIME,date,True,False,person;users,,openmrs_schema_full.json
OpenMRS,person_address,creator,INT,number,False,False,person;users,,openmrs_schema_full.json
OpenMRS,person_address,date_created,DATETIME,date,False,False,person;users,,openmrs_schema_full.json
OpenMRS,person_address,voided,BOOLEAN,boolean,False,False,person;users,,openmrs_schema_full.json
OpenMRS,person_address,voided_by,INT,number,True,False,person;users,,openmrs_schema_full.json
OpenMRS,person_address,date_voided,DATETIME,date,True,False,person;users,,openmrs_schema_full.json
OpenMRS,person_address,void_reason,VARCHAR,string,True,False,person;users,,openmrs_schema_full.json
OpenMRS,person_address,county_district,VARCHAR,string,True,False,person;users,,openmrs_schema_full.json
OpenMRS,person_address,address3,VARCHAR,string,True,False,person;users,,openmrs_schema_full.json
OpenMRS,person_address,address4,VARCHAR,string,True,False,person;users,,openmrs_schema_full.json
OpenMRS,person_address,address5,VARCHAR,string,True,False,person;users,,openmrs_schema_full.json
OpenMRS,person_address,address6,VARCHAR,string,True,False,person;users,,openmrs_schema_full.json
OpenMRS,person_address,date_changed,DATETIME,date,True,False,person;users,,openmrs_schema_full.json
OpenMRS,person_address,changed_by,INT,number,True,False,person;users,,openmrs_schema_full.json
OpenMRS,person_address,uuid,CHAR,string,False,False,person;users,,openmrs_schema_full.json
OpenMRS,person_address,address7,VARCHAR,string,True,False,person;users,,openmrs_schema_full.json
OpenMRS,person_address,address8,VARCHAR,string,True,False,person;users,,openmrs_schema_full.json
OpenMRS,person_address,address9,VARCHAR,string,True,False,person;users,,openmrs_schema_full.json
OpenMRS,person_address,address10,VARCHAR,string,True,False,person;users,,openmrs_schema_full.json
OpenMRS,person_address,address11,VARCHAR,string,True,False,person;users,,openmrs_schema_full.json
OpenMRS,person_address,address12,VARCHAR,string,True,False,person;users,,openmrs_schema_full.json
OpenMRS,person_address,address13,VARCHAR,string,True,False,person;users,,openmrs_schema_full.json
OpenMRS,person_address,address14,VARCHAR,string,True,False,person;users,,openmrs_schema_full.json
OpenMRS,person_address,address15,VARCHAR,string,True,False,person;users,,openmrs_schema_full.json
OpenMRS,person_attribute,person_attribute_id,INT,number,False,True,person;person_attribute_type;users,,openmrs_schema_full.json
OpenMRS,person_attribute,person_id,INT,number,False,False,person;person_attribute_type;users,,openmrs_schema_full.json
OpenMRS,person_attribute,value,VARCHAR,string,False,False,person;person_attribute_type;users,,openmrs_schema_full.json
OpenMRS,person_attribute,person_attribute_type_id,INT,number,False,False,person;person_attribute_type;users,,openmrs_schema_full.json
OpenMRS,person_attribute,creator,INT,number,False,False,person;person_attribute_type;users,,openmrs_schema_full.json
OpenMRS,person_attribute,date_created,DATETIME,date,False,False,person;person_attribute_type;users,,openmrs_schema_full.json
OpenMRS,person_attribute,changed_by,INT,number,True,False,person;person_attribute_type;users,,openmrs_schema_full.json
OpenMRS,person_attribute,date_changed,DATETIME,date,True,False,person;person_attribute_type;users,,openmrs_schema_full.json
OpenMRS,person_attribute,voided,BOOLEAN,boolean,False,False,person;person_attribute_type;users,,openmrs_schema_full.json
OpenMRS,person_attribute,voided_by,INT,number,True,False,person;person_attribute_type;users,,openmrs_schema_full.json
OpenMRS,person_attribute,date_voided,DATETIME,date,True,False,person;person_attribute_type;users,,openmrs_schema_full.json
OpenMRS,person_attribute,void_reason,VARCHAR,string,True,False,person;person_attribute_type;users,,openmrs_schema_full.json
OpenMRS,person_attribute,uuid,CHAR,string,False,False,person;person_attribute_type;users,,openmrs_schema_full.json
OpenMRS,person_attribute_type,person_attribute_type_id,INT,number,False,True,privilege;users,,openmrs_schema_full.json
OpenMRS,person_attribute_type,name,VARCHAR,string,False,False,privilege;users,,openmrs_schema_full.json
OpenMRS,person_attribute_type,description,TEXT,string,True,False,privilege;users,,openmrs_schema_full.json
OpenMRS,person_attribute_type,format,VARCHAR,string,True,False,privilege;users,,openmrs_schema_full.json
OpenMRS,person_attribute_type,foreign_key,INT,number,True,False,privilege;users,,openmrs_schema_full.json
OpenMRS,person_attribute_type,searchable,BOOLEAN,boolean,False,False,privilege;users,,openmrs_schema_full.json
OpenMRS,person_attribute_type,creator,INT,number,False,False,privilege;users,,openmrs_schema_full.json
OpenMRS,person_attribute_type,date_created,DATETIME,date,False,False,privilege;users,,openmrs_schema_full.json
OpenMRS,person_attribute_type,changed_by,INT,number,True,False,privilege;users,,openmrs_schema_full.json
OpenMRS,person_attribute_type,date_changed,DATETIME,date,True,False,privilege;users,,openmrs_schema_full.json
OpenMRS,person_attribute_type,retired,BOOLEAN,boolean,False,False,privilege;users,,openmrs_schema_full.json
OpenMRS,person_attribute_type,retired_by,INT,number,True,False,privilege;users,,openmrs_schema_full.json
OpenMRS,person_attribute_type,date_retired,DATETIME,date,True,False,privilege;users,,openmrs_schema_full.json
OpenMRS,person_attribute_type,retire_reason,VARCHAR,string,True,False,privilege;users,,openmrs_schema_full.json
OpenMRS,person_attribute_type,edit_privilege,VARCHAR,string,True,False,privilege;users,,openmrs_schema_full.json
OpenMRS,person_attribute_type,sort_weight,DOUBLE,number,True,False,privilege;users,,openmrs_schema_full.json
OpenMRS,person_attribute_type,uuid,CHAR,string,False,False,privilege;users,,openmrs_schema_full.json
OpenMRS,person_merge_log,person_merge_log_id,INT,number,False,True,person;users,,openmrs_schema_full.json
OpenMRS,person_merge_log,winner_person_id,INT,number,False,False,person;users,,openmrs_schema_full.json
OpenMRS,person_merge_log,loser_person_id,INT,number,False,False,person;users,,openmrs_schema_full.json
OpenMRS,person_merge_log,creator,INT,number,False,False,person;users,,openmrs_schema_full.json
OpenMRS,person_merge_log,date_created,DATETIME,date,False,False,person;users,,openmrs_schema_full.json
OpenMRS,person_merge_log,merged_data,TEXT,string,False,False,person;users,,openmrs_schema_full.json
OpenMRS,person_merge_log,uuid,CHAR,string,False,False,person;users,,openmrs_schema_full.json
OpenMRS,person_merge_log,changed_by,INT,number,True,False,person;users,,openmrs_schema_full.json
OpenMRS,person_merge_log,date_changed,DATETIME,date,True,False,person;users,,openmrs_schema_full.json
OpenMRS,person_merge_log,voided,BOOLEAN,boolean,False,False,person;users,,openmrs_schema_full.json
OpenMRS,person_merge_log,voided_by,INT,number,True,False,person;users,,openmrs_schema_full.json
OpenMRS,person_merge_log,date_voided,DATETIME,date,True,False,person;users,,openmrs_schema_full.json
OpenMRS,person_merge_log,void_reason,VARCHAR,string,True,False,person;users,,openmrs_schema_full.json
OpenMRS,person_name,person_name_id,INT,number,False,True,person;users,,openmrs_schema_full.json
OpenMRS,person_name,preferred,BOOLEAN,boolean,False,False,person;users,,openmrs_schema_full.json
OpenMRS,person_name,person_id,INT,number,False,False,person;users,,openmrs_schema_full.json
OpenMRS,person_name,prefix,VARCHAR,string,True,False,person;users,,openmrs_schema_full.json
OpenMRS,person_name,given_name,VARCHAR,string,True,False,person;users,,openmrs_schema_full.json
OpenMRS,person_name,middle_name,VARCHAR,string,True,False,person;users,,openmrs_schema_full.json
OpenMRS,person_name,family_name_prefix,VARCHAR,string,True,False,person;users,,openmrs_schema_full.json
OpenMRS,person_name,family_name,VARCHAR,string,True,False,person;users,,openmrs_schema_full.json
OpenMRS,person_name,family_name2,VARCHAR,string,True,False,person;users,,openmrs_schema_full.json
OpenMRS,person_name,family_name_suffix,VARCHAR,string,True,False,person;users,,openmrs_schema_full.json
OpenMRS,person_name,degree,VARCHAR,string,True,False,person;users,,openmrs_schema_full.json
OpenMRS,person_name,creator,INT,number,False,False,person;users,,openmrs_schema_full.json
OpenMRS,person_name,date_created,DATETIME,date,False,False,person;users,,openmrs_schema_full.json
OpenMRS,person_name,voided,BOOLEAN,boolean,False,False,person;users,,openmrs_schema_full.json
OpenMRS,person_name,voided_by,INT,number,True,False,person;users,,openmrs_schema_full.json
OpenMRS,person_name,date_voided,DATETIME,date,True,False,person;users,,openmrs_schema_full.json
OpenMRS,person_name,void_reason,VARCHAR,string,True,False,person;users,,openmrs_schema_full.json
OpenMRS,person_name,changed_by,INT,number,True,False,person;users,,openmrs_schema_full.json
OpenMRS,person_name,date_changed,DATETIME,date,True,False,person;users,,openmrs_schema_full.json
OpenMRS,person_name,uuid,CHAR,string,False,False,person;users,,openmrs_schema_full.json
OpenMRS,privilege,privilege,VARCHAR,string,False,True,,,openmrs_schema_full.json
OpenMRS,privilege,description,TEXT,string,True,False,,,openmrs_schema_full.json
OpenMRS,privilege,uuid,CHAR,string,False,False,,,openmrs_schema_full.json
OpenMRS,privilege,date_changed,DATETIME,date,True,False,,,openmrs_schema_full.json
OpenMRS,privilege,date_created,DATETIME,date,True,False,,,openmrs_schema_full.json
OpenMRS,privilege,date_retired,DATETIME,date,True,False,,,openmrs_schema_full.json
OpenMRS,privilege,retire_reason,VARCHAR,string,True,False,,,openmrs_schema_full.json
OpenMRS,privilege,retired,BOOLEAN,boolean,True,False,,,openmrs_schema_full.json
OpenMRS,privilege,creator,INT,number,True,False,,,openmrs_schema_full.json
OpenMRS,privilege,retired_by,INT,number,True,False,,,openmrs_schema_full.json
OpenMRS,privilege,changed_by,INT,number,True,False,,,openmrs_schema_full.json
OpenMRS,privilege,name,VARCHAR,string,True,False,,,openmrs_schema_full.json
OpenMRS,program,program_id,INT,number,False,True,concept;users,,openmrs_schema_full.json
OpenMRS,program,concept_id,INT,number,False,False,concept;users,,openmrs_schema_full.json
OpenMRS,program,outcomes_concept_id,INT,number,True,False,concept;users,,openmrs_schema_full.json
OpenMRS,program,creator,INT,number,False,False,concept;users,,openmrs_schema_full.json
OpenMRS,program,date_created,DATETIME,date,False,False,concept;users,,openmrs_schema_full.json
OpenMRS,program,changed_by,INT,number,True,False,concept;users,,openmrs_schema_full.json
OpenMRS,program,date_changed,DATETIME,date,True,False,concept;users,,openmrs_schema_full.json
OpenMRS,program,retired,BOOLEAN,boolean,False,False,concept;users,,openmrs_schema_full.json
OpenMRS,program,name,VARCHAR,string,False,False,concept;users,,openmrs_schema_full.json
OpenMRS,program,description,TEXT,string,True,False,concept;users,,openmrs_schema_full.json
OpenMRS,program,uuid,CHAR,string,False,False,concept;users,,openmrs_schema_full.json
OpenMRS,program,date_retired,DATETIME,date,True,False,concept;users,,openmrs_schema_full.json
OpenMRS,program,retire_reason,VARCHAR,string,True,False,concept;users,,openmrs_schema_full.json
OpenMRS,program,retired_by,INT,number,True,False,concept;users,,openmrs_schema_full.json
OpenMRS,program_attribute_type,program_attribute_type_id,INT,number,False,True,users,,openmrs_schema_full.json
OpenMRS,program_attribute_type,name,VARCHAR,string,False,False,users,,openmrs_schema_full.json
OpenMRS,program_attribute_type,description,VARCHAR,string,True,False,users,,openmrs_schema_full.json
OpenMRS,program_attribute_type,datatype,VARCHAR,string,True,False,users,,openmrs_schema_full.json
OpenMRS,program_attribute_type,datatype_config,TEXT,string,True,False,users,,openmrs_schema_full.json
OpenMRS,program_attribute_type,preferred_handler,VARCHAR,string,True,False,users,,openmrs_schema_full.json
OpenMRS,program_attribute_type,handler_config,TEXT,string,True,False,users,,openmrs_schema_full.json
OpenMRS,program_attribute_type,min_occurs,INT,number,False,False,users,,openmrs_schema_full.json
OpenMRS,program_attribute_type,max_occurs,INT,number,True,False,users,,openmrs_schema_full.json
OpenMRS,program_attribute_type,creator,INT,number,False,False,users,,openmrs_schema_full.json
OpenMRS,program_attribute_type,date_created,DATETIME,date,False,False,users,,openmrs_schema_full.json
OpenMRS,program_attribute_type,changed_by,INT,number,True,False,users,,openmrs_schema_full.json
OpenMRS,program_attribute_type,date_changed,DATETIME,date,True,False,users,,openmrs_schema_full.json
OpenMRS,program_attribute_type,retired,BOOLEAN,boolean,False,False,users,,openmrs_schema_full.json
OpenMRS,program_attribute_type,retired_by,INT,number,True,False,users,,openmrs_schema_full.json
OpenMRS,program_attribute_type,date_retired,DATETIME,date,True,False,users,,openmrs_schema_full.json
OpenMRS,program_attribute_type,retire_reason,VARCHAR,string,True,False,users,,openmrs_schema_full.json
OpenMRS,program_attribute_type,uuid,CHAR,string,False,False,users,,openmrs_schema_full.json
OpenMRS,program_workflow,program_workflow_id,INT,number,False,True,concept;program;users,,openmrs_schema_full.json
OpenMRS,program_workflow,program_id,INT,number,False,False,concept;program;users,,openmrs_schema_full.json
OpenMRS,program_workflow,concept_id,INT,number,False,False,concept;program;users,,openmrs_schema_full.json
OpenMRS,program_workflow,creator,INT,number,False,False,concept;program;users,,openmrs_schema_full.json
OpenMRS,program_workflow,date_created,DATETIME,date,False,False,concept;program;users,,openmrs_schema_full.json
OpenMRS,program_workflow,retired,BOOLEAN,boolean,False,False,concept;program;users,,openmrs_schema_full.json
OpenMRS,program_workflow,changed_by,INT,number,True,False,concept;program;users,,openmrs_schema_full.json
OpenMRS,program_workflow,date_changed,DATETIME,date,True,False,concept;program;users,,openmrs_schema_full.json
OpenMRS,program_workflow,uuid,CHAR,string,False,False,concept;program;users,,openmrs_schema_full.json
OpenMRS,program_workflow_state,program_workflow_state_id,INT,number,False,True,concept;program_workflow;users,,openmrs_schema_full.json
OpenMRS,program_workflow_state,program_workflow_id,INT,number,False,False,concept;program_workflow;users,,openmrs_schema_full.json
OpenMRS,program_workflow_state,concept_id,INT,number,False,False,concept;program_workflow;users,,openmrs_schema_full.json
OpenMRS,program_workflow_state,initial,BOOLEAN,boolean,False,False,concept;program_workflow;users,,openmrs_schema_full.json
OpenMRS,program_workflow_state,terminal,BOOLEAN,boolean,False,False,concept;program_workflow;users,,openmrs_schema_full.json
OpenMRS,program_workflow_state,creator,INT,number,False,False,concept;program_workflow;users,,openmrs_schema_full.json
OpenMRS,program_workflow_state,date_created,DATETIME,date,False,False,concept;program_workflow;users,,openmrs_schema_full.json
OpenMRS,program_workflow_state,retired,BOOLEAN,boolean,False,False,concept;program_workflow;users,,openmrs_schema_full.json
OpenMRS,program_workflow_state,changed_by,INT,number,True,False,concept;program_workflow;users,,openmrs_schema_full.json
OpenMRS,program_workflow_state,date_changed,DATETIME,date,True,False,concept;program_workflow;users,,openmrs_schema_full.json
OpenMRS,program_workflow_state,uuid,CHAR,string,False,False,concept;program_workflow;users,,openmrs_schema_full.json
OpenMRS,program_workflow_state,date_retired,DATETIME,date,True,False,concept;program_workflow;users,,openmrs_schema_full.json
OpenMRS,program_workflow_state,name,VARCHAR,string,True,False,concept;program_workflow;users,,openmrs_schema_full.json
OpenMRS,program_workflow_state,retire_reason,VARCHAR,string,True,False,concept;program_workflow;users,,openmrs_schema_full.json
OpenMRS,program_workflow_state,retired_by,INT,number,True,False,concept;program_workflow;users,,openmrs_schema_full.json
OpenMRS,program_workflow_state,description,VARCHAR,string,True,False,concept;program_workflow;users,,openmrs_schema_full.json
OpenMRS,provider,provider_id,INT,number,False,True,concept;person;provider_role;users,,openmrs_schema_full.json
OpenMRS,provider,person_id,INT,number,True,False,concept;person;provider_role;users,,openmrs_schema_full.json
OpenMRS,provider,name,VARCHAR,string,True,False,concept;person;provider_role;users,,openmrs_schema_full.json
OpenMRS,provider,identifier,VARCHAR,string,True,False,concept;person;provider_role;users,,openmrs_schema_full.json
OpenMRS,provider,creator,INT,number,False,False,concept;person;provider_role;users,,openmrs_schema_full.json
OpenMRS,provider,date_created,DATETIME,date,False,False,concept;person;provider_role;users,,openmrs_schema_full.json
OpenMRS,provider,changed_by,INT,number,True,False,concept;person;provider_role;users,,openmrs_schema_full.json
OpenMRS,provider,date_changed,DATETIME,date,True,False,concept;person;provider_role;users,,openmrs_schema_full.json
OpenMRS,provider,retired,BOOLEAN,boolean,False,False,concept;person;provider_role;users,,openmrs_schema_full.json
OpenMRS,provider,retired_by,INT,number,True,False,concept;person;provider_role;users,,openmrs_schema_full.json
OpenMRS,provider,date_retired,DATETIME,date,True,False,concept;person;provider_role;users,,openmrs_schema_full.json
OpenMRS,provider,retire_reason,VARCHAR,string,True,False,concept;person;provider_role;users,,openmrs_schema_full.json
OpenMRS,provider,uuid,CHAR,string,False,False,concept;person;provider_role;users,,openmrs_schema_full.json
OpenMRS,provider,role_id,INT,number,True,False,concept;person;provider_role;users,,openmrs_schema_full.json
OpenMRS,provider,speciality_id,INT,number,True,False,concept;person;provider_role;users,,openmrs_schema_full.json
OpenMRS,provider,provider_role_id,INT,number,True,False,concept;person;provider_role;users,,openmrs_schema_full.json
OpenMRS,provider,description,VARCHAR,string,True,False,concept;person;provider_role;users,,openmrs_schema_full.json
OpenMRS,provider_attribute,provider_attribute_id,INT,number,False,True,provider;provider_attribute_type;users,,openmrs_schema_full.json
OpenMRS,provider_attribute,provider_id,INT,number,False,False,provider;provider_attribute_type;users,,openmrs_schema_full.json
OpenMRS,provider_attribute,attribute_type_id,INT,number,False,False,provider;provider_attribute_type;users,,openmrs_schema_full.json
OpenMRS,provider_attribute,value_reference,TEXT,string,False,False,provider;provider_attribute_type;users,,openmrs_schema_full.json
OpenMRS,provider_attribute,uuid,CHAR,string,False,False,provider;provider_attribute_type;users,,openmrs_schema_full.json
OpenMRS,provider_attribute,creator,INT,number,False,False,provider;provider_attribute_type;users,,openmrs_schema_full.json
OpenMRS,provider_attribute,date_created,DATETIME,date,False,False,provider;provider_attribute_type;users,,openmrs_schema_full.json
OpenMRS,provider_attribute,changed_by,INT,number,True,False,provider;provider_attribute_type;users,,openmrs_schema_full.json
OpenMRS,provider_attribute,date_changed,DATETIME,date,True,False,provider;provider_attribute_type;users,,openmrs_schema_full.json
OpenMRS,provider_attribute,voided,BOOLEAN,boolean,False,False,provider;provider_attribute_type;users,,openmrs_schema_full.json
OpenMRS,provider_attribute,voided_by,INT,number,True,False,provider;provider_attribute_type;users,,openmrs_schema_full.json
OpenMRS,provider_attribute,date_voided,DATETIME,date,True,False,provider;provider_attribute_type;users,,openmrs_schema_full.json
OpenMRS,provider_attribute,void_reason,VARCHAR,string,True,False,provider;provider_attribute_type;users,,openmrs_schema_full.json
OpenMRS,provider_attribute_type,provider_attribute_type_id,INT,number,False,True,users,,openmrs_schema_full.json
OpenMRS,provider_attribute_type,name,VARCHAR,string,False,False,users,,openmrs_schema_full.json
OpenMRS,provider_attribute_type,description,VARCHAR,string,True,False,users,,openmrs_schema_full.json
OpenMRS,provider_attribute_type,datatype,VARCHAR,string,True,False,users,,openmrs_schema_full.json
OpenMRS,provider_attribute_type,datatype_config,TEXT,string,True,False,users,,openmrs_schema_full.json
OpenMRS,provider_attribute_type,preferred_handler,VARCHAR,string,True,False,users,,openmrs_schema_full.json
OpenMRS,provider_attribute_type,handler_config,TEXT,string,True,False,users,,openmrs_schema_full.json
OpenMRS,provider_attribute_type,min_occurs,INT,number,False,False,users,,openmrs_schema_full.json
OpenMRS,provider_attribute_type,max_occurs,INT,number,True,False,users,,openmrs_schema_full.json
OpenMRS,provider_attribute_type,creator,INT,number,False,False,users,,openmrs_schema_full.json
OpenMRS,provider_attribute_type,date_created,DATETIME,date,False,False,users,,openmrs_schema_full.json
OpenMRS,provider_attribute_type,changed_by,INT,number,True,False,users,,openmrs_schema_full.json
OpenMRS,provider_attribute_type,date_changed,DATETIME,date,True,False,users,,openmrs_schema_full.json
OpenMRS,provider_attribute_type,retired,BOOLEAN,boolean,False,False,users,,openmrs_schema_full.json
OpenMRS,provider_attribute_type,retired_by,INT,number,True,False,users,,openmrs_schema_full.json
OpenMRS,provider_attribute_type,date_retired,DATETIME,date,True,False,users,,openmrs_schema_full.json
OpenMRS,provider_attribute_type,retire_reason,VARCHAR,string,True,False,users,,openmrs_schema_full.json
OpenMRS,provider_attribute_type,uuid,CHAR,string,False,False,users,,openmrs_schema_full.json
OpenMRS,provider_role,provider_role_id,INT,number,False,True,,,openmrs_schema_full.json
OpenMRS,provider_role,name,VARCHAR,string,False,False,,,openmrs_schema_full.json
OpenMRS,provider_role,description,VARCHAR,string,True,False,,,openmrs_schema_full.json
OpenMRS,provider_role,creator,INT,number,False,False,,,openmrs_schema_full.json
OpenMRS,provider_role,date_created,DATETIME,date,False,False,,,openmrs_schema_full.json
OpenMRS,provider_role,changed_by,INT,number,True,False,,,openmrs_schema_full.json
OpenMRS,provider_role,date_changed,DATETIME,date,True,False,,,openmrs_schema_full.json
OpenMRS,provider_role,retired,BOOLEAN,boolean,False,False,,,openmrs_schema_full.json
OpenMRS,provider_role,retired_by,INT,number,True,False,,,openmrs_schema_full.json
OpenMRS,provider_role,date_retired,DATETIME,date,True,False,,,openmrs_schema_full.json
OpenMRS,provider_role,retire_reason,VARCHAR,string,True,False,,,openmrs_schema_full.json
OpenMRS,provider_role,uuid,CHAR,string,False,False,,,openmrs_schema_full.json
OpenMRS,referral_order,order_id,INT,number,False,True,concept;order_frequency;orders,,openmrs_schema_full.json
OpenMRS,referral_order,specimen_source,INT,number,True,False,concept;order_frequency;orders,,openmrs_schema_full.json
OpenMRS,referral_order,laterality,VARCHAR,string,True,False,concept;order_frequency;orders,,openmrs_schema_full.json
OpenMRS,referral_order,clinical_history,TEXT,string,True,False,concept;order_frequency;orders,,openmrs_schema_full.json
OpenMRS,referral_order,frequency,INT,number,True,False,concept;order_frequency;orders,,openmrs_schema_full.json
OpenMRS,referral_order,number_of_repeats,INT,number,True,False,concept;order_frequency;orders,,openmrs_schema_full.json
OpenMRS,referral_order,location,INT,number,True,False,concept;order_frequency;orders,,openmrs_schema_full.json
OpenMRS,relationship,relationship_id,INT,number,False,True,person;relationship_type;users,,openmrs_schema_full.json
OpenMRS,relationship,person_a,INT,number,False,False,person;relationship_type;users,,openmrs_schema_full.json
OpenMRS,relationship,relationship,INT,number,False,False,person;relationship_type;users,,openmrs_schema_full.json
OpenMRS,relationship,person_b,INT,number,False,False,person;relationship_type;users,,openmrs_schema_full.json
OpenMRS,relationship,start_date,DATETIME,date,True,False,person;relationship_type;users,,openmrs_schema_full.json
OpenMRS,relationship,end_date,DATETIME,date,True,False,person;relationship_type;users,,openmrs_schema_full.json
OpenMRS,relationship,creator,INT,number,False,False,person;relationship_type;users,,openmrs_schema_full.json
OpenMRS,relationship,date_created,DATETIME,date,False,False,person;relationship_type;users,,openmrs_schema_full.json
OpenMRS,relationship,date_changed,DATETIME,date,True,False,person;relationship_type;users,,openmrs_schema_full.json
OpenMRS,relationship,changed_by,INT,number,True,False,person;relationship_type;users,,openmrs_schema_full.json
OpenMRS,relationship,voided,BOOLEAN,boolean,False,False,person;relationship_type;users,,openmrs_schema_full.json
OpenMRS,relationship,voided_by,INT,number,True,False,person;relationship_type;users,,openmrs_schema_full.json
OpenMRS,relationship,date_voided,DATETIME,date,True,False,person;relationship_type;users,,openmrs_schema_full.json
OpenMRS,relationship,void_reason,VARCHAR,string,True,False,person;relationship_type;users,,openmrs_schema_full.json
OpenMRS,relationship,uuid,CHAR,string,False,False,person;relationship_type;users,,openmrs_schema_full.json
OpenMRS,relationship_type,relationship_type_id,INT,number,False,True,users,,openmrs_schema_full.json
OpenMRS,relationship_type,a_is_to_b,VARCHAR,string,False,False,users,,openmrs_schema_full.json
OpenMRS,relationship_type,b_is_to_a,VARCHAR,string,False,False,users,,openmrs_schema_full.json
OpenMRS,relationship_type,preferred,BOOLEAN,boolean,False,False,users,,openmrs_schema_full.json
OpenMRS,relationship_type,weight,INT,number,False,False,users,,openmrs_schema_full.json
OpenMRS,relationship_type,description,VARCHAR,string,True,False,users,,openmrs_schema_full.json
OpenMRS,relationship_type,creator,INT,number,False,False,users,,openmrs_schema_full.json
OpenMRS,relationship_type,date_created,DATETIME,date,False,False,users,,openmrs_schema_full.json
OpenMRS,relationship_type,retired,BOOLEAN,boolean,False,False,users,,openmrs_schema_full.json
OpenMRS,relationship_type,retired_by,INT,number,True,False,users,,openmrs_schema_full.json
OpenMRS,relationship_type,date_retired,DATETIME,date,True,False,users,,openmrs_schema_full.json
OpenMRS,relationship_type,retire_reason,VARCHAR,string,True,False,users,,openmrs_schema_full.json
OpenMRS,relationship_type,uuid,CHAR,string,False,False,users,,openmrs_schema_full.json
OpenMRS,relationship_type,date_changed,DATETIME,date,True,False,users,,openmrs_schema_full.json
OpenMRS,relationship_type,changed_by,INT,number,True,False,users,,openmrs_schema_full.json
OpenMRS,relationship_type,name,VARCHAR,string,True,False,users,,openmrs_schema_full.json
OpenMRS,report_object,report_object_id,INT,number,False,True,users,,openmrs_schema_full.json
OpenMRS,report_object,name,VARCHAR,string,False,False,users,,openmrs_schema_full.json
OpenMRS,report_object,description,VARCHAR,string,True,False,users,,openmrs_schema_full.json
OpenMRS,report_object,report_object_type,VARCHAR,string,False,False,users,,openmrs_schema_full.json
OpenMRS,report_object,report_object_sub_type,VARCHAR,string,False,False,users,,openmrs_schema_full.json
OpenMRS,report_object,xml_data,TEXT,string,True,False,users,,openmrs_schema_full.json
OpenMRS,report_object,creator,INT,number,False,False,users,,openmrs_schema_full.json
OpenMRS,report_object,date_created,DATETIME,date,False,False,users,,openmrs_schema_full.json
OpenMRS,report_object,changed_by,INT,number,True,False,users,,openmrs_schema_full.json
OpenMRS,report_object,date_changed,DATETIME,date,True,False,users,,openmrs_schema_full.json
OpenMRS,report_object,voided,BOOLEAN,boolean,False,False,users,,openmrs_schema_full.json
OpenMRS,report_object,voided_by,INT,number,True,False,users,,openmrs_schema_full.json
OpenMRS,report_object,date_voided,DATETIME,date,True,False,users,,openmrs_schema_full.json
OpenMRS,report_object,void_reason,VARCHAR,string,True,False,users,,openmrs_schema_full.json
OpenMRS,report_object,uuid,CHAR,string,False,False,users,,openmrs_schema_full.json
OpenMRS,report_schema_xml,report_schema_id,INT,number,False,True,,,openmrs_schema_full.json
OpenMRS,report_schema_xml,name,VARCHAR,string,False,False,,,openmrs_schema_full.json
OpenMRS,report_schema_xml,description,TEXT,string,False,False,,,openmrs_schema_full.json
OpenMRS,report_schema_xml,xml_data,TEXT,string,False,False,,,openmrs_schema_full.json
OpenMRS,report_schema_xml,uuid,CHAR,string,False,False,,,openmrs_schema_full.json
OpenMRS,role,role,VARCHAR,string,False,True,,,openmrs_schema_full.json
OpenMRS,role,description,VARCHAR,string,True,False,,,openmrs_schema_full.json
OpenMRS,role,uuid,CHAR,string,False,False,,,openmrs_schema_full.json
OpenMRS,role_privilege,role,VARCHAR,string,False,True,privilege;role,,openmrs_schema_full.json
OpenMRS,role_privilege,privilege,VARCHAR,string,False,True,privilege;role,,openmrs_schema_full.json
OpenMRS,role_role,parent_role,VARCHAR,string,False,True,role,,openmrs_schema_full.json
OpenMRS,role_role,child_role,VARCHAR,string,False,True,role,,openmrs_schema_full.json
OpenMRS,scheduler_task_config,task_config_id,INT,number,False,True,users,,openmrs_schema_full.json
OpenMRS,scheduler_task_config,name,VARCHAR,string,False,False,users,,openmrs_schema_full.json
OpenMRS,scheduler_task_config,description,VARCHAR,string,True,False,users,,openmrs_schema_full.json
OpenMRS,scheduler_task_config,schedulable_class,TEXT,string,True,False,users,,openmrs_schema_full.json
OpenMRS,scheduler_task_config,start_time,DATETIME,date,True,False,users,,openmrs_schema_full.json
OpenMRS,scheduler_task_config,start_time_pattern,VARCHAR,string,True,False,users,,openmrs_schema_full.json
OpenMRS,scheduler_task_config,repeat_interval,INT,number,False,False,users,,openmrs_schema_full.json
OpenMRS,scheduler_task_config,start_on_startup,BOOLEAN,boolean,False,False,users,,openmrs_schema_full.json
OpenMRS,scheduler_task_config,started,BOOLEAN,boolean,False,False,users,,openmrs_schema_full.json
OpenMRS,scheduler_task_config,created_by,INT,number,True,False,users,,openmrs_schema_full.json
OpenMRS,scheduler_task_config,date_created,DATETIME,date,True,False,users,,openmrs_schema_full.json
OpenMRS,scheduler_task_config,changed_by,INT,number,True,False,users,,openmrs_schema_full.json
OpenMRS,scheduler_task_config,date_changed,DATETIME,date,True,False,users,,openmrs_schema_full.json
OpenMRS,scheduler_task_config,last_execution_time,DATETIME,date,True,False,users,,openmrs_schema_full.json
OpenMRS,scheduler_task_config,uuid,CHAR,string,False,False,users,,openmrs_schema_full.json
OpenMRS,scheduler_task_config,date_retired,DATETIME,date,True,False,users,,openmrs_schema_full.json
OpenMRS,scheduler_task_config,retire_reason,VARCHAR,string,True,False,users,,openmrs_schema_full.json
OpenMRS,scheduler_task_config,retired,BOOLEAN,boolean,True,False,users,,openmrs_schema_full.json
OpenMRS,scheduler_task_config,creator,INT,number,True,False,users,,openmrs_schema_full.json
OpenMRS,scheduler_task_config,retired_by,INT,number,True,False,users,,openmrs_schema_full.json
OpenMRS,scheduler_task_config_property,task_config_property_id,INT,number,False,True,scheduler_task_config,,openmrs_schema_full.json
OpenMRS,scheduler_task_config_property,name,VARCHAR,string,False,False,scheduler_task_config,,openmrs_schema_full.json
OpenMRS,scheduler_task_config_property,value,TEXT,string,True,False,scheduler_task_config,,openmrs_schema_full.json
OpenMRS,scheduler_task_config_property,task_config_id,INT,number,True,False,scheduler_task_config,,openmrs_schema_full.json
OpenMRS,serialized_object,serialized_object_id,INT,number,False,True,users,,openmrs_schema_full.json
OpenMRS,serialized_object,name,VARCHAR,string,False,False,users,,openmrs_schema_full.json
OpenMRS,serialized_object,description,VARCHAR,string,True,False,users,,openmrs_schema_full.json
OpenMRS,serialized_object,type,VARCHAR,string,False,False,users,,openmrs_schema_full.json
OpenMRS,serialized_object,subtype,VARCHAR,string,False,False,users,,openmrs_schema_full.json
OpenMRS,serialized_object,serialization_class,VARCHAR,string,False,False,users,,openmrs_schema_full.json
OpenMRS,serialized_object,serialized_data,MEDIUMTEXT,string,False,False,users,,openmrs_schema_full.json
OpenMRS,serialized_object,date_created,DATETIME,date,False,False,users,,openmrs_schema_full.json
OpenMRS,serialized_object,creator,INT,number,False,False,users,,openmrs_schema_full.json
OpenMRS,serialized_object,date_changed,DATETIME,date,True,False,users,,openmrs_schema_full.json
OpenMRS,serialized_object,changed_by,INT,number,True,False,users,,openmrs_schema_full.json
OpenMRS,serialized_object,retired,BOOLEAN,boolean,False,False,users,,openmrs_schema_full.json
OpenMRS,serialized_object,date_retired,DATETIME,date,True,False,users,,openmrs_schema_full.json
OpenMRS,serialized_object,retired_by,INT,number,True,False,users,,openmrs_schema_full.json
OpenMRS,serialized_object,retire_reason,VARCHAR,string,True,False,users,,openmrs_schema_full.json
OpenMRS,serialized_object,uuid,CHAR,string,False,False,users,,openmrs_schema_full.json
OpenMRS,shedlock,name,VARCHAR,string,False,True,,,openmrs_schema_full.json
OpenMRS,shedlock,lock_until,TIMESTAMP,date,False,False,,,openmrs_schema_full.json
OpenMRS,shedlock,locked_at,TIMESTAMP,date,False,False,,,openmrs_schema_full.json
OpenMRS,shedlock,locked_by,VARCHAR,string,False,False,,,openmrs_schema_full.json
OpenMRS,test_order,order_id,INT,number,False,True,concept;order_frequency;orders,,openmrs_schema_full.json
OpenMRS,test_order,specimen_source,INT,number,True,False,concept;order_frequency;orders,,openmrs_schema_full.json
OpenMRS,test_order,laterality,VARCHAR,string,True,False,concept;order_frequency;orders,,openmrs_schema_full.json
OpenMRS,test_order,clinical_history,TEXT,string,True,False,concept;order_frequency;orders,,openmrs_schema_full.json
OpenMRS,test_order,frequency,INT,number,True,False,concept;order_frequency;orders,,openmrs_schema_full.json
OpenMRS,test_order,number_of_repeats,INT,number,True,False,concept;order_frequency;orders,,openmrs_schema_full.json
OpenMRS,test_order,location,INT,number,True,False,concept;order_frequency;orders,,openmrs_schema_full.json
OpenMRS,user_property,user_id,INT,number,False,True,users,,openmrs_schema_full.json
OpenMRS,user_property,property,VARCHAR,string,False,True,users,,openmrs_schema_full.json
OpenMRS,user_property,property_value,CLOB,string,True,False,users,,openmrs_schema_full.json
OpenMRS,user_role,user_id,INT,number,False,True,role;users,,openmrs_schema_full.json
OpenMRS,user_role,role,VARCHAR,string,False,True,role;users,,openmrs_schema_full.json
OpenMRS,users,user_id,INT,number,False,True,person;users,,openmrs_schema_full.json
OpenMRS,users,system_id,VARCHAR,string,False,False,person;users,,openmrs_schema_full.json
OpenMRS,users,username,VARCHAR,string,True,False,person;users,,openmrs_schema_full.json
OpenMRS,users,password,VARCHAR,string,True,False,person;users,,openmrs_schema_full.json
OpenMRS,users,salt,VARCHAR,string,True,False,person;users,,openmrs_schema_full.json
OpenMRS,users,secret_question,VARCHAR,string,True,False,person;users,,openmrs_schema_full.json
OpenMRS,users,secret_answer,VARCHAR,string,True,False,person;users,,openmrs_schema_full.json
OpenMRS,users,creator,INT,number,False,False,person;users,,openmrs_schema_full.json
OpenMRS,users,date_created,DATETIME,date,False,False,person;users,,openmrs_schema_full.json
OpenMRS,users,changed_by,INT,number,True,False,person;users,,openmrs_schema_full.json
OpenMRS,users,date_changed,DATETIME,date,True,False,person;users,,openmrs_schema_full.json
OpenMRS,users,person_id,INT,number,False,False,person;users,,openmrs_schema_full.json
OpenMRS,users,retired,BOOLEAN,boolean,False,False,person;users,,openmrs_schema_full.json
OpenMRS,users,retired_by,INT,number,True,False,person;users,,openmrs_schema_full.json
OpenMRS,users,date_retired,DATETIME,date,True,False,person;users,,openmrs_schema_full.json
OpenMRS,users,retire_reason,VARCHAR,string,True,False,person;users,,openmrs_schema_full.json
OpenMRS,users,uuid,CHAR,string,False,False,person;users,,openmrs_schema_full.json
OpenMRS,users,activation_key,VARCHAR,string,True,False,person;users,,openmrs_schema_full.json
OpenMRS,users,email,VARCHAR,string,True,False,person;users,,openmrs_schema_full.json
OpenMRS,visit,visit_id,INT,number,False,True,concept;location;patient;users;visit_type,,openmrs_schema_full.json
OpenMRS,visit,patient_id,INT,number,False,False,concept;location;patient;users;visit_type,,openmrs_schema_full.json
OpenMRS,visit,visit_type_id,INT,number,False,False,concept;location;patient;users;visit_type,,openmrs_schema_full.json
OpenMRS,visit,date_started,DATETIME,date,False,False,concept;location;patient;users;visit_type,,openmrs_schema_full.json
OpenMRS,visit,date_stopped,DATETIME,date,True,False,concept;location;patient;users;visit_type,,openmrs_schema_full.json
OpenMRS,visit,indication_concept_id,INT,number,True,False,concept;location;patient;users;visit_type,,openmrs_schema_full.json
OpenMRS,visit,location_id,INT,number,True,False,concept;location;patient;users;visit_type,,openmrs_schema_full.json
OpenMRS,visit,creator,INT,number,False,False,concept;location;patient;users;visit_type,,openmrs_schema_full.json
OpenMRS,visit,date_created,DATETIME,date,False,False,concept;location;patient;users;visit_type,,openmrs_schema_full.json
OpenMRS,visit,changed_by,INT,number,True,False,concept;location;patient;users;visit_type,,openmrs_schema_full.json
OpenMRS,visit,date_changed,DATETIME,date,True,False,concept;location;patient;users;visit_type,,openmrs_schema_full.json
OpenMRS,visit,voided,BOOLEAN,boolean,False,False,concept;location;patient;users;visit_type,,openmrs_schema_full.json
OpenMRS,visit,voided_by,INT,number,True,False,concept;location;patient;users;visit_type,,openmrs_schema_full.json
OpenMRS,visit,date_voided,DATETIME,date,True,False,concept;location;patient;users;visit_type,,openmrs_schema_full.json
OpenMRS,visit,void_reason,VARCHAR,string,True,False,concept;location;patient;users;visit_type,,openmrs_schema_full.json
OpenMRS,visit,uuid,CHAR,string,False,False,concept;location;patient;users;visit_type,,openmrs_schema_full.json
OpenMRS,visit_attribute,visit_attribute_id,INT,number,False,True,users;visit;visit_attribute_type,,openmrs_schema_full.json
OpenMRS,visit_attribute,visit_id,INT,number,False,False,users;visit;visit_attribute_type,,openmrs_schema_full.json
OpenMRS,visit_attribute,attribute_type_id,INT,number,False,False,users;visit;visit_attribute_type,,openmrs_schema_full.json
OpenMRS,visit_attribute,value_reference,TEXT,string,False,False,users;visit;visit_attribute_type,,openmrs_schema_full.json
OpenMRS,visit_attribute,uuid,CHAR,string,False,False,users;visit;visit_attribute_type,,openmrs_schema_full.json
OpenMRS,visit_attribute,creator,INT,number,False,False,users;visit;visit_attribute_type,,openmrs_schema_full.json
OpenMRS,visit_attribute,date_created,DATETIME,date,False,False,users;visit;visit_attribute_type,,openmrs_schema_full.json
OpenMRS,visit_attribute,changed_by,INT,number,True,False,users;visit;visit_attribute_type,,openmrs_schema_full.json
OpenMRS,visit_attribute,date_changed,DATETIME,date,True,False,users;visit;visit_attribute_type,,openmrs_schema_full.json
OpenMRS,visit_attribute,voided,BOOLEAN,boolean,False,False,users;visit;visit_attribute_type,,openmrs_schema_full.json
OpenMRS,visit_attribute,voided_by,INT,number,True,False,users;visit;visit_attribute_type,,openmrs_schema_full.json
OpenMRS,visit_attribute,date_voided,DATETIME,date,True,False,users;visit;visit_attribute_type,,openmrs_schema_full.json
OpenMRS,visit_attribute,void_reason,VARCHAR,string,True,False,users;visit;visit_attribute_type,,openmrs_schema_full.json
OpenMRS,visit_attribute_type,visit_attribute_type_id,INT,number,False,True,users,,openmrs_schema_full.json
OpenMRS,visit_attribute_type,name,VARCHAR,string,False,False,users,,openmrs_schema_full.json
OpenMRS,visit_attribute_type,description,VARCHAR,string,True,False,users,,openmrs_schema_full.json
OpenMRS,visit_attribute_type,datatype,VARCHAR,string,True,False,users,,openmrs_schema_full.json
OpenMRS,visit_attribute_type,datatype_config,TEXT,string,True,False,users,,openmrs_schema_full.json
OpenMRS,visit_attribute_type,preferred_handler,VARCHAR,string,True,False,users,,openmrs_schema_full.json
OpenMRS,visit_attribute_type,handler_config,TEXT,string,True,False,users,,openmrs_schema_full.json
OpenMRS,visit_attribute_type,min_occurs,INT,number,False,False,users,,openmrs_schema_full.json
OpenMRS,visit_attribute_type,max_occurs,INT,number,True,False,users,,openmrs_schema_full.json
OpenMRS,visit_attribute_type,creator,INT,number,False,False,users,,openmrs_schema_full.json
OpenMRS,visit_attribute_type,date_created,DATETIME,date,False,False,users,,openmrs_schema_full.json
OpenMRS,visit_attribute_type,changed_by,INT,number,True,False,users,,openmrs_schema_full.json
OpenMRS,visit_attribute_type,date_changed,DATETIME,date,True,False,users,,openmrs_schema_full.json
OpenMRS,visit_attribute_type,retired,BOOLEAN,boolean,False,False,users,,openmrs_schema_full.json
OpenMRS,visit_attribute_type,retired_by,INT,number,True,False,users,,openmrs_schema_full.json
OpenMRS,visit_attribute_type,date_retired,DATETIME,date,True,False,users,,openmrs_schema_full.json
OpenMRS,visit_attribute_type,retire_reason,VARCHAR,string,True,False,users,,openmrs_schema_full.json
OpenMRS,visit_attribute_type,uuid,CHAR,string,False,False,users,,openmrs_schema_full.json
OpenMRS,visit_type,visit_type_id,INT,number,False,True,users,,openmrs_schema_full.json
OpenMRS,visit_type,name,VARCHAR,string,False,False,users,,openmrs_schema_full.json
OpenMRS,visit_type,description,VARCHAR,string,True,False,users,,openmrs_schema_full.json
OpenMRS,visit_type,creator,INT,number,False,False,users,,openmrs_schema_full.json
OpenMRS,visit_type,date_created,DATETIME,date,False,False,users,,openmrs_schema_full.json
OpenMRS,visit_type,changed_by,INT,number,True,False,users,,openmrs_schema_full.json
OpenMRS,visit_type,date_changed,DATETIME,date,True,False,users,,openmrs_schema_full.json
OpenMRS,visit_type,retired,BOOLEAN,boolean,False,False,users,,openmrs_schema_full.json
OpenMRS,visit_type,retired_by,INT,number,True,False,users,,openmrs_schema_full.json
OpenMRS,visit_type,date_retired,DATETIME,date,True,False,users,,openmrs_schema_full.json
OpenMRS,visit_type,retire_reason,VARCHAR,string,True,False,users,,openmrs_schema_full.json
OpenMRS,visit_type,uuid,CHAR,string,False,False,users,,openmrs_schema_full.json
Spree,friendly_id_slugs,slug,string,string,False,False,,,spree_schema_full.json
Spree,friendly_id_slugs,sluggable_id,bigint,number,False,False,,,spree_schema_full.json
Spree,friendly_id_slugs,sluggable_type,string,string,True,False,,,spree_schema_full.json
Spree,friendly_id_slugs,scope,string,string,True,False,,,spree_schema_full.json
Spree,friendly_id_slugs,created_at,datetime,date,True,False,,,spree_schema_full.json
Spree,friendly_id_slugs,deleted_at,datetime,date,True,False,,,spree_schema_full.json
Spree,friendly_id_slugs,locale,string,string,True,False,,,spree_schema_full.json
Spree,spree_addresses,firstname,string,string,True,False,,,spree_schema_full.json
Spree,spree_addresses,lastname,string,string,True,False,,,spree_schema_full.json
Spree,spree_addresses,address1,string,string,True,False,,,spree_schema_full.json
Spree,spree_addresses,address2,string,string,True,False,,,spree_schema_full.json
Spree,spree_addresses,city,string,string,True,False,,,spree_schema_full.json
Spree,spree_addresses,zipcode,string,string,True,False,,,spree_schema_full.json
Spree,spree_addresses,phone,string,string,True,False,,,spree_schema_full.json
Spree,spree_addresses,state_name,string,string,True,False,,,spree_schema_full.json
Spree,spree_addresses,alternative_phone,string,string,True,False,,,spree_schema_full.json
Spree,spree_addresses,company,string,string,True,False,,,spree_schema_full.json
Spree,spree_addresses,state_id,bigint,number,True,False,,,spree_schema_full.json
Spree,spree_addresses,country_id,bigint,number,True,False,,,spree_schema_full.json
Spree,spree_addresses,created_at,datetime,date,False,False,,,spree_schema_full.json
Spree,spree_addresses,updated_at,datetime,date,False,False,,,spree_schema_full.json
Spree,spree_addresses,deleted_at,datetime,date,True,False,,,spree_schema_full.json
Spree,spree_addresses,label,string,string,True,False,,,spree_schema_full.json
Spree,spree_addresses,quick_checkout,boolean,boolean,True,False,,,spree_schema_full.json
Spree,spree_addresses,latitude,decimal,number,True,False,,,spree_schema_full.json
Spree,spree_addresses,longitude,decimal,number,True,False,,,spree_schema_full.json
Spree,spree_addresses,country_code,string,string,True,False,,,spree_schema_full.json
Spree,spree_addresses,state_code,string,string,True,False,,,spree_schema_full.json
Spree,spree_addresses,user_id,bigint,number,True,False,,,spree_schema_full.json
Spree,spree_adjustments,source_type,string,string,True,False,,,spree_schema_full.json
Spree,spree_adjustments,source_id,bigint,number,True,False,,,spree_schema_full.json
Spree,spree_adjustments,adjustable_type,string,string,True,False,,,spree_schema_full.json
Spree,spree_adjustments,adjustable_id,bigint,number,True,False,,,spree_schema_full.json
Spree,spree_adjustments,amount,decimal,number,True,False,,,spree_schema_full.json
Spree,spree_adjustments,label,string,string,True,False,,,spree_schema_full.json
Spree,spree_adjustments,mandatory,boolean,boolean,True,False,,,spree_schema_full.json
Spree,spree_adjustments,eligible,boolean,boolean,True,False,,,spree_schema_full.json
Spree,spree_adjustments,created_at,datetime,date,False,False,,,spree_schema_full.json
Spree,spree_adjustments,updated_at,datetime,date,False,False,,,spree_schema_full.json
Spree,spree_adjustments,state,string,string,True,False,,,spree_schema_full.json
Spree,spree_adjustments,order_id,bigint,number,False,False,,,spree_schema_full.json
Spree,spree_adjustments,included,boolean,boolean,True,False,,,spree_schema_full.json
Spree,spree_calculators,type,string,string,True,False,,,spree_schema_full.json
Spree,spree_calculators,calculable_type,string,string,True,False,,,spree_schema_full.json
Spree,spree_calculators,calculable_id,bigint,number,True,False,,,spree_schema_full.json
Spree,spree_calculators,created_at,datetime,date,False,False,,,spree_schema_full.json
Spree,spree_calculators,updated_at,datetime,date,False,False,,,spree_schema_full.json
Spree,spree_calculators,preferences,text,string,True,False,,,spree_schema_full.json
Spree,spree_calculators,deleted_at,datetime,date,True,False,,,spree_schema_full.json
Spree,spree_countries,iso_name,string,string,True,False,,,spree_schema_full.json
Spree,spree_countries,iso,string,string,False,False,,,spree_schema_full.json
Spree,spree_countries,iso3,string,string,False,False,,,spree_schema_full.json
Spree,spree_countries,name,string,string,True,False,,,spree_schema_full.json
Spree,spree_countries,numcode,integer,number,True,False,,,spree_schema_full.json
Spree,spree_countries,states_required,boolean,boolean,True,False,,,spree_schema_full.json
Spree,spree_countries,updated_at,datetime,date,True,False,,,spree_schema_full.json
Spree,spree_countries,zipcode_required,boolean,boolean,True,False,,,spree_schema_full.json
Spree,spree_countries,created_at,datetime,date,True,False,,,spree_schema_full.json
Spree,spree_credit_cards,month,string,string,True,False,,,spree_schema_full.json
Spree,spree_credit_cards,year,string,string,True,False,,,spree_schema_full.json
Spree,spree_credit_cards,cc_type,string,string,True,False,,,spree_schema_full.json
Spree,spree_credit_cards,last_digits,string,string,True,False,,,spree_schema_full.json
Spree,spree_credit_cards,address_id,bigint,number,True,False,,,spree_schema_full.json
Spree,spree_credit_cards,gateway_customer_profile_id,string,string,True,False,,,spree_schema_full.json
Spree,spree_credit_cards,gateway_payment_profile_id,string,string,True,False,,,spree_schema_full.json
Spree,spree_credit_cards,created_at,datetime,date,False,False,,,spree_schema_full.json
Spree,spree_credit_cards,updated_at,datetime,date,False,False,,,spree_schema_full.json
Spree,spree_credit_cards,name,string,string,True,False,,,spree_schema_full.json
Spree,spree_credit_cards,user_id,bigint,number,True,False,,,spree_schema_full.json
Spree,spree_credit_cards,payment_method_id,bigint,number,True,False,,,spree_schema_full.json
Spree,spree_credit_cards,default,boolean,boolean,False,False,,,spree_schema_full.json
Spree,spree_credit_cards,deleted_at,datetime,date,True,False,,,spree_schema_full.json
Spree,spree_credit_cards,gateway_customer_id,bigint,number,True,False,,,spree_schema_full.json
Spree,spree_customer_returns,number,string,string,True,False,,,spree_schema_full.json
Spree,spree_customer_returns,stock_location_id,bigint,number,True,False,,,spree_schema_full.json
Spree,spree_customer_returns,created_at,datetime,date,False,False,,,spree_schema_full.json
Spree,spree_customer_returns,updated_at,datetime,date,False,False,,,spree_schema_full.json
Spree,spree_customer_returns,store_id,bigint,number,True,False,,,spree_schema_full.json
Spree,spree_gateways,type,string,string,True,False,,,spree_schema_full.json
Spree,spree_gateways,name,string,string,True,False,,,spree_schema_full.json
Spree,spree_gateways,description,text,string,True,False,,,spree_schema_full.json
Spree,spree_gateways,active,boolean,boolean,True,False,,,spree_schema_full.json
Spree,spree_gateways,environment,string,string,True,False,,,spree_schema_full.json
Spree,spree_gateways,server,string,string,True,False,,,spree_schema_full.json
Spree,spree_gateways,test_mode,boolean,boolean,True,False,,,spree_schema_full.json
Spree,spree_gateways,created_at,datetime,date,False,False,,,spree_schema_full.json
Spree,spree_gateways,updated_at,datetime,date,False,False,,,spree_schema_full.json
Spree,spree_gateways,preferences,text,string,True,False,,,spree_schema_full.json
Spree,spree_line_items,variant_id,bigint,number,True,False,,,spree_schema_full.json
Spree,spree_line_items,order_id,bigint,number,True,False,,,spree_schema_full.json
Spree,spree_line_items,quantity,integer,number,False,False,,,spree_schema_full.json
Spree,spree_line_items,price,decimal,number,False,False,,,spree_schema_full.json
Spree,spree_line_items,created_at,datetime,date,False,False,,,spree_schema_full.json
Spree,spree_line_items,updated_at,datetime,date,False,False,,,spree_schema_full.json
Spree,spree_line_items,currency,string,string,True,False,,,spree_schema_full.json
Spree,spree_line_items,cost_price,decimal,number,True,False,,,spree_schema_full.json
Spree,spree_line_items,tax_category_id,bigint,number,True,False,,,spree_schema_full.json
Spree,spree_line_items,adjustment_total,decimal,number,True,False,,,spree_schema_full.json
Spree,spree_line_items,additional_tax_total,decimal,number,True,False,,,spree_schema_full.json
Spree,spree_line_items,promo_total,decimal,number,True,False,,,spree_schema_full.json
Spree,spree_line_items,included_tax_total,decimal,number,False,False,,,spree_schema_full.json
Spree,spree_line_items,pre_tax_amount,decimal,number,False,False,,,spree_schema_full.json
Spree,spree_line_items,taxable_adjustment_total,decimal,number,False,False,,,spree_schema_full.json
Spree,spree_line_items,non_taxable_adjustment_total,decimal,number,False,False,,,spree_schema_full.json
Spree,spree_line_items,public_metadata,json,string,True,False,,,spree_schema_full.json
Spree,spree_line_items,private_metadata,json,string,True,False,,,spree_schema_full.json
Spree,spree_line_items,price_source,string,string,True,False,,,spree_schema_full.json
Spree,spree_log_entries,source_type,string,string,True,False,,,spree_schema_full.json
Spree,spree_log_entries,source_id,bigint,number,True,False,,,spree_schema_full.json
Spree,spree_log_entries,details,text,string,True,False,,,spree_schema_full.json
Spree,spree_log_entries,created_at,datetime,date,False,False,,,spree_schema_full.json
Spree,spree_log_entries,updated_at,datetime,date,False,False,,,spree_schema_full.json
Spree,spree_option_types,name,string,string,True,False,,,spree_schema_full.json
Spree,spree_option_types,presentation,string,string,True,False,,,spree_schema_full.json
Spree,spree_option_types,position,integer,number,False,False,,,spree_schema_full.json
Spree,spree_option_types,created_at,datetime,date,False,False,,,spree_schema_full.json
Spree,spree_option_types,updated_at,datetime,date,False,False,,,spree_schema_full.json
Spree,spree_option_types,filterable,boolean,boolean,False,False,,,spree_schema_full.json
Spree,spree_option_types,kind,string,string,False,False,,,spree_schema_full.json
Spree,spree_option_value_variants,variant_id,bigint,number,True,False,,,spree_schema_full.json
Spree,spree_option_value_variants,option_value_id,bigint,number,True,False,,,spree_schema_full.json
Spree,spree_option_value_variants,created_at,datetime,date,True,False,,,spree_schema_full.json
Spree,spree_option_value_variants,updated_at,datetime,date,True,False,,,spree_schema_full.json
Spree,spree_option_values,position,integer,number,True,False,,,spree_schema_full.json
Spree,spree_option_values,name,string,string,True,False,,,spree_schema_full.json
Spree,spree_option_values,presentation,string,string,True,False,,,spree_schema_full.json
Spree,spree_option_values,option_type_id,bigint,number,True,False,,,spree_schema_full.json
Spree,spree_option_values,created_at,datetime,date,False,False,,,spree_schema_full.json
Spree,spree_option_values,updated_at,datetime,date,False,False,,,spree_schema_full.json
Spree,spree_option_values,color_code,string,string,True,False,,,spree_schema_full.json
Spree,spree_order_promotions,order_id,bigint,number,True,False,,,spree_schema_full.json
Spree,spree_order_promotions,promotion_id,bigint,number,True,False,,,spree_schema_full.json
Spree,spree_order_promotions,created_at,datetime,date,True,False,,,spree_schema_full.json
Spree,spree_order_promotions,updated_at,datetime,date,True,False,,,spree_schema_full.json
Spree,spree_orders,number,string,string,True,False,,,spree_schema_full.json
Spree,spree_orders,item_total,decimal,number,False,False,,,spree_schema_full.json
Spree,spree_orders,total,decimal,number,False,False,,,spree_schema_full.json
Spree,spree_orders,adjustment_total,decimal,number,False,False,,,spree_schema_full.json
Spree,spree_orders,user_id,bigint,number,True,False,,,spree_schema_full.json
Spree,spree_orders,completed_at,datetime,date,True,False,,,spree_schema_full.json
Spree,spree_orders,bill_address_id,bigint,number,True,False,,,spree_schema_full.json
Spree,spree_orders,ship_address_id,bigint,number,True,False,,,spree_schema_full.json
Spree,spree_orders,payment_total,decimal,number,True,False,,,spree_schema_full.json
Spree,spree_orders,shipment_state,string,string,True,False,,,spree_schema_full.json
Spree,spree_orders,payment_state,string,string,True,False,,,spree_schema_full.json
Spree,spree_orders,email,string,string,True,False,,,spree_schema_full.json
Spree,spree_orders,special_instructions,text,string,True,False,,,spree_schema_full.json
Spree,spree_orders,created_at,datetime,date,False,False,,,spree_schema_full.json
Spree,spree_orders,updated_at,datetime,date,False,False,,,spree_schema_full.json
Spree,spree_orders,currency,string,string,True,False,,,spree_schema_full.json
Spree,spree_orders,last_ip_address,string,string,True,False,,,spree_schema_full.json
Spree,spree_orders,created_by_id,bigint,number,True,False,,,spree_schema_full.json
Spree,spree_orders,shipment_total,decimal,number,False,False,,,spree_schema_full.json
Spree,spree_orders,additional_tax_total,decimal,number,True,False,,,spree_schema_full.json
Spree,spree_orders,promo_total,decimal,number,True,False,,,spree_schema_full.json
Spree,spree_orders,channel,string,string,True,False,,,spree_schema_full.json
Spree,spree_orders,included_tax_total,decimal,number,False,False,,,spree_schema_full.json
Spree,spree_orders,item_count,integer,number,True,False,,,spree_schema_full.json
Spree,spree_orders,approver_id,bigint,number,True,False,,,spree_schema_full.json
Spree,spree_orders,approved_at,datetime,date,True,False,,,spree_schema_full.json
Spree,spree_orders,confirmation_delivered,boolean,boolean,True,False,,,spree_schema_full.json
Spree,spree_orders,considered_risky,boolean,boolean,True,False,,,spree_schema_full.json
Spree,spree_orders,token,string,string,True,False,,,spree_schema_full.json
Spree,spree_orders,canceled_at,datetime,date,True,False,,,spree_schema_full.json
Spree,spree_orders,canceler_id,bigint,number,True,False,,,spree_schema_full.json
Spree,spree_orders,store_id,bigint,number,True,False,,,spree_schema_full.json
Spree,spree_orders,state_lock_version,integer,number,False,False,,,spree_schema_full.json
Spree,spree_orders,taxable_adjustment_total,decimal,number,False,False,,,spree_schema_full.json
Spree,spree_orders,non_taxable_adjustment_total,decimal,number,False,False,,,spree_schema_full.json
Spree,spree_orders,store_owner_notification_delivered,boolean,boolean,True,False,,,spree_schema_full.json
Spree,spree_orders,public_metadata,json,string,True,False,,,spree_schema_full.json
Spree,spree_orders,private_metadata,json,string,True,False,,,spree_schema_full.json
Spree,spree_orders,internal_note,text,string,True,False,,,spree_schema_full.json
Spree,spree_orders,accept_marketing,boolean,boolean,True,False,,,spree_schema_full.json
Spree,spree_orders,signup_for_an_account,boolean,boolean,True,False,,,spree_schema_full.json
Spree,spree_orders,gift_card_id,bigint,number,True,False,,,spree_schema_full.json
Spree,spree_orders,locale,string,string,True,False,,,spree_schema_full.json
Spree,spree_orders,status,string,string,True,False,,,spree_schema_full.json
Spree,spree_orders,fee_total,decimal,number,True,False,,,spree_schema_full.json
Spree,spree_orders,coupon_code,string,string,True,False,,,spree_schema_full.json
Spree,spree_orders,po_number,string,string,True,False,,,spree_schema_full.json
Spree,spree_orders,commission_amount_total,decimal,number,False,False,,,spree_schema_full.json
Spree,spree_orders,commission_tax_total,decimal,number,False,False,,,spree_schema_full.json
Spree,spree_orders,commission_total,decimal,number,False,False,,,spree_schema_full.json
Spree,spree_payment_capture_events,amount,decimal,number,True,False,,,spree_schema_full.json
Spree,spree_payment_capture_events,payment_id,bigint,number,True,False,,,spree_schema_full.json
Spree,spree_payment_capture_events,created_at,datetime,date,False,False,,,spree_schema_full.json
Spree,spree_payment_capture_events,updated_at,datetime,date,False,False,,,spree_schema_full.json
Spree,spree_payment_methods,type,string,string,True,False,,,spree_schema_full.json
Spree,spree_payment_methods,name,string,string,True,False,,,spree_schema_full.json
Spree,spree_payment_methods,description,text,string,True,False,,,spree_schema_full.json
Spree,spree_payment_methods,active,boolean,boolean,True,False,,,spree_schema_full.json
Spree,spree_payment_methods,deleted_at,datetime,date,True,False,,,spree_schema_full.json
Spree,spree_payment_methods,created_at,datetime,date,False,False,,,spree_schema_full.json
Spree,spree_payment_methods,updated_at,datetime,date,False,False,,,spree_schema_full.json
Spree,spree_payment_methods,auto_capture,boolean,boolean,True,False,,,spree_schema_full.json
Spree,spree_payment_methods,preferences,text,string,True,False,,,spree_schema_full.json
Spree,spree_payment_methods,position,integer,number,True,False,,,spree_schema_full.json
Spree,spree_payment_methods,settings,json,string,True,False,,,spree_schema_full.json
Spree,spree_payment_methods,capture_method,string,string,True,False,,,spree_schema_full.json
Spree,spree_payment_methods,display_on,string,string,True,False,,,spree_schema_full.json
Spree,spree_payment_methods_stores,payment_method_id,bigint,number,True,False,,,spree_schema_full.json
Spree,spree_payment_methods_stores,store_id,bigint,number,True,False,,,spree_schema_full.json
Spree,spree_payments,amount,decimal,number,False,False,,,spree_schema_full.json
Spree,spree_payments,order_id,bigint,number,True,False,,,spree_schema_full.json
Spree,spree_payments,source_type,string,string,True,False,,,spree_schema_full.json
Spree,spree_payments,source_id,bigint,number,True,False,,,spree_schema_full.json
Spree,spree_payments,payment_method_id,bigint,number,True,False,,,spree_schema_full.json
Spree,spree_payments,state,string,string,True,False,,,spree_schema_full.json
Spree,spree_payments,response_code,string,string,True,False,,,spree_schema_full.json
Spree,spree_payments,avs_response,string,string,True,False,,,spree_schema_full.json
Spree,spree_payments,created_at,datetime,date,False,False,,,spree_schema_full.json
Spree,spree_payments,updated_at,datetime,date,False,False,,,spree_schema_full.json
Spree,spree_payments,number,string,string,True,False,,,spree_schema_full.json
Spree,spree_payments,cvv_response_code,string,string,True,False,,,spree_schema_full.json
Spree,spree_payments,cvv_response_message,string,string,True,False,,,spree_schema_full.json
Spree,spree_payments,public_metadata,json,string,True,False,,,spree_schema_full.json
Spree,spree_payments,private_metadata,json,string,True,False,,,spree_schema_full.json
Spree,spree_preferences,value,text,string,True,False,,,spree_schema_full.json
Spree,spree_preferences,key,string,string,True,False,,,spree_schema_full.json
Spree,spree_preferences,created_at,datetime,date,False,False,,,spree_schema_full.json
Spree,spree_preferences,updated_at,datetime,date,False,False,,,spree_schema_full.json
Spree,spree_prices,variant_id,bigint,number,False,False,,,spree_schema_full.json
Spree,spree_prices,amount,decimal,number,True,False,,,spree_schema_full.json
Spree,spree_prices,currency,string,string,True,False,,,spree_schema_full.json
Spree,spree_prices,deleted_at,datetime,date,True,False,,,spree_schema_full.json
Spree,spree_prices,created_at,datetime,date,False,False,,,spree_schema_full.json
Spree,spree_prices,updated_at,datetime,date,False,False,,,spree_schema_full.json
Spree,spree_prices,compare_at_amount,decimal,number,True,False,,,spree_schema_full.json
Spree,spree_prices,min_quantity,integer,number,False,False,,,spree_schema_full.json
Spree,spree_product_option_types,position,integer,number,True,False,,,spree_schema_full.json
Spree,spree_product_option_types,product_id,bigint,number,True,False,,,spree_schema_full.json
Spree,spree_product_option_types,option_type_id,bigint,number,True,False,,,spree_schema_full.json
Spree,spree_product_option_types,created_at,datetime,date,False,False,,,spree_schema_full.json
Spree,spree_product_option_types,updated_at,datetime,date,False,False,,,spree_schema_full.json
Spree,spree_product_promotion_rules,product_id,bigint,number,True,False,,,spree_schema_full.json
Spree,spree_product_promotion_rules,promotion_rule_id,bigint,number,True,False,,,spree_schema_full.json
Spree,spree_product_promotion_rules,created_at,datetime,date,True,False,,,spree_schema_full.json
Spree,spree_product_promotion_rules,updated_at,datetime,date,True,False,,,spree_schema_full.json
Spree,spree_products,name,string,string,False,False,,,spree_schema_full.json
Spree,spree_products,description,text,string,True,False,,,spree_schema_full.json
Spree,spree_products,available_on,datetime,date,True,False,,,spree_schema_full.json
Spree,spree_products,deleted_at,datetime,date,True,False,,,spree_schema_full.json
Spree,spree_products,slug,string,string,True,False,,,spree_schema_full.json
Spree,spree_products,meta_description,text,string,True,False,,,spree_schema_full.json
Spree,spree_products,meta_keywords,string,string,True,False,,,spree_schema_full.json
Spree,spree_products,tax_category_id,bigint,number,True,False,,,spree_schema_full.json
Spree,spree_products,shipping_category_id,bigint,number,True,False,,,spree_schema_full.json
Spree,spree_products,created_at,datetime,date,False,False,,,spree_schema_full.json
Spree,spree_products,updated_at,datetime,date,False,False,,,spree_schema_full.json
Spree,spree_products,promotionable,boolean,boolean,True,False,,,spree_schema_full.json
Spree,spree_products,meta_title,string,string,True,False,,,spree_schema_full.json
Spree,spree_products,discontinue_on,datetime,date,True,False,,,spree_schema_full.json
Spree,spree_products,public_metadata,json,string,True,False,,,spree_schema_full.json
Spree,spree_products,private_metadata,json,string,True,False,,,spree_schema_full.json
Spree,spree_products,status,string,string,False,False,,,spree_schema_full.json
Spree,spree_products,make_active_at,datetime,date,True,False,,,spree_schema_full.json
Spree,spree_products,variant_count,integer,number,False,False,,,spree_schema_full.json
Spree,spree_products,classification_count,integer,number,False,False,,,spree_schema_full.json
Spree,spree_products,total_image_count,integer,number,False,False,,,spree_schema_full.json
Spree,spree_products,thumbnail_id,bigint,number,True,False,,,spree_schema_full.json
Spree,spree_products,units_sold_count,integer,number,False,False,,,spree_schema_full.json
Spree,spree_products,revenue,decimal,number,False,False,,,spree_schema_full.json
Spree,spree_products,default_variant_id,bigint,number,True,False,,,spree_schema_full.json
Spree,spree_products,collections_count,integer,number,False,False,,,spree_schema_full.json
Spree,spree_products_stores,product_id,bigint,number,True,False,,,spree_schema_full.json
Spree,spree_products_stores,store_id,bigint,number,True,False,,,spree_schema_full.json
Spree,spree_products_stores,created_at,datetime,date,False,False,,,spree_schema_full.json
Spree,spree_products_stores,updated_at,datetime,date,False,False,,,spree_schema_full.json
Spree,spree_products_stores,units_sold_count,integer,number,False,False,,,spree_schema_full.json
Spree,spree_products_stores,revenue,decimal,number,False,False,,,spree_schema_full.json
Spree,spree_promotion_action_line_items,promotion_action_id,bigint,number,True,False,,,spree_schema_full.json
Spree,spree_promotion_action_line_items,variant_id,bigint,number,True,False,,,spree_schema_full.json
Spree,spree_promotion_action_line_items,quantity,integer,number,True,False,,,spree_schema_full.json
Spree,spree_promotion_action_line_items,created_at,datetime,date,True,False,,,spree_schema_full.json
Spree,spree_promotion_action_line_items,updated_at,datetime,date,True,False,,,spree_schema_full.json
Spree,spree_promotion_actions,promotion_id,bigint,number,True,False,,,spree_schema_full.json
Spree,spree_promotion_actions,position,integer,number,True,False,,,spree_schema_full.json
Spree,spree_promotion_actions,type,string,string,True,False,,,spree_schema_full.json
Spree,spree_promotion_actions,deleted_at,datetime,date,True,False,,,spree_schema_full.json
Spree,spree_promotion_actions,created_at,datetime,date,True,False,,,spree_schema_full.json
Spree,spree_promotion_actions,updated_at,datetime,date,True,False,,,spree_schema_full.json
Spree,spree_promotion_categories,name,string,string,True,False,,,spree_schema_full.json
Spree,spree_promotion_categories,created_at,datetime,date,False,False,,,spree_schema_full.json
Spree,spree_promotion_categories,updated_at,datetime,date,False,False,,,spree_schema_full.json
Spree,spree_promotion_categories,code,string,string,True,False,,,spree_schema_full.json
Spree,spree_promotion_rule_users,user_id,bigint,number,True,False,,,spree_schema_full.json
Spree,spree_promotion_rule_users,promotion_rule_id,bigint,number,True,False,,,spree_schema_full.json
Spree,spree_promotion_rule_users,created_at,datetime,date,True,False,,,spree_schema_full.json
Spree,spree_promotion_rule_users,updated_at,datetime,date,True,False,,,spree_schema_full.json
Spree,spree_promotion_rules,promotion_id,bigint,number,True,False,,,spree_schema_full.json
Spree,spree_promotion_rules,user_id,bigint,number,True,False,,,spree_schema_full.json
Spree,spree_promotion_rules,product_group_id,bigint,number,True,False,,,spree_schema_full.json
Spree,spree_promotion_rules,type,string,string,True,False,,,spree_schema_full.json
Spree,spree_promotion_rules,created_at,datetime,date,False,False,,,spree_schema_full.json
Spree,spree_promotion_rules,updated_at,datetime,date,False,False,,,spree_schema_full.json
Spree,spree_promotion_rules,code,string,string,True,False,,,spree_schema_full.json
Spree,spree_promotion_rules,preferences,text,string,True,False,,,spree_schema_full.json
Spree,spree_promotions,description,string,string,True,False,,,spree_schema_full.json
Spree,spree_promotions,expires_at,datetime,date,True,False,,,spree_schema_full.json
Spree,spree_promotions,starts_at,datetime,date,True,False,,,spree_schema_full.json
Spree,spree_promotions,name,string,string,True,False,,,spree_schema_full.json
Spree,spree_promotions,type,string,string,True,False,,,spree_schema_full.json
Spree,spree_promotions,usage_limit,integer,number,True,False,,,spree_schema_full.json
Spree,spree_promotions,match_policy,string,string,True,False,,,spree_schema_full.json
Spree,spree_promotions,code,string,string,True,False,,,spree_schema_full.json
Spree,spree_promotions,advertise,boolean,boolean,True,False,,,spree_schema_full.json
Spree,spree_promotions,path,string,string,True,False,,,spree_schema_full.json
Spree,spree_promotions,created_at,datetime,date,False,False,,,spree_schema_full.json
Spree,spree_promotions,updated_at,datetime,date,False,False,,,spree_schema_full.json
Spree,spree_promotions,promotion_category_id,bigint,number,True,False,,,spree_schema_full.json
Spree,spree_promotions,code_prefix,string,string,True,False,,,spree_schema_full.json
Spree,spree_promotions,number_of_codes,integer,number,True,False,,,spree_schema_full.json
Spree,spree_promotions,kind,integer,number,True,False,,,spree_schema_full.json
Spree,spree_promotions,multi_codes,boolean,boolean,True,False,,,spree_schema_full.json
Spree,spree_promotions_stores,promotion_id,bigint,number,True,False,,,spree_schema_full.json
Spree,spree_promotions_stores,store_id,bigint,number,True,False,,,spree_schema_full.json
Spree,spree_promotions_stores,created_at,datetime,date,False,False,,,spree_schema_full.json
Spree,spree_promotions_stores,updated_at,datetime,date,False,False,,,spree_schema_full.json
Spree,spree_refund_reasons,name,string,string,True,False,,,spree_schema_full.json
Spree,spree_refund_reasons,active,boolean,boolean,True,False,,,spree_schema_full.json
Spree,spree_refund_reasons,created_at,datetime,date,False,False,,,spree_schema_full.json
Spree,spree_refund_reasons,updated_at,datetime,date,False,False,,,spree_schema_full.json
Spree,spree_refund_reasons,mutable,boolean,boolean,True,False,,,spree_schema_full.json
Spree,spree_refunds,payment_id,bigint,number,True,False,,,spree_schema_full.json
Spree,spree_refunds,amount,decimal,number,False,False,,,spree_schema_full.json
Spree,spree_refunds,transaction_id,string,string,True,False,,,spree_schema_full.json
Spree,spree_refunds,created_at,datetime,date,False,False,,,spree_schema_full.json
Spree,spree_refunds,updated_at,datetime,date,False,False,,,spree_schema_full.json
Spree,spree_refunds,refund_reason_id,bigint,number,True,False,,,spree_schema_full.json
Spree,spree_refunds,reimbursement_id,bigint,number,True,False,,,spree_schema_full.json
Spree,spree_refunds,refunder_id,bigint,number,True,False,,,spree_schema_full.json
Spree,spree_refunds,originator_type,string,string,True,False,,,spree_schema_full.json
Spree,spree_refunds,originator_id,bigint,number,True,False,,,spree_schema_full.json
Spree,spree_reimbursement_credits,amount,decimal,number,False,False,,,spree_schema_full.json
Spree,spree_reimbursement_credits,reimbursement_id,bigint,number,True,False,,,spree_schema_full.json
Spree,spree_reimbursement_credits,creditable_id,bigint,number,True,False,,,spree_schema_full.json
Spree,spree_reimbursement_credits,creditable_type,string,string,True,False,,,spree_schema_full.json
Spree,spree_reimbursement_credits,created_at,datetime,date,True,False,,,spree_schema_full.json
Spree,spree_reimbursement_credits,updated_at,datetime,date,True,False,,,spree_schema_full.json
Spree,spree_reimbursement_types,name,string,string,True,False,,,spree_schema_full.json
Spree,spree_reimbursement_types,active,boolean,boolean,True,False,,,spree_schema_full.json
Spree,spree_reimbursement_types,mutable,boolean,boolean,True,False,,,spree_schema_full.json
Spree,spree_reimbursement_types,created_at,datetime,date,False,False,,,spree_schema_full.json
Spree,spree_reimbursement_types,updated_at,datetime,date,False,False,,,spree_schema_full.json
Spree,spree_reimbursement_types,type,string,string,True,False,,,spree_schema_full.json
Spree,spree_reimbursements,number,string,string,True,False,,,spree_schema_full.json
Spree,spree_reimbursements,reimbursement_status,string,string,True,False,,,spree_schema_full.json
Spree,spree_reimbursements,customer_return_id,bigint,number,True,False,,,spree_schema_full.json
Spree,spree_reimbursements,order_id,bigint,number,True,False,,,spree_schema_full.json
Spree,spree_reimbursements,total,decimal,number,True,False,,,spree_schema_full.json
Spree,spree_reimbursements,created_at,datetime,date,False,False,,,spree_schema_full.json
Spree,spree_reimbursements,updated_at,datetime,date,False,False,,,spree_schema_full.json
Spree,spree_return_authorizations,number,string,string,True,False,,,spree_schema_full.json
Spree,spree_return_authorizations,state,string,string,True,False,,,spree_schema_full.json
Spree,spree_return_authorizations,order_id,bigint,number,True,False,,,spree_schema_full.json
Spree,spree_return_authorizations,memo,text,string,True,False,,,spree_schema_full.json
Spree,spree_return_authorizations,created_at,datetime,date,True,False,,,spree_schema_full.json
Spree,spree_return_authorizations,updated_at,datetime,date,True,False,,,spree_schema_full.json
Spree,spree_return_authorizations,stock_location_id,bigint,number,True,False,,,spree_schema_full.json
Spree,spree_return_authorizations,return_authorization_reason_id,bigint,number,True,False,,,spree_schema_full.json
Spree,spree_return_items,return_authorization_id,bigint,number,True,False,,,spree_schema_full.json
Spree,spree_return_items,inventory_unit_id,bigint,number,True,False,,,spree_schema_full.json
Spree,spree_return_items,exchange_variant_id,bigint,number,True,False,,,spree_schema_full.json
Spree,spree_return_items,created_at,datetime,date,False,False,,,spree_schema_full.json
Spree,spree_return_items,updated_at,datetime,date,False,False,,,spree_schema_full.json
Spree,spree_return_items,pre_tax_amount,decimal,number,False,False,,,spree_schema_full.json
Spree,spree_return_items,included_tax_total,decimal,number,False,False,,,spree_schema_full.json
Spree,spree_return_items,additional_tax_total,decimal,number,False,False,,,spree_schema_full.json
Spree,spree_return_items,reception_status,string,string,True,False,,,spree_schema_full.json
Spree,spree_return_items,acceptance_status,string,string,True,False,,,spree_schema_full.json
Spree,spree_return_items,customer_return_id,bigint,number,True,False,,,spree_schema_full.json
Spree,spree_return_items,reimbursement_id,bigint,number,True,False,,,spree_schema_full.json
Spree,spree_return_items,acceptance_status_errors,text,string,True,False,,,spree_schema_full.json
Spree,spree_return_items,preferred_reimbursement_type_id,bigint,number,True,False,,,spree_schema_full.json
Spree,spree_return_items,override_reimbursement_type_id,bigint,number,True,False,,,spree_schema_full.json
Spree,spree_return_items,resellable,boolean,boolean,False,False,,,spree_schema_full.json
Spree,spree_role_users,role_id,bigint,number,True,False,,,spree_schema_full.json
Spree,spree_role_users,user_id,bigint,number,True,False,,,spree_schema_full.json
Spree,spree_role_users,created_at,datetime,date,True,False,,,spree_schema_full.json
Spree,spree_role_users,updated_at,datetime,date,True,False,,,spree_schema_full.json
Spree,spree_roles,name,string,string,True,False,,,spree_schema_full.json
Spree,spree_roles,created_at,datetime,date,True,False,,,spree_schema_full.json
Spree,spree_roles,updated_at,datetime,date,True,False,,,spree_schema_full.json
Spree,spree_roles,description,string,string,True,False,,,spree_schema_full.json
Spree,spree_roles,mutable,boolean,boolean,False,False,,,spree_schema_full.json
Spree,spree_roles,permissions,json,string,True,False,,,spree_schema_full.json
Spree,spree_shipping_method_categories,shipping_method_id,bigint,number,False,False,,,spree_schema_full.json
Spree,spree_shipping_method_categories,shipping_category_id,bigint,number,False,False,,,spree_schema_full.json
Spree,spree_shipping_method_categories,created_at,datetime,date,False,False,,,spree_schema_full.json
Spree,spree_shipping_method_categories,updated_at,datetime,date,False,False,,,spree_schema_full.json
Spree,spree_state_changes,name,string,string,True,False,,,spree_schema_full.json
Spree,spree_state_changes,previous_state,string,string,True,False,,,spree_schema_full.json
Spree,spree_state_changes,stateful_id,bigint,number,True,False,,,spree_schema_full.json
Spree,spree_state_changes,user_id,bigint,number,True,False,,,spree_schema_full.json
Spree,spree_state_changes,stateful_type,string,string,True,False,,,spree_schema_full.json
Spree,spree_state_changes,next_state,string,string,True,False,,,spree_schema_full.json
Spree,spree_state_changes,created_at,datetime,date,False,False,,,spree_schema_full.json
Spree,spree_state_changes,updated_at,datetime,date,False,False,,,spree_schema_full.json
Spree,spree_states,name,string,string,True,False,,,spree_schema_full.json
Spree,spree_states,abbr,string,string,True,False,,,spree_schema_full.json
Spree,spree_states,country_id,bigint,number,True,False,,,spree_schema_full.json
Spree,spree_states,updated_at,datetime,date,True,False,,,spree_schema_full.json
Spree,spree_states,created_at,datetime,date,True,False,,,spree_schema_full.json
Spree,spree_stock_locations,name,string,string,True,False,,,spree_schema_full.json
Spree,spree_stock_locations,created_at,datetime,date,False,False,,,spree_schema_full.json
Spree,spree_stock_locations,updated_at,datetime,date,False,False,,,spree_schema_full.json
Spree,spree_stock_locations,default,boolean,boolean,False,False,,,spree_schema_full.json
Spree,spree_stock_locations,address1,string,string,True,False,,,spree_schema_full.json
Spree,spree_stock_locations,address2,string,string,True,False,,,spree_schema_full.json
Spree,spree_stock_locations,city,string,string,True,False,,,spree_schema_full.json
Spree,spree_stock_locations,state_id,bigint,number,True,False,,,spree_schema_full.json
Spree,spree_stock_locations,state_name,string,string,True,False,,,spree_schema_full.json
Spree,spree_stock_locations,country_id,bigint,number,True,False,,,spree_schema_full.json
Spree,spree_stock_locations,zipcode,string,string,True,False,,,spree_schema_full.json
Spree,spree_stock_locations,phone,string,string,True,False,,,spree_schema_full.json
Spree,spree_stock_locations,active,boolean,boolean,True,False,,,spree_schema_full.json
Spree,spree_stock_locations,backorderable_default,boolean,boolean,True,False,,,spree_schema_full.json
Spree,spree_stock_locations,propagate_all_variants,boolean,boolean,True,False,,,spree_schema_full.json
Spree,spree_stock_locations,admin_name,string,string,True,False,,,spree_schema_full.json
Spree,spree_stock_locations,deleted_at,datetime,date,True,False,,,spree_schema_full.json
Spree,spree_stock_locations,company,string,string,True,False,,,spree_schema_full.json
Spree,spree_stock_locations,kind,string,string,False,False,,,spree_schema_full.json
Spree,spree_stock_locations,pickup_enabled,boolean,boolean,False,False,,,spree_schema_full.json
Spree,spree_stock_locations,pickup_stock_policy,string,string,False,False,,,spree_schema_full.json
Spree,spree_stock_locations,pickup_ready_in_minutes,integer,number,True,False,,,spree_schema_full.json
Spree,spree_stock_locations,pickup_instructions,text,string,True,False,,,spree_schema_full.json
Spree,spree_stock_locations,country_code,string,string,True,False,,,spree_schema_full.json
Spree,spree_stock_locations,state_code,string,string,True,False,,,spree_schema_full.json
Spree,spree_stock_locations,returns_enabled,boolean,boolean,False,False,,,spree_schema_full.json
Spree,spree_stock_movements,stock_item_id,bigint,number,True,False,,,spree_schema_full.json
Spree,spree_stock_movements,quantity,integer,number,True,False,,,spree_schema_full.json
Spree,spree_stock_movements,action,string,string,True,False,,,spree_schema_full.json
Spree,spree_stock_movements,created_at,datetime,date,False,False,,,spree_schema_full.json
Spree,spree_stock_movements,updated_at,datetime,date,False,False,,,spree_schema_full.json
Spree,spree_stock_movements,originator_type,string,string,True,False,,,spree_schema_full.json
Spree,spree_stock_movements,originator_id,bigint,number,True,False,,,spree_schema_full.json
Spree,spree_stock_movements,kind,string,string,True,False,,,spree_schema_full.json
Spree,spree_stock_movements,reason,string,string,True,False,,,spree_schema_full.json
Spree,spree_stock_movements,order_id,bigint(ref),number,True,False,,,spree_schema_full.json
Spree,spree_stock_movements,fulfillment_id,bigint(ref),number,True,False,,,spree_schema_full.json
Spree,spree_stock_movements,return_id,bigint(ref),number,True,False,,,spree_schema_full.json
Spree,spree_stock_movements,exchange_id,bigint(ref),number,True,False,,,spree_schema_full.json
Spree,spree_stock_movements,stock_transfer_id,bigint(ref),number,True,False,,,spree_schema_full.json
Spree,spree_stock_movements,purchase_order_id,bigint,number,True,False,,,spree_schema_full.json
Spree,spree_stock_movements,unit_cost,decimal,number,True,False,,,spree_schema_full.json
Spree,spree_stock_movements,stock_receipt_id,bigint,number,True,False,,,spree_schema_full.json
Spree,spree_stock_transfers,reference,string,string,True,False,,,spree_schema_full.json
Spree,spree_stock_transfers,source_location_id,bigint,number,True,False,,,spree_schema_full.json
Spree,spree_stock_transfers,destination_location_id,bigint,number,True,False,,,spree_schema_full.json
Spree,spree_stock_transfers,created_at,datetime,date,False,False,,,spree_schema_full.json
Spree,spree_stock_transfers,updated_at,datetime,date,False,False,,,spree_schema_full.json
Spree,spree_stock_transfers,number,string,string,True,False,,,spree_schema_full.json
Spree,spree_stock_transfers,public_metadata,json,string,True,False,,,spree_schema_full.json
Spree,spree_stock_transfers,private_metadata,json,string,True,False,,,spree_schema_full.json
Spree,spree_stock_transfers,store_id,bigint,number,True,False,,,spree_schema_full.json
Spree,spree_stock_transfers,status,string,string,True,False,,,spree_schema_full.json
Spree,spree_stock_transfers,shipped_at,datetime,date,True,False,,,spree_schema_full.json
Spree,spree_stock_transfers,received_at,datetime,date,True,False,,,spree_schema_full.json
Spree,spree_stock_transfers,notes,text,string,True,False,,,spree_schema_full.json
Spree,spree_stock_transfers,created_by_id,bigint,number,True,False,,,spree_schema_full.json
Spree,spree_stock_transfers,deleted_at,datetime,date,True,False,,,spree_schema_full.json
Spree,spree_stock_transfers,closed_short_at,datetime,date,True,False,,,spree_schema_full.json
Spree,spree_stock_transfers,close_reason,text,string,True,False,,,spree_schema_full.json
Spree,spree_store_credit_categories,name,string,string,True,False,,,spree_schema_full.json
Spree,spree_store_credit_categories,created_at,datetime,date,False,False,,,spree_schema_full.json
Spree,spree_store_credit_categories,updated_at,datetime,date,False,False,,,spree_schema_full.json
Spree,spree_store_credit_events,store_credit_id,bigint,number,False,False,,,spree_schema_full.json
Spree,spree_store_credit_events,action,string,string,False,False,,,spree_schema_full.json
Spree,spree_store_credit_events,amount,decimal,number,True,False,,,spree_schema_full.json
Spree,spree_store_credit_events,authorization_code,string,string,False,False,,,spree_schema_full.json
Spree,spree_store_credit_events,user_total_amount,decimal,number,False,False,,,spree_schema_full.json
Spree,spree_store_credit_events,originator_id,bigint,number,True,False,,,spree_schema_full.json
Spree,spree_store_credit_events,originator_type,string,string,True,False,,,spree_schema_full.json
Spree,spree_store_credit_events,deleted_at,datetime,date,True,False,,,spree_schema_full.json
Spree,spree_store_credit_events,created_at,datetime,date,False,False,,,spree_schema_full.json
Spree,spree_store_credit_events,updated_at,datetime,date,False,False,,,spree_schema_full.json
Spree,spree_store_credit_types,name,string,string,True,False,,,spree_schema_full.json
Spree,spree_store_credit_types,priority,integer,number,True,False,,,spree_schema_full.json
Spree,spree_store_credit_types,created_at,datetime,date,False,False,,,spree_schema_full.json
Spree,spree_store_credit_types,updated_at,datetime,date,False,False,,,spree_schema_full.json
Spree,spree_store_credits,user_id,bigint,number,True,False,,,spree_schema_full.json
Spree,spree_store_credits,category_id,bigint,number,True,False,,,spree_schema_full.json
Spree,spree_store_credits,created_by_id,bigint,number,True,False,,,spree_schema_full.json
Spree,spree_store_credits,amount,decimal,number,False,False,,,spree_schema_full.json
Spree,spree_store_credits,amount_used,decimal,number,False,False,,,spree_schema_full.json
Spree,spree_store_credits,memo,text,string,True,False,,,spree_schema_full.json
Spree,spree_store_credits,deleted_at,datetime,date,True,False,,,spree_schema_full.json
Spree,spree_store_credits,currency,string,string,True,False,,,spree_schema_full.json
Spree,spree_store_credits,amount_authorized,decimal,number,False,False,,,spree_schema_full.json
Spree,spree_store_credits,originator_id,bigint,number,True,False,,,spree_schema_full.json
Spree,spree_store_credits,originator_type,string,string,True,False,,,spree_schema_full.json
Spree,spree_store_credits,type_id,bigint,number,True,False,,,spree_schema_full.json
Spree,spree_store_credits,created_at,datetime,date,False,False,,,spree_schema_full.json
Spree,spree_store_credits,updated_at,datetime,date,False,False,,,spree_schema_full.json
Spree,spree_store_credits,store_id,bigint,number,True,False,,,spree_schema_full.json
Spree,spree_stores,name,string,string,True,False,,,spree_schema_full.json
Spree,spree_stores,url,string,string,True,False,,,spree_schema_full.json
Spree,spree_stores,meta_description,text,string,True,False,,,spree_schema_full.json
Spree,spree_stores,meta_keywords,text,string,True,False,,,spree_schema_full.json
Spree,spree_stores,seo_title,string,string,True,False,,,spree_schema_full.json
Spree,spree_stores,mail_from_address,string,string,True,False,,,spree_schema_full.json
Spree,spree_stores,default_currency,string,string,True,False,,,spree_schema_full.json
Spree,spree_stores,code,string,string,True,False,,,spree_schema_full.json
Spree,spree_stores,default,boolean,boolean,False,False,,,spree_schema_full.json
Spree,spree_stores,created_at,datetime,date,False,False,,,spree_schema_full.json
Spree,spree_stores,updated_at,datetime,date,False,False,,,spree_schema_full.json
Spree,spree_stores,supported_currencies,string,string,True,False,,,spree_schema_full.json
Spree,spree_stores,facebook,string,string,True,False,,,spree_schema_full.json
Spree,spree_stores,twitter,string,string,True,False,,,spree_schema_full.json
Spree,spree_stores,instagram,string,string,True,False,,,spree_schema_full.json
Spree,spree_stores,default_locale,string,string,True,False,,,spree_schema_full.json
Spree,spree_stores,customer_support_email,string,string,True,False,,,spree_schema_full.json
Spree,spree_stores,default_country_id,bigint,number,True,False,,,spree_schema_full.json
Spree,spree_stores,description,text,string,True,False,,,spree_schema_full.json
Spree,spree_stores,address,text,string,True,False,,,spree_schema_full.json
Spree,spree_stores,contact_phone,string,string,True,False,,,spree_schema_full.json
Spree,spree_stores,new_order_notifications_email,string,string,True,False,,,spree_schema_full.json
Spree,spree_stores,checkout_zone_id,bigint,number,True,False,,,spree_schema_full.json
Spree,spree_stores,seo_robots,string,string,True,False,,,spree_schema_full.json
Spree,spree_stores,supported_locales,string,string,True,False,,,spree_schema_full.json
Spree,spree_stores,deleted_at,datetime,date,True,False,,,spree_schema_full.json
Spree,spree_stores,settings,json,string,True,False,,,spree_schema_full.json
Spree,spree_stores,preferences,text,string,True,False,,,spree_schema_full.json
Spree,spree_stores,public_metadata,json,string,True,False,,,spree_schema_full.json
Spree,spree_stores,private_metadata,json,string,True,False,,,spree_schema_full.json
Spree,spree_stores,storefront_custom_code_head,text,string,True,False,,,spree_schema_full.json
Spree,spree_stores,storefront_custom_code_body_start,text,string,True,False,,,spree_schema_full.json
Spree,spree_stores,storefront_custom_code_body_end,text,string,True,False,,,spree_schema_full.json
Spree,spree_stores,default_country_code,string,string,True,False,,,spree_schema_full.json
Spree,spree_stores,setup_token,string,string,True,False,,,spree_schema_full.json
Spree,spree_tax_categories,name,string,string,True,False,,,spree_schema_full.json
Spree,spree_tax_categories,description,string,string,True,False,,,spree_schema_full.json
Spree,spree_tax_categories,is_default,boolean,boolean,True,False,,,spree_schema_full.json
Spree,spree_tax_categories,deleted_at,datetime,date,True,False,,,spree_schema_full.json
Spree,spree_tax_categories,created_at,datetime,date,False,False,,,spree_schema_full.json
Spree,spree_tax_categories,updated_at,datetime,date,False,False,,,spree_schema_full.json
Spree,spree_tax_categories,tax_code,string,string,True,False,,,spree_schema_full.json
Spree,spree_tax_rates,amount,decimal,number,True,False,,,spree_schema_full.json
Spree,spree_tax_rates,zone_id,bigint,number,True,False,,,spree_schema_full.json
Spree,spree_tax_rates,tax_category_id,bigint,number,True,False,,,spree_schema_full.json
Spree,spree_tax_rates,included_in_price,boolean,boolean,True,False,,,spree_schema_full.json
Spree,spree_tax_rates,created_at,datetime,date,False,False,,,spree_schema_full.json
Spree,spree_tax_rates,updated_at,datetime,date,False,False,,,spree_schema_full.json
Spree,spree_tax_rates,name,string,string,True,False,,,spree_schema_full.json
Spree,spree_tax_rates,show_rate_in_label,boolean,boolean,True,False,,,spree_schema_full.json
Spree,spree_tax_rates,deleted_at,datetime,date,True,False,,,spree_schema_full.json
Spree,spree_tax_rates,public_metadata,json,string,True,False,,,spree_schema_full.json
Spree,spree_tax_rates,private_metadata,json,string,True,False,,,spree_schema_full.json
Spree,spree_tax_rates,country_code,string,string,True,False,,,spree_schema_full.json
Spree,spree_tax_rates,state_code,string,string,True,False,,,spree_schema_full.json
Spree,spree_taxonomies,name,string,string,False,False,,,spree_schema_full.json
Spree,spree_taxonomies,created_at,datetime,date,False,False,,,spree_schema_full.json
Spree,spree_taxonomies,updated_at,datetime,date,False,False,,,spree_schema_full.json
Spree,spree_taxonomies,position,integer,number,True,False,,,spree_schema_full.json
Spree,spree_taxonomies,store_id,bigint,number,True,False,,,spree_schema_full.json
Spree,spree_trackers,analytics_id,string,string,True,False,,,spree_schema_full.json
Spree,spree_trackers,active,boolean,boolean,True,False,,,spree_schema_full.json
Spree,spree_trackers,created_at,datetime,date,False,False,,,spree_schema_full.json
Spree,spree_trackers,updated_at,datetime,date,False,False,,,spree_schema_full.json
Spree,spree_trackers,engine,integer,number,False,False,,,spree_schema_full.json
Spree,spree_users,encrypted_password,string,string,True,False,,,spree_schema_full.json
Spree,spree_users,password_salt,string,string,True,False,,,spree_schema_full.json
Spree,spree_users,email,string,string,True,False,,,spree_schema_full.json
Spree,spree_users,remember_token,string,string,True,False,,,spree_schema_full.json
Spree,spree_users,persistence_token,string,string,True,False,,,spree_schema_full.json
Spree,spree_users,reset_password_token,string,string,True,False,,,spree_schema_full.json
Spree,spree_users,perishable_token,string,string,True,False,,,spree_schema_full.json
Spree,spree_users,sign_in_count,integer,number,False,False,,,spree_schema_full.json
Spree,spree_users,failed_attempts,integer,number,False,False,,,spree_schema_full.json
Spree,spree_users,last_request_at,datetime,date,True,False,,,spree_schema_full.json
Spree,spree_users,current_sign_in_at,datetime,date,True,False,,,spree_schema_full.json
Spree,spree_users,last_sign_in_at,datetime,date,True,False,,,spree_schema_full.json
Spree,spree_users,current_sign_in_ip,string,string,True,False,,,spree_schema_full.json
Spree,spree_users,last_sign_in_ip,string,string,True,False,,,spree_schema_full.json
Spree,spree_users,login,string,string,True,False,,,spree_schema_full.json
Spree,spree_users,ship_address_id,bigint,number,True,False,,,spree_schema_full.json
Spree,spree_users,bill_address_id,bigint,number,True,False,,,spree_schema_full.json
Spree,spree_users,authentication_token,string,string,True,False,,,spree_schema_full.json
Spree,spree_users,unlock_token,string,string,True,False,,,spree_schema_full.json
Spree,spree_users,locked_at,datetime,date,True,False,,,spree_schema_full.json
Spree,spree_users,remember_created_at,datetime,date,True,False,,,spree_schema_full.json
Spree,spree_users,reset_password_sent_at,datetime,date,True,False,,,spree_schema_full.json
Spree,spree_users,created_at,datetime,date,False,False,,,spree_schema_full.json
Spree,spree_users,updated_at,datetime,date,False,False,,,spree_schema_full.json
Spree,spree_variants,sku,string,string,False,False,,,spree_schema_full.json
Spree,spree_variants,weight,decimal,number,True,False,,,spree_schema_full.json
Spree,spree_variants,height,decimal,number,True,False,,,spree_schema_full.json
Spree,spree_variants,width,decimal,number,True,False,,,spree_schema_full.json
Spree,spree_variants,depth,decimal,number,True,False,,,spree_schema_full.json
Spree,spree_variants,deleted_at,datetime,date,True,False,,,spree_schema_full.json
Spree,spree_variants,is_master,boolean,boolean,True,False,,,spree_schema_full.json
Spree,spree_variants,product_id,bigint,number,True,False,,,spree_schema_full.json
Spree,spree_variants,cost_price,decimal,number,True,False,,,spree_schema_full.json
Spree,spree_variants,position,integer,number,True,False,,,spree_schema_full.json
Spree,spree_variants,cost_currency,string,string,True,False,,,spree_schema_full.json
Spree,spree_variants,track_inventory,boolean,boolean,True,False,,,spree_schema_full.json
Spree,spree_variants,tax_category_id,bigint,number,True,False,,,spree_schema_full.json
Spree,spree_variants,updated_at,datetime,date,False,False,,,spree_schema_full.json
Spree,spree_variants,discontinue_on,datetime,date,True,False,,,spree_schema_full.json
Spree,spree_variants,created_at,datetime,date,False,False,,,spree_schema_full.json
Spree,spree_variants,public_metadata,json,string,True,False,,,spree_schema_full.json
Spree,spree_variants,private_metadata,json,string,True,False,,,spree_schema_full.json
Spree,spree_variants,barcode,string,string,True,False,,,spree_schema_full.json
Spree,spree_variants,weight_unit,string,string,True,False,,,spree_schema_full.json
Spree,spree_variants,dimensions_unit,string,string,True,False,,,spree_schema_full.json
Spree,spree_variants,image_count,integer,number,False,False,,,spree_schema_full.json
Spree,spree_variants,thumbnail_id,bigint,number,True,False,,,spree_schema_full.json
Spree,spree_variants,preorderable,boolean,boolean,True,False,,,spree_schema_full.json
Spree,spree_variants,preorder_ships_at,datetime,date,True,False,,,spree_schema_full.json
Spree,spree_variants,backorder_limit,integer,number,True,False,,,spree_schema_full.json
Spree,spree_variants,hs_code,string,string,True,False,,,spree_schema_full.json
Spree,spree_variants,country_of_origin,string,string,True,False,,,spree_schema_full.json
Spree,spree_variants,customs_description,string,string,True,False,,,spree_schema_full.json
Spree,spree_variants,minimum_order_quantity,integer,number,True,False,,,spree_schema_full.json
Spree,spree_variants,order_multiple,integer,number,True,False,,,spree_schema_full.json
Spree,spree_variants,purchase_unit,string,string,True,False,,,spree_schema_full.json
Spree,spree_variants,units_per_carton,integer,number,True,False,,,spree_schema_full.json
Spree,spree_variants,carton_weight,decimal,number,True,False,,,spree_schema_full.json
Spree,spree_variants,cartons_per_pallet,integer,number,True,False,,,spree_schema_full.json
Spree,spree_zone_members,zoneable_type,string,string,True,False,,,spree_schema_full.json
Spree,spree_zone_members,zoneable_id,bigint,number,True,False,,,spree_schema_full.json
Spree,spree_zone_members,zone_id,bigint,number,True,False,,,spree_schema_full.json
Spree,spree_zone_members,created_at,datetime,date,False,False,,,spree_schema_full.json
Spree,spree_zone_members,updated_at,datetime,date,False,False,,,spree_schema_full.json
Spree,spree_zones,name,string,string,True,False,,,spree_schema_full.json
Spree,spree_zones,description,string,string,True,False,,,spree_schema_full.json
Spree,spree_zones,default_tax,boolean,boolean,True,False,,,spree_schema_full.json
Spree,spree_zones,zone_members_count,integer,number,True,False,,,spree_schema_full.json
Spree,spree_zones,created_at,datetime,date,False,False,,,spree_schema_full.json
Spree,spree_zones,updated_at,datetime,date,False,False,,,spree_schema_full.json
Spree,spree_zones,kind,string,string,True,False,,,spree_schema_full.json
Spree,spree_wishlists,user_id,bigint(ref),number,True,False,,,spree_schema_full.json
Spree,spree_wishlists,store_id,bigint(ref),number,True,False,,,spree_schema_full.json
Spree,spree_wishlists,name,string,string,True,False,,,spree_schema_full.json
Spree,spree_wishlists,token,string,string,False,False,,,spree_schema_full.json
Spree,spree_wishlists,is_private,boolean,boolean,False,False,,,spree_schema_full.json
Spree,spree_wishlists,is_default,boolean,boolean,False,False,,,spree_schema_full.json
Spree,spree_digital_links,digital_id,bigint(ref),number,True,False,,,spree_schema_full.json
Spree,spree_digital_links,line_item_id,bigint(ref),number,True,False,,,spree_schema_full.json
Spree,spree_digital_links,secret,string,string,True,False,,,spree_schema_full.json
Spree,spree_digital_links,access_counter,integer,number,True,False,,,spree_schema_full.json
Spree,spree_payment_sources,gateway_payment_profile_id,string,string,True,False,,,spree_schema_full.json
Spree,spree_payment_sources,type,string,string,True,False,,,spree_schema_full.json
Spree,spree_payment_sources,payment_method_id,bigint(ref),number,True,False,,,spree_schema_full.json
Spree,spree_payment_sources,user_id,bigint(ref),number,True,False,,,spree_schema_full.json
Spree,spree_payment_sources,public_metadata,json,string,True,False,,,spree_schema_full.json
Spree,spree_payment_sources,private_metadata,json,string,True,False,,,spree_schema_full.json
Spree,spree_payment_sources,gateway_customer_profile_id,string,string,True,False,,,spree_schema_full.json
Spree,spree_product_translations,name,string,string,True,False,spree_product,,spree_schema_full.json
Spree,spree_product_translations,description,text,string,True,False,spree_product,,spree_schema_full.json
Spree,spree_product_translations,locale,string,string,False,False,spree_product,,spree_schema_full.json
Spree,spree_product_translations,spree_product_id,bigint(ref),number,False,False,spree_product,,spree_schema_full.json
Spree,spree_product_translations,meta_description,text,string,True,False,spree_product,,spree_schema_full.json
Spree,spree_product_translations,meta_keywords,string,string,True,False,spree_product,,spree_schema_full.json
Spree,spree_product_translations,meta_title,string,string,True,False,spree_product,,spree_schema_full.json
Spree,spree_product_translations,slug,string,string,True,False,spree_product,,spree_schema_full.json
Spree,spree_product_translations,deleted_at,datetime,date,True,False,spree_product,,spree_schema_full.json
Spree,spree_option_type_translations,presentation,string,string,True,False,spree_option_type,,spree_schema_full.json
Spree,spree_option_type_translations,locale,string,string,False,False,spree_option_type,,spree_schema_full.json
Spree,spree_option_type_translations,spree_option_type_id,bigint(ref),number,False,False,spree_option_type,,spree_schema_full.json
Spree,spree_option_value_translations,presentation,string,string,True,False,spree_option_value,,spree_schema_full.json
Spree,spree_option_value_translations,locale,string,string,False,False,spree_option_value,,spree_schema_full.json
Spree,spree_option_value_translations,spree_option_value_id,bigint(ref),number,False,False,spree_option_value,,spree_schema_full.json
Spree,spree_taxonomy_translations,name,string,string,True,False,spree_taxonomy,,spree_schema_full.json
Spree,spree_taxonomy_translations,locale,string,string,False,False,spree_taxonomy,,spree_schema_full.json
Spree,spree_taxonomy_translations,spree_taxonomy_id,bigint(ref),number,False,False,spree_taxonomy,,spree_schema_full.json
Spree,spree_store_translations,name,string,string,True,False,spree_store,,spree_schema_full.json
Spree,spree_store_translations,meta_description,text,string,True,False,spree_store,,spree_schema_full.json
Spree,spree_store_translations,meta_keywords,text,string,True,False,spree_store,,spree_schema_full.json
Spree,spree_store_translations,seo_title,string,string,True,False,spree_store,,spree_schema_full.json
Spree,spree_store_translations,facebook,string,string,True,False,spree_store,,spree_schema_full.json
Spree,spree_store_translations,twitter,string,string,True,False,spree_store,,spree_schema_full.json
Spree,spree_store_translations,instagram,string,string,True,False,spree_store,,spree_schema_full.json
Spree,spree_store_translations,customer_support_email,string,string,True,False,spree_store,,spree_schema_full.json
Spree,spree_store_translations,description,text,string,True,False,spree_store,,spree_schema_full.json
Spree,spree_store_translations,address,text,string,True,False,spree_store,,spree_schema_full.json
Spree,spree_store_translations,contact_phone,string,string,True,False,spree_store,,spree_schema_full.json
Spree,spree_store_translations,new_order_notifications_email,string,string,True,False,spree_store,,spree_schema_full.json
Spree,spree_store_translations,locale,string,string,False,False,spree_store,,spree_schema_full.json
Spree,spree_store_translations,spree_store_id,bigint(ref),number,False,False,spree_store,,spree_schema_full.json
Spree,spree_store_translations,deleted_at,datetime,date,True,False,spree_store,,spree_schema_full.json
Spree,spree_data_feeds,spree_store_id,bigint(ref),number,True,False,,,spree_schema_full.json
Spree,spree_data_feeds,name,string,string,True,False,,,spree_schema_full.json
Spree,spree_data_feeds,provider,string,string,True,False,,,spree_schema_full.json
Spree,spree_data_feeds,uuid,string,string,True,False,,,spree_schema_full.json
Spree,spree_data_feeds,enabled,boolean,boolean,True,False,,,spree_schema_full.json
Spree,spree_coupon_codes,code,string,string,True,False,,,spree_schema_full.json
Spree,spree_coupon_codes,promotion_id,bigint(ref),number,True,False,,,spree_schema_full.json
Spree,spree_coupon_codes,order_id,bigint(ref),number,True,False,,,spree_schema_full.json
Spree,spree_coupon_codes,state,integer,number,False,False,,,spree_schema_full.json
Spree,spree_coupon_codes,deleted_at,datetime,date,True,False,,,spree_schema_full.json
Spree,action_text_rich_texts,locale,string,string,False,False,,,spree_schema_full.json
Spree,spree_exports,user_id,bigint(ref),number,True,False,,,spree_schema_full.json
Spree,spree_exports,store_id,bigint(ref),number,False,False,,,spree_schema_full.json
Spree,spree_exports,number,string,string,False,False,,,spree_schema_full.json
Spree,spree_exports,type,string,string,False,False,,,spree_schema_full.json
Spree,spree_exports,search_params,json,string,True,False,,,spree_schema_full.json
Spree,spree_exports,format,integer,number,False,False,,,spree_schema_full.json
Spree,spree_exports,preferences,text,string,True,False,,,spree_schema_full.json
Spree,spree_taxon_rules,taxon_id,bigint(ref),number,False,False,,,spree_schema_full.json
Spree,spree_taxon_rules,type,string,string,False,False,,,spree_schema_full.json
Spree,spree_taxon_rules,value,string,string,False,False,,,spree_schema_full.json
Spree,spree_taxon_rules,match_policy,string,string,False,False,,,spree_schema_full.json
Spree,spree_custom_domains,store_id,bigint(ref),number,False,False,,,spree_schema_full.json
Spree,spree_custom_domains,url,string,string,False,False,,,spree_schema_full.json
Spree,spree_custom_domains,status,boolean,boolean,True,False,,,spree_schema_full.json
Spree,spree_custom_domains,default,boolean,boolean,False,False,,,spree_schema_full.json
Spree,spree_custom_domains,public_metadata,json,string,True,False,,,spree_schema_full.json
Spree,spree_custom_domains,private_metadata,json,string,True,False,,,spree_schema_full.json
Spree,spree_reports,store_id,bigint(ref),number,False,False,,,spree_schema_full.json
Spree,spree_reports,user_id,bigint(ref),number,True,False,,,spree_schema_full.json
Spree,spree_reports,type,string,string,True,False,,,spree_schema_full.json
Spree,spree_reports,currency,string,string,True,False,,,spree_schema_full.json
Spree,spree_reports,date_from,datetime,date,True,False,,,spree_schema_full.json
Spree,spree_reports,date_to,datetime,date,True,False,,,spree_schema_full.json
Spree,spree_gateway_customers,profile_id,string,string,False,False,,,spree_schema_full.json
Spree,spree_gateway_customers,payment_method_id,bigint,number,False,False,,,spree_schema_full.json
Spree,spree_gateway_customers,user_id,bigint,number,False,False,,,spree_schema_full.json
Spree,spree_taggings,tag_id,bigint,number,True,False,,,spree_schema_full.json
Spree,spree_taggings,taggable_type,string,string,True,False,,,spree_schema_full.json
Spree,spree_taggings,taggable_id,bigint,number,True,False,,,spree_schema_full.json
Spree,spree_taggings,tagger_type,string,string,True,False,,,spree_schema_full.json
Spree,spree_taggings,tagger_id,bigint,number,True,False,,,spree_schema_full.json
Spree,spree_taggings,context,string,string,True,False,,,spree_schema_full.json
Spree,spree_taggings,created_at,datetime,date,True,False,,,spree_schema_full.json
Spree,spree_taggings,tenant,string,string,True,False,,,spree_schema_full.json
Spree,spree_tags,name,string,string,True,False,,,spree_schema_full.json
Spree,spree_tags,created_at,datetime,date,False,False,,,spree_schema_full.json
Spree,spree_tags,updated_at,datetime,date,False,False,,,spree_schema_full.json
Spree,spree_tags,taggings_count,integer,number,True,False,,,spree_schema_full.json
Spree,spree_integrations,store_id,bigint(ref),number,False,False,,,spree_schema_full.json
Spree,spree_integrations,type,string,string,False,False,,,spree_schema_full.json
Spree,spree_integrations,preferences,text,string,True,False,,,spree_schema_full.json
Spree,spree_integrations,active,boolean,boolean,False,False,,,spree_schema_full.json
Spree,spree_invitations,email,string,string,False,False,,,spree_schema_full.json
Spree,spree_invitations,token,string,string,False,False,,,spree_schema_full.json
Spree,spree_invitations,status,string,string,False,False,,,spree_schema_full.json
Spree,spree_invitations,resource_id,bigint(ref),number,False,False,,,spree_schema_full.json
Spree,spree_invitations,inviter_id,bigint(ref),number,False,False,,,spree_schema_full.json
Spree,spree_invitations,invitee_id,bigint(ref),number,True,False,,,spree_schema_full.json
Spree,spree_invitations,role_id,bigint(ref),number,False,False,,,spree_schema_full.json
Spree,spree_invitations,accepted_at,datetime,date,True,False,,,spree_schema_full.json
Spree,spree_invitations,expires_at,datetime,date,True,False,,,spree_schema_full.json
Spree,spree_invitations,deleted_at,datetime,date,True,False,,,spree_schema_full.json
Spree,spree_gift_card_batches,store_id,bigint(ref),number,False,False,,,spree_schema_full.json
Spree,spree_gift_card_batches,created_by_id,bigint(ref),number,True,False,,,spree_schema_full.json
Spree,spree_gift_card_batches,codes_count,integer,number,False,False,,,spree_schema_full.json
Spree,spree_gift_card_batches,amount,decimal,number,False,False,,,spree_schema_full.json
Spree,spree_gift_card_batches,currency,string,string,False,False,,,spree_schema_full.json
Spree,spree_gift_card_batches,prefix,string,string,True,False,,,spree_schema_full.json
Spree,spree_gift_card_batches,expires_at,date,date,True,False,,,spree_schema_full.json
Spree,spree_gift_cards,store_id,bigint(ref),number,False,False,,,spree_schema_full.json
Spree,spree_gift_cards,user_id,bigint(ref),number,True,False,,,spree_schema_full.json
Spree,spree_gift_cards,gift_card_batch_id,bigint(ref),number,True,False,,,spree_schema_full.json
Spree,spree_gift_cards,created_by_id,bigint(ref),number,True,False,,,spree_schema_full.json
Spree,spree_gift_cards,code,string,string,False,False,,,spree_schema_full.json
Spree,spree_gift_cards,state,string,string,False,False,,,spree_schema_full.json
Spree,spree_gift_cards,amount,decimal,number,False,False,,,spree_schema_full.json
Spree,spree_gift_cards,amount_authorized,decimal,number,False,False,,,spree_schema_full.json
Spree,spree_gift_cards,amount_used,decimal,number,False,False,,,spree_schema_full.json
Spree,spree_gift_cards,currency,string,string,False,False,,,spree_schema_full.json
Spree,spree_gift_cards,expires_at,date,date,True,False,,,spree_schema_full.json
Spree,spree_gift_cards,redeemed_at,datetime,date,True,False,,,spree_schema_full.json
Spree,spree_policies,slug,string,string,False,False,,,spree_schema_full.json
Spree,spree_policies,name,string,string,False,False,,,spree_schema_full.json
Spree,spree_policies,body,text,string,True,False,,,spree_schema_full.json
Spree,spree_policy_translations,locale,string,string,False,False,,,spree_schema_full.json
Spree,spree_policy_translations,name,string,string,True,False,,,spree_schema_full.json
Spree,spree_policy_translations,spree_policy_id,bigint(ref),number,False,False,,,spree_schema_full.json
Spree,spree_policy_translations,body,text,string,True,False,,,spree_schema_full.json
Spree,spree_newsletter_subscribers,email,string,string,False,False,,,spree_schema_full.json
Spree,spree_newsletter_subscribers,user_id,bigint(ref),number,True,False,,,spree_schema_full.json
Spree,spree_newsletter_subscribers,verified_at,datetime,date,True,False,,,spree_schema_full.json
Spree,spree_newsletter_subscribers,verification_token,string,string,True,False,,,spree_schema_full.json
Spree,spree_imports,user_id,bigint(ref),number,False,False,,,spree_schema_full.json
Spree,spree_imports,owner_id,bigint(ref),number,False,False,,,spree_schema_full.json
Spree,spree_imports,status,string,string,False,False,,,spree_schema_full.json
Spree,spree_imports,number,string,string,False,False,,,spree_schema_full.json
Spree,spree_imports,type,string,string,False,False,,,spree_schema_full.json
Spree,spree_imports,processing_errors,text,string,True,False,,,spree_schema_full.json
Spree,spree_imports,preferences,text,string,True,False,,,spree_schema_full.json
Spree,spree_imports,rows_count,integer,number,False,False,,,spree_schema_full.json
Spree,spree_imports,processing_groups_count,integer,number,True,False,,,spree_schema_full.json
Spree,spree_imports,completed_groups_count,integer,number,True,False,,,spree_schema_full.json
Spree,spree_import_rows,import_id,bigint(ref),number,False,False,,,spree_schema_full.json
Spree,spree_import_rows,item_id,bigint(ref),number,True,False,,,spree_schema_full.json
Spree,spree_import_rows,status,string,string,False,False,,,spree_schema_full.json
Spree,spree_import_rows,row_number,integer,number,False,False,,,spree_schema_full.json
Spree,spree_import_rows,data,text,string,False,False,,,spree_schema_full.json
Spree,spree_import_rows,validation_errors,text,string,True,False,,,spree_schema_full.json
Spree,spree_import_mappings,import_id,bigint(ref),number,False,False,,,spree_schema_full.json
Spree,spree_import_mappings,schema_field,string,string,False,False,,,spree_schema_full.json
Spree,spree_import_mappings,file_column,string,string,True,False,,,spree_schema_full.json
Spree,spree_user_identities,user_id,bigint(ref),number,False,False,,,spree_schema_full.json
Spree,spree_user_identities,provider,string,string,False,False,,,spree_schema_full.json
Spree,spree_user_identities,uid,string,string,False,False,,,spree_schema_full.json
Spree,spree_user_identities,info,json,string,True,False,,,spree_schema_full.json
Spree,spree_user_identities,access_token,string,string,True,False,,,spree_schema_full.json
Spree,spree_user_identities,refresh_token,string,string,True,False,,,spree_schema_full.json
Spree,spree_user_identities,expires_at,datetime,date,True,False,,,spree_schema_full.json
Spree,spree_price_lists,store_id,bigint(ref),number,False,False,,,spree_schema_full.json
Spree,spree_price_lists,name,string,string,False,False,,,spree_schema_full.json
Spree,spree_price_lists,description,text,string,True,False,,,spree_schema_full.json
Spree,spree_price_lists,position,integer,number,False,False,,,spree_schema_full.json
Spree,spree_price_lists,status,string,string,False,False,,,spree_schema_full.json
Spree,spree_price_lists,starts_at,datetime,date,True,False,,,spree_schema_full.json
Spree,spree_price_lists,ends_at,datetime,date,True,False,,,spree_schema_full.json
Spree,spree_price_lists,match_policy,string,string,False,False,,,spree_schema_full.json
Spree,spree_price_lists,deleted_at,datetime,date,True,False,,,spree_schema_full.json
Spree,spree_price_lists,price_adjustment_percentage,decimal,number,True,False,,,spree_schema_full.json
Spree,spree_price_lists,adjust_compare_at,boolean,boolean,False,False,,,spree_schema_full.json
Spree,spree_price_rules,price_list_id,bigint(ref),number,False,False,,,spree_schema_full.json
Spree,spree_price_rules,type,string,string,False,False,,,spree_schema_full.json
Spree,spree_price_rules,preferences,text,string,True,False,,,spree_schema_full.json
Spree,spree_webhook_endpoints,store_id,bigint(ref),number,False,False,,,spree_schema_full.json
Spree,spree_webhook_endpoints,url,string,string,False,False,,,spree_schema_full.json
Spree,spree_webhook_endpoints,active,boolean,boolean,False,False,,,spree_schema_full.json
Spree,spree_webhook_endpoints,subscriptions,json,string,False,False,,,spree_schema_full.json
Spree,spree_webhook_endpoints,secret_key,string,string,False,False,,,spree_schema_full.json
Spree,spree_webhook_endpoints,deleted_at,datetime,date,True,False,,,spree_schema_full.json
Spree,spree_webhook_endpoints,name,string,string,True,False,,,spree_schema_full.json
Spree,spree_webhook_endpoints,disabled_reason,string,string,True,False,,,spree_schema_full.json
Spree,spree_webhook_endpoints,disabled_at,datetime,date,True,False,,,spree_schema_full.json
Spree,spree_webhook_deliveries,webhook_endpoint_id,bigint(ref),number,False,False,,,spree_schema_full.json
Spree,spree_webhook_deliveries,event_name,string,string,False,False,,,spree_schema_full.json
Spree,spree_webhook_deliveries,payload,json,string,False,False,,,spree_schema_full.json
Spree,spree_webhook_deliveries,response_code,integer,number,True,False,,,spree_schema_full.json
Spree,spree_webhook_deliveries,response_body,text,string,True,False,,,spree_schema_full.json
Spree,spree_webhook_deliveries,error_type,string,string,True,False,,,spree_schema_full.json
Spree,spree_webhook_deliveries,execution_time,integer,number,True,False,,,spree_schema_full.json
Spree,spree_webhook_deliveries,request_errors,text,string,True,False,,,spree_schema_full.json
Spree,spree_webhook_deliveries,success,boolean,boolean,True,False,,,spree_schema_full.json
Spree,spree_webhook_deliveries,delivered_at,datetime,date,True,False,,,spree_schema_full.json
Spree,spree_webhook_deliveries,event_id,string,string,True,False,,,spree_schema_full.json
Spree,spree_customer_groups,store_id,bigint(ref),number,False,False,,,spree_schema_full.json
Spree,spree_customer_groups,name,string,string,False,False,,,spree_schema_full.json
Spree,spree_customer_groups,description,text,string,True,False,,,spree_schema_full.json
Spree,spree_customer_groups,deleted_at,datetime,date,True,False,,,spree_schema_full.json
Spree,spree_customer_group_users,customer_group_id,bigint(ref),number,False,False,,,spree_schema_full.json
Spree,spree_customer_group_users,user_id,bigint(ref),number,False,False,,,spree_schema_full.json
Spree,spree_api_keys,name,string,string,False,False,,,spree_schema_full.json
Spree,spree_api_keys,key_type,string,string,False,False,,,spree_schema_full.json
Spree,spree_api_keys,token,string,string,False,False,,,spree_schema_full.json
Spree,spree_api_keys,store_id,bigint(ref),number,False,False,,,spree_schema_full.json
Spree,spree_api_keys,created_by_id,bigint(ref),number,True,False,,,spree_schema_full.json
Spree,spree_api_keys,last_used_at,datetime,date,True,False,,,spree_schema_full.json
Spree,spree_api_keys,revoked_at,datetime,date,True,False,,,spree_schema_full.json
Spree,spree_api_keys,revoked_by_id,bigint(ref),number,True,False,,,spree_schema_full.json
Spree,spree_api_keys,token_digest,string,string,True,False,,,spree_schema_full.json
Spree,spree_api_keys,token_prefix,string,string,True,False,,,spree_schema_full.json
Spree,spree_api_keys,scopes,json,string,True,False,,,spree_schema_full.json
Spree,spree_payment_sessions,type,string,string,False,False,,,spree_schema_full.json
Spree,spree_payment_sessions,order_id,bigint(ref),number,False,False,,,spree_schema_full.json
Spree,spree_payment_sessions,payment_method_id,bigint(ref),number,False,False,,,spree_schema_full.json
Spree,spree_payment_sessions,customer_id,bigint(ref),number,True,False,,,spree_schema_full.json
Spree,spree_payment_sessions,amount,decimal,number,False,False,,,spree_schema_full.json
Spree,spree_payment_sessions,currency,string,string,False,False,,,spree_schema_full.json
Spree,spree_payment_sessions,status,string,string,False,False,,,spree_schema_full.json
Spree,spree_payment_sessions,external_id,string,string,False,False,,,spree_schema_full.json
Spree,spree_payment_sessions,external_data,json,string,True,False,,,spree_schema_full.json
Spree,spree_payment_sessions,expires_at,datetime,date,True,False,,,spree_schema_full.json
Spree,spree_payment_sessions,customer_external_id,string,string,True,False,,,spree_schema_full.json
Spree,spree_payment_sessions,deleted_at,datetime,date,True,False,,,spree_schema_full.json
Spree,spree_payment_setup_sessions,customer_id,bigint(ref),number,True,False,,,spree_schema_full.json
Spree,spree_payment_setup_sessions,payment_method_id,bigint(ref),number,False,False,,,spree_schema_full.json
Spree,spree_payment_setup_sessions,payment_source_id,bigint(ref),number,True,False,,,spree_schema_full.json
Spree,spree_payment_setup_sessions,status,string,string,False,False,,,spree_schema_full.json
Spree,spree_payment_setup_sessions,external_id,string,string,True,False,,,spree_schema_full.json
Spree,spree_payment_setup_sessions,external_client_secret,string,string,True,False,,,spree_schema_full.json
Spree,spree_payment_setup_sessions,external_data,json,string,True,False,,,spree_schema_full.json
Spree,spree_payment_setup_sessions,deleted_at,datetime,date,True,False,,,spree_schema_full.json
Spree,spree_payment_setup_sessions,type,string,string,True,False,,,spree_schema_full.json
Spree,spree_markets,store_id,bigint(ref),number,False,False,,,spree_schema_full.json
Spree,spree_markets,name,string,string,False,False,,,spree_schema_full.json
Spree,spree_markets,currency,string,string,False,False,,,spree_schema_full.json
Spree,spree_markets,default_locale,string,string,False,False,,,spree_schema_full.json
Spree,spree_markets,supported_locales,string,string,True,False,,,spree_schema_full.json
Spree,spree_markets,tax_inclusive,boolean,boolean,False,False,,,spree_schema_full.json
Spree,spree_markets,default,boolean,boolean,False,False,,,spree_schema_full.json
Spree,spree_markets,position,integer,number,False,False,,,spree_schema_full.json
Spree,spree_markets,deleted_at,datetime,date,True,False,,,spree_schema_full.json
Spree,spree_markets,tax_provider,string,string,True,False,,,spree_schema_full.json
Spree,spree_market_countries,market_id,bigint(ref),number,False,False,,,spree_schema_full.json
Spree,spree_market_countries,country_id,bigint(ref),number,False,False,,,spree_schema_full.json
Spree,spree_market_countries,country_code,string,string,True,False,,,spree_schema_full.json
Spree,spree_allowed_origins,store_id,bigint(ref),number,False,False,,,spree_schema_full.json
Spree,spree_allowed_origins,origin,string,string,False,False,,,spree_schema_full.json
Spree,spree_refresh_tokens,token,string,string,False,False,,,spree_schema_full.json
Spree,spree_refresh_tokens,user_id,bigint(ref),number,False,False,,,spree_schema_full.json
Spree,spree_refresh_tokens,expires_at,datetime,date,False,False,,,spree_schema_full.json
Spree,spree_refresh_tokens,ip_address,string,string,True,False,,,spree_schema_full.json
Spree,spree_refresh_tokens,user_agent,string,string,True,False,,,spree_schema_full.json
Spree,spree_refresh_tokens,audience,string,string,True,False,,,spree_schema_full.json
Spree,spree_price_histories,price_id,bigint(ref),number,False,False,,,spree_schema_full.json
Spree,spree_price_histories,variant_id,bigint(ref),number,False,False,,,spree_schema_full.json
Spree,spree_price_histories,amount,decimal,number,False,False,,,spree_schema_full.json
Spree,spree_price_histories,compare_at_amount,decimal,number,True,False,,,spree_schema_full.json
Spree,spree_price_histories,currency,string,string,False,False,,,spree_schema_full.json
Spree,spree_price_histories,recorded_at,datetime,date,False,False,,,spree_schema_full.json
Spree,spree_price_histories,created_at,datetime,date,False,False,,,spree_schema_full.json
Spree,spree_stock_reservations,stock_item_id,bigint(ref),number,False,False,,,spree_schema_full.json
Spree,spree_stock_reservations,line_item_id,bigint(ref),number,False,False,,,spree_schema_full.json
Spree,spree_stock_reservations,order_id,bigint(ref),number,False,False,,,spree_schema_full.json
Spree,spree_stock_reservations,quantity,integer,number,False,False,,,spree_schema_full.json
Spree,spree_stock_reservations,expires_at,datetime,date,False,False,,,spree_schema_full.json
Spree,spree_variant_media,variant_id,bigint(ref),number,False,False,,,spree_schema_full.json
Spree,spree_variant_media,media_id,bigint,number,False,False,,,spree_schema_full.json
Spree,spree_channels,store_id,bigint(ref),number,False,False,,,spree_schema_full.json
Spree,spree_channels,name,string,string,False,False,,,spree_schema_full.json
Spree,spree_channels,code,string,string,False,False,,,spree_schema_full.json
Spree,spree_channels,active,boolean,boolean,False,False,,,spree_schema_full.json
Spree,spree_channels,preferences,text,string,True,False,,,spree_schema_full.json
Spree,spree_channels,default,boolean,boolean,False,False,,,spree_schema_full.json
Spree,spree_order_routing_rules,store_id,bigint(ref),number,False,False,,,spree_schema_full.json
Spree,spree_order_routing_rules,channel_id,bigint(ref),number,False,False,,,spree_schema_full.json
Spree,spree_order_routing_rules,type,string,string,False,False,,,spree_schema_full.json
Spree,spree_order_routing_rules,position,integer,number,False,False,,,spree_schema_full.json
Spree,spree_order_routing_rules,active,boolean,boolean,False,False,,,spree_schema_full.json
Spree,spree_order_routing_rules,preferences,text,string,True,False,,,spree_schema_full.json
Spree,spree_product_publications,product_id,bigint(ref),number,False,False,,,spree_schema_full.json
Spree,spree_product_publications,channel_id,bigint(ref),number,False,False,,,spree_schema_full.json
Spree,spree_product_publications,published_at,datetime,date,True,False,,,spree_schema_full.json
Spree,spree_product_publications,unpublished_at,datetime,date,True,False,,,spree_schema_full.json
Spree,spree_collections,name,string,string,False,False,,,spree_schema_full.json
Spree,spree_collections,permalink,string,string,True,False,,,spree_schema_full.json
Spree,spree_collections,automatic,boolean,boolean,False,False,,,spree_schema_full.json
Spree,spree_collections,rules_match_policy,string,string,False,False,,,spree_schema_full.json
Spree,spree_collections,sort_order,string,string,False,False,,,spree_schema_full.json
Spree,spree_collections,position,integer,number,True,False,,,spree_schema_full.json
Spree,spree_collections,products_count,integer,number,False,False,,,spree_schema_full.json
Spree,spree_collections,store_id,bigint(ref),number,False,False,,,spree_schema_full.json
Spree,spree_collections,meta_title,string,string,True,False,,,spree_schema_full.json
Spree,spree_collections,meta_description,string,string,True,False,,,spree_schema_full.json
Spree,spree_collections,meta_keywords,string,string,True,False,,,spree_schema_full.json
Spree,spree_collections,metadata,json,string,True,False,,,spree_schema_full.json
Spree,spree_collections,description,text,string,True,False,,,spree_schema_full.json
Spree,spree_product_collections,product_id,bigint(ref),number,False,False,,,spree_schema_full.json
Spree,spree_product_collections,collection_id,bigint(ref),number,False,False,,,spree_schema_full.json
Spree,spree_product_collections,position,integer,number,True,False,,,spree_schema_full.json
Spree,spree_collection_rules,collection_id,bigint(ref),number,False,False,,,spree_schema_full.json
Spree,spree_collection_rules,type,string,string,False,False,,,spree_schema_full.json
Spree,spree_collection_rules,value,string,string,True,False,,,spree_schema_full.json
Spree,spree_collection_rules,match_policy,string,string,False,False,,,spree_schema_full.json
Spree,spree_collection_translations,name,string,string,True,False,,,spree_schema_full.json
Spree,spree_collection_translations,permalink,string,string,True,False,,,spree_schema_full.json
Spree,spree_collection_translations,meta_title,string,string,True,False,,,spree_schema_full.json
Spree,spree_collection_translations,meta_description,string,string,True,False,,,spree_schema_full.json
Spree,spree_collection_translations,meta_keywords,string,string,True,False,,,spree_schema_full.json
Spree,spree_collection_translations,locale,string,string,False,False,,,spree_schema_full.json
Spree,spree_collection_translations,spree_collection_id,bigint(ref),number,False,False,,,spree_schema_full.json
Spree,spree_collection_translations,description,text,string,True,False,,,spree_schema_full.json
Spree,spree_categories,parent_id,bigint,number,True,False,,,spree_schema_full.json
Spree,spree_categories,position,integer,number,True,False,,,spree_schema_full.json
Spree,spree_categories,name,string,string,False,False,,,spree_schema_full.json
Spree,spree_categories,permalink,string,string,True,False,,,spree_schema_full.json
Spree,spree_categories,taxonomy_id,bigint,number,True,False,,,spree_schema_full.json
Spree,spree_categories,lft,bigint,number,True,False,,,spree_schema_full.json
Spree,spree_categories,rgt,bigint,number,True,False,,,spree_schema_full.json
Spree,spree_categories,description,text,string,True,False,,,spree_schema_full.json
Spree,spree_categories,created_at,datetime,date,False,False,,,spree_schema_full.json
Spree,spree_categories,updated_at,datetime,date,False,False,,,spree_schema_full.json
Spree,spree_categories,meta_title,string,string,True,False,,,spree_schema_full.json
Spree,spree_categories,meta_description,string,string,True,False,,,spree_schema_full.json
Spree,spree_categories,meta_keywords,string,string,True,False,,,spree_schema_full.json
Spree,spree_categories,depth,integer,number,True,False,,,spree_schema_full.json
Spree,spree_categories,hide_from_nav,boolean,boolean,True,False,,,spree_schema_full.json
Spree,spree_categories,pretty_name,string,string,True,False,,,spree_schema_full.json
Spree,spree_categories,rules_match_policy,string,string,False,False,,,spree_schema_full.json
Spree,spree_categories,sort_order,string,string,False,False,,,spree_schema_full.json
Spree,spree_categories,automatic,boolean,boolean,False,False,,,spree_schema_full.json
Spree,spree_categories,children_count,integer,number,False,False,,,spree_schema_full.json
Spree,spree_categories,products_count,integer,number,False,False,,,spree_schema_full.json
Spree,spree_product_categories,product_id,bigint,number,True,False,,,spree_schema_full.json
Spree,spree_product_categories,taxon_id,bigint,number,True,False,,,spree_schema_full.json
Spree,spree_product_categories,position,integer,number,True,False,,,spree_schema_full.json
Spree,spree_product_categories,created_at,datetime,date,True,False,,,spree_schema_full.json
Spree,spree_product_categories,updated_at,datetime,date,True,False,,,spree_schema_full.json
Spree,spree_promotion_rule_categories,taxon_id,bigint,number,True,False,,,spree_schema_full.json
Spree,spree_promotion_rule_categories,promotion_rule_id,bigint,number,True,False,,,spree_schema_full.json
Spree,spree_promotion_rule_categories,created_at,datetime,date,True,False,,,spree_schema_full.json
Spree,spree_promotion_rule_categories,updated_at,datetime,date,True,False,,,spree_schema_full.json
Spree,spree_category_translations,name,string,string,True,False,spree_taxon,,spree_schema_full.json
Spree,spree_category_translations,description,text,string,True,False,spree_taxon,,spree_schema_full.json
Spree,spree_category_translations,locale,string,string,False,False,spree_taxon,,spree_schema_full.json
Spree,spree_category_translations,spree_taxon_id,bigint(ref),number,False,False,spree_taxon,,spree_schema_full.json
Spree,spree_category_translations,meta_title,string,string,True,False,spree_taxon,,spree_schema_full.json
Spree,spree_category_translations,meta_description,string,string,True,False,spree_taxon,,spree_schema_full.json
Spree,spree_category_translations,meta_keywords,string,string,True,False,spree_taxon,,spree_schema_full.json
Spree,spree_category_translations,permalink,string,string,True,False,spree_taxon,,spree_schema_full.json
Spree,spree_category_translations,pretty_name,string,string,True,False,spree_taxon,,spree_schema_full.json
Spree,spree_admin_users,email,string,string,False,False,,,spree_schema_full.json
Spree,spree_admin_users,password_digest,string,string,True,False,,,spree_schema_full.json
Spree,spree_admin_users,first_name,string,string,True,False,,,spree_schema_full.json
Spree,spree_admin_users,last_name,string,string,True,False,,,spree_schema_full.json
Spree,spree_admin_users,selected_locale,string,string,True,False,,,spree_schema_full.json
Spree,spree_admin_users,failed_attempts,integer,number,True,False,,,spree_schema_full.json
Spree,spree_admin_users,locked_at,datetime,date,True,False,,,spree_schema_full.json
Spree,spree_customers,email,string,string,False,False,,,spree_schema_full.json
Spree,spree_customers,password_digest,string,string,True,False,,,spree_schema_full.json
Spree,spree_customers,first_name,string,string,True,False,,,spree_schema_full.json
Spree,spree_customers,last_name,string,string,True,False,,,spree_schema_full.json
Spree,spree_customers,phone,string,string,True,False,,,spree_schema_full.json
Spree,spree_customers,selected_locale,string,string,True,False,,,spree_schema_full.json
Spree,spree_customers,accepts_email_marketing,boolean,boolean,False,False,,,spree_schema_full.json
Spree,spree_customers,bill_address_id,bigint,number,True,False,,,spree_schema_full.json
Spree,spree_customers,ship_address_id,bigint,number,True,False,,,spree_schema_full.json
Spree,spree_customers,failed_attempts,integer,number,True,False,,,spree_schema_full.json
Spree,spree_customers,locked_at,datetime,date,True,False,,,spree_schema_full.json
Spree,spree_customers,internal_note,text,string,True,False,,,spree_schema_full.json
Spree,spree_customers,email_marketing_consent_updated_at,datetime,date,True,False,,,spree_schema_full.json
Spree,spree_customers,email_marketing_consent_source,string,string,True,False,,,spree_schema_full.json
Spree,spree_customers,anonymized_at,datetime,date,True,False,,,spree_schema_full.json
Spree,spree_product_types,name,string,string,True,False,,,spree_schema_full.json
Spree,spree_product_types,created_at,datetime,date,False,False,,,spree_schema_full.json
Spree,spree_product_types,updated_at,datetime,date,False,False,,,spree_schema_full.json
Spree,spree_product_types,products_count,integer,number,False,False,,,spree_schema_full.json
Spree,spree_product_types,fulfillment_types,text,string,True,False,,,spree_schema_full.json
Spree,spree_option_type_product_types,prototype_id,bigint,number,True,False,,,spree_schema_full.json
Spree,spree_option_type_product_types,option_type_id,bigint,number,True,False,,,spree_schema_full.json
Spree,spree_option_type_product_types,created_at,datetime,date,True,False,,,spree_schema_full.json
Spree,spree_option_type_product_types,updated_at,datetime,date,True,False,,,spree_schema_full.json
Spree,spree_product_type_categories,taxon_id,bigint,number,True,False,,,spree_schema_full.json
Spree,spree_product_type_categories,prototype_id,bigint,number,True,False,,,spree_schema_full.json
Spree,spree_product_type_categories,created_at,datetime,date,True,False,,,spree_schema_full.json
Spree,spree_product_type_categories,updated_at,datetime,date,True,False,,,spree_schema_full.json
Spree,spree_product_type_translations,name,string,string,True,False,,,spree_schema_full.json
Spree,spree_product_type_translations,locale,string,string,False,False,,,spree_schema_full.json
Spree,spree_product_type_translations,spree_product_type_id,bigint(ref),number,False,False,,,spree_schema_full.json
Spree,spree_delivery_zones,store_id,bigint(ref),number,False,False,,,spree_schema_full.json
Spree,spree_delivery_zones,name,string,string,False,False,,,spree_schema_full.json
Spree,spree_delivery_zones,description,string,string,True,False,,,spree_schema_full.json
Spree,spree_delivery_zones,metadata,json,string,True,False,,,spree_schema_full.json
Spree,spree_delivery_zone_members,delivery_zone_id,bigint(ref),number,False,False,,,spree_schema_full.json
Spree,spree_delivery_zone_members,member_type,string,string,False,False,,,spree_schema_full.json
Spree,spree_delivery_zone_members,country_id,bigint(ref),number,True,False,,,spree_schema_full.json
Spree,spree_delivery_zone_members,state_id,bigint(ref),number,True,False,,,spree_schema_full.json
Spree,spree_delivery_zone_members,postal_code_prefix,string,string,True,False,,,spree_schema_full.json
Spree,spree_delivery_zone_members,postal_code_from,string,string,True,False,,,spree_schema_full.json
Spree,spree_delivery_zone_members,postal_code_to,string,string,True,False,,,spree_schema_full.json
Spree,spree_delivery_zone_members,country_code,string,string,True,False,,,spree_schema_full.json
Spree,spree_delivery_zone_members,state_code,string,string,True,False,,,spree_schema_full.json
Spree,spree_carts,store_id,bigint(ref),number,False,False,,,spree_schema_full.json
Spree,spree_carts,market_id,bigint(ref),number,False,False,,,spree_schema_full.json
Spree,spree_carts,channel_id,bigint(ref),number,False,False,,,spree_schema_full.json
Spree,spree_carts,customer_id,bigint(ref),number,True,False,,,spree_schema_full.json
Spree,spree_carts,currency,string,string,False,False,,,spree_schema_full.json
Spree,spree_carts,locale,string,string,False,False,,,spree_schema_full.json
Spree,spree_carts,email,string,string,True,False,,,spree_schema_full.json
Spree,spree_carts,ship_address_id,bigint(ref),number,True,False,,,spree_schema_full.json
Spree,spree_carts,bill_address_id,bigint(ref),number,True,False,,,spree_schema_full.json
Spree,spree_carts,accept_marketing,boolean,boolean,True,False,,,spree_schema_full.json
Spree,spree_carts,customer_note,text,string,True,False,,,spree_schema_full.json
Spree,spree_carts,last_ip_address,string,string,True,False,,,spree_schema_full.json
Spree,spree_carts,token,string,string,False,False,,,spree_schema_full.json
Spree,spree_carts,lock_version,integer,number,True,False,,,spree_schema_full.json
Spree,spree_carts,completed_at,datetime,date,True,False,,,spree_schema_full.json
Spree,spree_carts,completing_at,datetime,date,True,False,,,spree_schema_full.json
Spree,spree_carts,coupon_code,string,string,True,False,,,spree_schema_full.json
Spree,spree_carts,gift_card_id,bigint(ref),number,True,False,,,spree_schema_full.json
Spree,spree_carts,preferred_stock_location_id,bigint(ref),number,True,False,,,spree_schema_full.json
Spree,spree_carts,item_total,decimal,number,True,False,,,spree_schema_full.json
Spree,spree_carts,adjustment_total,decimal,number,True,False,,,spree_schema_full.json
Spree,spree_carts,included_tax_total,decimal,number,True,False,,,spree_schema_full.json
Spree,spree_carts,additional_tax_total,decimal,number,True,False,,,spree_schema_full.json
Spree,spree_carts,taxable_adjustment_total,decimal,number,True,False,,,spree_schema_full.json
Spree,spree_carts,non_taxable_adjustment_total,decimal,number,True,False,,,spree_schema_full.json
Spree,spree_carts,discount_total,decimal,number,True,False,,,spree_schema_full.json
Spree,spree_carts,fee_total,decimal,number,True,False,,,spree_schema_full.json
Spree,spree_carts,delivery_total,decimal,number,True,False,,,spree_schema_full.json
Spree,spree_carts,total,decimal,number,True,False,,,spree_schema_full.json
Spree,spree_carts,payment_total,decimal,number,True,False,,,spree_schema_full.json
Spree,spree_carts,total_quantity,integer,number,True,False,,,spree_schema_full.json
Spree,spree_carts,metadata,json,string,True,False,,,spree_schema_full.json
Spree,spree_carts,po_number,string,string,True,False,,,spree_schema_full.json
Spree,spree_fulfillments,tracking,string,string,True,False,,,spree_schema_full.json
Spree,spree_fulfillments,number,string,string,True,False,,,spree_schema_full.json
Spree,spree_fulfillments,cost,decimal,number,True,False,,,spree_schema_full.json
Spree,spree_fulfillments,shipped_at,datetime,date,True,False,,,spree_schema_full.json
Spree,spree_fulfillments,order_id,bigint,number,True,False,,,spree_schema_full.json
Spree,spree_fulfillments,address_id,bigint,number,True,False,,,spree_schema_full.json
Spree,spree_fulfillments,state,string,string,True,False,,,spree_schema_full.json
Spree,spree_fulfillments,created_at,datetime,date,False,False,,,spree_schema_full.json
Spree,spree_fulfillments,updated_at,datetime,date,False,False,,,spree_schema_full.json
Spree,spree_fulfillments,stock_location_id,bigint,number,True,False,,,spree_schema_full.json
Spree,spree_fulfillments,adjustment_total,decimal,number,True,False,,,spree_schema_full.json
Spree,spree_fulfillments,additional_tax_total,decimal,number,True,False,,,spree_schema_full.json
Spree,spree_fulfillments,promo_total,decimal,number,True,False,,,spree_schema_full.json
Spree,spree_fulfillments,included_tax_total,decimal,number,False,False,,,spree_schema_full.json
Spree,spree_fulfillments,pre_tax_amount,decimal,number,False,False,,,spree_schema_full.json
Spree,spree_fulfillments,taxable_adjustment_total,decimal,number,False,False,,,spree_schema_full.json
Spree,spree_fulfillments,non_taxable_adjustment_total,decimal,number,False,False,,,spree_schema_full.json
Spree,spree_fulfillments,public_metadata,json,string,True,False,,,spree_schema_full.json
Spree,spree_fulfillments,private_metadata,json,string,True,False,,,spree_schema_full.json
Spree,spree_fulfillments,fulfillment_type,string,string,True,False,,,spree_schema_full.json
Spree,spree_fulfillments,pickup_point_data,json,string,True,False,,,spree_schema_full.json
Spree,spree_fulfillments,delivered_at,datetime,date,True,False,,,spree_schema_full.json
Spree,spree_delivery_methods,name,string,string,True,False,,,spree_schema_full.json
Spree,spree_delivery_methods,display_on,string,string,True,False,,,spree_schema_full.json
Spree,spree_delivery_methods,deleted_at,datetime,date,True,False,,,spree_schema_full.json
Spree,spree_delivery_methods,created_at,datetime,date,False,False,,,spree_schema_full.json
Spree,spree_delivery_methods,updated_at,datetime,date,False,False,,,spree_schema_full.json
Spree,spree_delivery_methods,tracking_url,string,string,True,False,,,spree_schema_full.json
Spree,spree_delivery_methods,admin_name,string,string,True,False,,,spree_schema_full.json
Spree,spree_delivery_methods,tax_category_id,bigint,number,True,False,,,spree_schema_full.json
Spree,spree_delivery_methods,code,string,string,True,False,,,spree_schema_full.json
Spree,spree_delivery_methods,estimated_transit_business_days_min,integer,number,True,False,,,spree_schema_full.json
Spree,spree_delivery_methods,estimated_transit_business_days_max,integer,number,True,False,,,spree_schema_full.json
Spree,spree_delivery_methods,storefront_visible,boolean,boolean,False,False,,,spree_schema_full.json
Spree,spree_delivery_methods,fulfillment_provider,string,string,True,False,,,spree_schema_full.json
Spree,spree_delivery_methods,pickup_point_provider,string,string,True,False,,,spree_schema_full.json
Spree,spree_delivery_methods,rate_provider,string,string,True,False,,,spree_schema_full.json
Spree,spree_delivery_methods,markup_flat,decimal,number,True,False,,,spree_schema_full.json
Spree,spree_delivery_methods,markup_percent,decimal,number,True,False,,,spree_schema_full.json
Spree,spree_delivery_methods,fulfillment_type,string,string,True,False,,,spree_schema_full.json
Spree,spree_delivery_methods,available_to_sellers,boolean,boolean,False,False,,,spree_schema_full.json
Spree,spree_delivery_rates,shipment_id,bigint,number,True,False,,,spree_schema_full.json
Spree,spree_delivery_rates,shipping_method_id,bigint,number,True,False,,,spree_schema_full.json
Spree,spree_delivery_rates,selected,boolean,boolean,True,False,,,spree_schema_full.json
Spree,spree_delivery_rates,cost,decimal,number,True,False,,,spree_schema_full.json
Spree,spree_delivery_rates,created_at,datetime,date,False,False,,,spree_schema_full.json
Spree,spree_delivery_rates,updated_at,datetime,date,False,False,,,spree_schema_full.json
Spree,spree_delivery_rates,tax_rate_id,bigint,number,True,False,,,spree_schema_full.json
Spree,spree_delivery_rates,carrier,string,string,True,False,,,spree_schema_full.json
Spree,spree_delivery_rates,service_level,string,string,True,False,,,spree_schema_full.json
Spree,spree_delivery_rates,estimated_delivery_date,date,date,True,False,,,spree_schema_full.json
Spree,spree_delivery_rates,metadata,json,string,True,False,,,spree_schema_full.json
Spree,spree_delivery_rates,name,string,string,True,False,,,spree_schema_full.json
Spree,spree_delivery_rates,unpriced,boolean,boolean,False,False,,,spree_schema_full.json
Spree,spree_fulfillment_items,state,string,string,True,False,,,spree_schema_full.json
Spree,spree_fulfillment_items,variant_id,bigint,number,True,False,,,spree_schema_full.json
Spree,spree_fulfillment_items,order_id,bigint,number,True,False,,,spree_schema_full.json
Spree,spree_fulfillment_items,shipment_id,bigint,number,True,False,,,spree_schema_full.json
Spree,spree_fulfillment_items,created_at,datetime,date,False,False,,,spree_schema_full.json
Spree,spree_fulfillment_items,updated_at,datetime,date,False,False,,,spree_schema_full.json
Spree,spree_fulfillment_items,pending,boolean,boolean,True,False,,,spree_schema_full.json
Spree,spree_fulfillment_items,line_item_id,bigint,number,True,False,,,spree_schema_full.json
Spree,spree_fulfillment_items,quantity,integer,number,True,False,,,spree_schema_full.json
Spree,spree_fulfillment_items,original_return_item_id,bigint,number,True,False,,,spree_schema_full.json
Spree,spree_delivery_method_zones,shipping_method_id,bigint,number,True,False,,,spree_schema_full.json
Spree,spree_delivery_method_zones,zone_id,bigint,number,True,False,,,spree_schema_full.json
Spree,spree_delivery_method_zones,created_at,datetime,date,True,False,,,spree_schema_full.json
Spree,spree_delivery_method_zones,updated_at,datetime,date,True,False,,,spree_schema_full.json
Spree,spree_delivery_method_zones,delivery_method_id,bigint(ref),number,False,False,,,spree_schema_full.json
Spree,spree_delivery_method_zones,delivery_zone_id,bigint(ref),number,False,False,,,spree_schema_full.json
Spree,spree_delivery_method_stock_locations,delivery_method_id,bigint(ref),number,False,False,,,spree_schema_full.json
Spree,spree_delivery_method_stock_locations,stock_location_id,bigint(ref),number,False,False,,,spree_schema_full.json
Spree,spree_tax_lines,cart_id,bigint(ref),number,True,False,,,spree_schema_full.json
Spree,spree_tax_lines,order_id,bigint(ref),number,True,False,,,spree_schema_full.json
Spree,spree_tax_lines,tax_rate_id,bigint(ref),number,True,False,,,spree_schema_full.json
Spree,spree_tax_lines,line_item_id,bigint(ref),number,True,False,,,spree_schema_full.json
Spree,spree_tax_lines,fulfillment_id,bigint(ref),number,True,False,,,spree_schema_full.json
Spree,spree_tax_lines,fee_id,bigint(ref),number,True,False,,,spree_schema_full.json
Spree,spree_tax_lines,amount,decimal,number,False,False,,,spree_schema_full.json
Spree,spree_tax_lines,rate,decimal,number,False,False,,,spree_schema_full.json
Spree,spree_tax_lines,label,string,string,False,False,,,spree_schema_full.json
Spree,spree_tax_lines,included,boolean,boolean,False,False,,,spree_schema_full.json
Spree,spree_tax_lines,provider_id,string,string,True,False,,,spree_schema_full.json
Spree,spree_tax_lines,data,json,string,True,False,,,spree_schema_full.json
Spree,spree_tax_lines,metadata,json,string,True,False,,,spree_schema_full.json
Spree,spree_tax_lines,taxability_reason,string,string,True,False,,,spree_schema_full.json
Spree,spree_tax_lines,country_code,string,string,True,False,,,spree_schema_full.json
Spree,spree_tax_lines,state_code,string,string,True,False,,,spree_schema_full.json
Spree,spree_discounts,cart_id,bigint(ref),number,True,False,,,spree_schema_full.json
Spree,spree_discounts,order_id,bigint(ref),number,True,False,,,spree_schema_full.json
Spree,spree_discounts,promotion_action_id,bigint(ref),number,True,False,,,spree_schema_full.json
Spree,spree_discounts,promotion_id,bigint(ref),number,True,False,,,spree_schema_full.json
Spree,spree_discounts,line_item_id,bigint(ref),number,True,False,,,spree_schema_full.json
Spree,spree_discounts,fulfillment_id,bigint(ref),number,True,False,,,spree_schema_full.json
Spree,spree_discounts,amount,decimal,number,False,False,,,spree_schema_full.json
Spree,spree_discounts,label,string,string,False,False,,,spree_schema_full.json
Spree,spree_discounts,kind,string,string,False,False,,,spree_schema_full.json
Spree,spree_discounts,code,string,string,True,False,,,spree_schema_full.json
Spree,spree_discounts,value,decimal,number,True,False,,,spree_schema_full.json
Spree,spree_discounts,value_type,string,string,True,False,,,spree_schema_full.json
Spree,spree_discounts,metadata,json,string,True,False,,,spree_schema_full.json
Spree,spree_fees,cart_id,bigint(ref),number,True,False,,,spree_schema_full.json
Spree,spree_fees,order_id,bigint(ref),number,True,False,,,spree_schema_full.json
Spree,spree_fees,line_item_id,bigint(ref),number,True,False,,,spree_schema_full.json
Spree,spree_fees,fulfillment_id,bigint(ref),number,True,False,,,spree_schema_full.json
Spree,spree_fees,amount,decimal,number,False,False,,,spree_schema_full.json
Spree,spree_fees,label,string,string,False,False,,,spree_schema_full.json
Spree,spree_fees,kind,string,string,False,False,,,spree_schema_full.json
Spree,spree_fees,metadata,json,string,True,False,,,spree_schema_full.json
Spree,spree_delivery_method_rules,type,string,string,False,False,,,spree_schema_full.json
Spree,spree_delivery_method_rules,delivery_method_id,bigint(ref),number,False,False,,,spree_schema_full.json
Spree,spree_delivery_method_rules,active,boolean,boolean,True,False,,,spree_schema_full.json
Spree,spree_delivery_method_rules,preferences,json,string,True,False,,,spree_schema_full.json
Spree,spree_returns,number,string,string,False,False,,,spree_schema_full.json
Spree,spree_returns,store_id,bigint(ref),number,False,False,,,spree_schema_full.json
Spree,spree_returns,order_id,bigint(ref),number,False,False,,,spree_schema_full.json
Spree,spree_returns,stock_location_id,bigint(ref),number,False,False,,,spree_schema_full.json
Spree,spree_returns,reason_id,bigint(ref),number,True,False,,,spree_schema_full.json
Spree,spree_returns,created_by_id,bigint(ref),number,True,False,,,spree_schema_full.json
Spree,spree_returns,status,string,string,False,False,,,spree_schema_full.json
Spree,spree_returns,memo,text,string,True,False,,,spree_schema_full.json
Spree,spree_returns,approved_at,datetime,date,True,False,,,spree_schema_full.json
Spree,spree_returns,received_at,datetime,date,True,False,,,spree_schema_full.json
Spree,spree_returns,refunded_at,datetime,date,True,False,,,spree_schema_full.json
Spree,spree_returns,canceled_at,datetime,date,True,False,,,spree_schema_full.json
Spree,spree_returns,metadata,json,string,True,False,,,spree_schema_full.json
Spree,spree_return_line_items,return_id,bigint(ref),number,False,False,,,spree_schema_full.json
Spree,spree_return_line_items,fulfillment_item_id,bigint(ref),number,False,False,,,spree_schema_full.json
Spree,spree_return_line_items,line_item_id,bigint(ref),number,False,False,,,spree_schema_full.json
Spree,spree_return_line_items,variant_id,bigint(ref),number,False,False,,,spree_schema_full.json
Spree,spree_return_line_items,quantity,integer,number,False,False,,,spree_schema_full.json
Spree,spree_return_line_items,received_quantity,integer,number,False,False,,,spree_schema_full.json
Spree,spree_return_line_items,pre_tax_amount,decimal,number,False,False,,,spree_schema_full.json
Spree,spree_return_line_items,resellable,boolean,boolean,False,False,,,spree_schema_full.json
Spree,spree_exchanges,number,string,string,False,False,,,spree_schema_full.json
Spree,spree_exchanges,store_id,bigint(ref),number,False,False,,,spree_schema_full.json
Spree,spree_exchanges,order_id,bigint(ref),number,False,False,,,spree_schema_full.json
Spree,spree_exchanges,stock_location_id,bigint(ref),number,False,False,,,spree_schema_full.json
Spree,spree_exchanges,reason_id,bigint(ref),number,True,False,,,spree_schema_full.json
Spree,spree_exchanges,created_by_id,bigint(ref),number,True,False,,,spree_schema_full.json
Spree,spree_exchanges,status,string,string,False,False,,,spree_schema_full.json
Spree,spree_exchanges,memo,text,string,True,False,,,spree_schema_full.json
Spree,spree_exchanges,approved_at,datetime,date,True,False,,,spree_schema_full.json
Spree,spree_exchanges,received_at,datetime,date,True,False,,,spree_schema_full.json
Spree,spree_exchanges,fulfilled_at,datetime,date,True,False,,,spree_schema_full.json
Spree,spree_exchanges,canceled_at,datetime,date,True,False,,,spree_schema_full.json
Spree,spree_exchanges,metadata,json,string,True,False,,,spree_schema_full.json
Spree,spree_exchange_line_items,exchange_id,bigint(ref),number,False,False,,,spree_schema_full.json
Spree,spree_exchange_line_items,fulfillment_item_id,bigint(ref),number,False,False,,,spree_schema_full.json
Spree,spree_exchange_line_items,line_item_id,bigint(ref),number,False,False,,,spree_schema_full.json
Spree,spree_exchange_line_items,original_variant_id,bigint(ref),number,False,False,,,spree_schema_full.json
Spree,spree_exchange_line_items,new_variant_id,bigint(ref),number,False,False,,,spree_schema_full.json
Spree,spree_exchange_line_items,quantity,integer,number,False,False,,,spree_schema_full.json
Spree,spree_exchange_line_items,received_quantity,integer,number,False,False,,,spree_schema_full.json
Spree,spree_exchange_line_items,resellable,boolean,boolean,False,False,,,spree_schema_full.json
Spree,spree_claims,number,string,string,False,False,,,spree_schema_full.json
Spree,spree_claims,store_id,bigint(ref),number,False,False,,,spree_schema_full.json
Spree,spree_claims,order_id,bigint(ref),number,False,False,,,spree_schema_full.json
Spree,spree_claims,reason_id,bigint(ref),number,True,False,,,spree_schema_full.json
Spree,spree_claims,created_by_id,bigint(ref),number,True,False,,,spree_schema_full.json
Spree,spree_claims,status,string,string,False,False,,,spree_schema_full.json
Spree,spree_claims,resolution,string,string,True,False,,,spree_schema_full.json
Spree,spree_claims,memo,text,string,True,False,,,spree_schema_full.json
Spree,spree_claims,approved_at,datetime,date,True,False,,,spree_schema_full.json
Spree,spree_claims,resolved_at,datetime,date,True,False,,,spree_schema_full.json
Spree,spree_claims,denied_at,datetime,date,True,False,,,spree_schema_full.json
Spree,spree_claims,canceled_at,datetime,date,True,False,,,spree_schema_full.json
Spree,spree_claims,metadata,json,string,True,False,,,spree_schema_full.json
Spree,spree_claim_line_items,claim_id,bigint(ref),number,False,False,,,spree_schema_full.json
Spree,spree_claim_line_items,line_item_id,bigint(ref),number,False,False,,,spree_schema_full.json
Spree,spree_claim_line_items,variant_id,bigint(ref),number,False,False,,,spree_schema_full.json
Spree,spree_claim_line_items,replacement_variant_id,bigint(ref),number,True,False,,,spree_schema_full.json
Spree,spree_claim_line_items,quantity,integer,number,False,False,,,spree_schema_full.json
Spree,spree_claim_line_items,send_replacement,boolean,boolean,False,False,,,spree_schema_full.json
Spree,spree_claim_line_items,refund_amount,decimal,number,False,False,,,spree_schema_full.json
Spree,spree_claim_line_items,description,text,string,True,False,,,spree_schema_full.json
Spree,spree_return_authorization_reasons,name,string,string,True,False,,,spree_schema_full.json
Spree,spree_return_authorization_reasons,active,boolean,boolean,True,False,,,spree_schema_full.json
Spree,spree_return_authorization_reasons,created_at,datetime,date,False,False,,,spree_schema_full.json
Spree,spree_return_authorization_reasons,updated_at,datetime,date,False,False,,,spree_schema_full.json
Spree,spree_return_authorization_reasons,mutable,boolean,boolean,True,False,,,spree_schema_full.json
Spree,spree_delivery_method_rule_products,delivery_method_rule_id,bigint(ref),number,False,False,,,spree_schema_full.json
Spree,spree_delivery_method_rule_products,product_id,bigint(ref),number,False,False,,,spree_schema_full.json
Spree,spree_tax_identifiers,owner_id,bigint(ref),number,False,False,,,spree_schema_full.json
Spree,spree_tax_identifiers,kind,string,string,False,False,,,spree_schema_full.json
Spree,spree_tax_identifiers,value,string,string,False,False,,,spree_schema_full.json
Spree,spree_tax_identifiers,validation_status,string,string,True,False,,,spree_schema_full.json
Spree,spree_tax_identifiers,validated_at,datetime,date,True,False,,,spree_schema_full.json
Spree,spree_tax_identifiers,validation_evidence,json,string,True,False,,,spree_schema_full.json
Spree,spree_tax_identifiers,source,string,string,True,False,,,spree_schema_full.json
Spree,spree_product_type_custom_field_definitions,product_type_id,bigint(ref),number,False,False,,,spree_schema_full.json
Spree,spree_product_type_custom_field_definitions,custom_field_definition_id,bigint(ref),number,False,False,,,spree_schema_full.json
Spree,spree_product_type_custom_field_definitions,required,boolean,boolean,False,False,,,spree_schema_full.json
Spree,spree_product_type_custom_field_definitions,sort_order,integer,number,False,False,,,spree_schema_full.json
Spree,spree_companies,store_id,bigint(ref),number,False,False,,,spree_schema_full.json
Spree,spree_companies,parent_id,bigint(ref),number,True,False,,,spree_schema_full.json
Spree,spree_companies,name,string,string,False,False,,,spree_schema_full.json
Spree,spree_companies,kind,string,string,False,False,,,spree_schema_full.json
Spree,spree_companies,metadata,json,string,True,False,,,spree_schema_full.json
Spree,spree_companies,default_bill_address_id,bigint,number,True,False,,,spree_schema_full.json
Spree,spree_companies,default_ship_address_id,bigint,number,True,False,,,spree_schema_full.json
Spree,spree_companies,po_number_required,boolean,boolean,False,False,,,spree_schema_full.json
Spree,spree_company_memberships,company_id,bigint(ref),number,False,False,,,spree_schema_full.json
Spree,spree_company_memberships,customer_id,bigint(ref),number,False,False,,,spree_schema_full.json
Spree,spree_company_invitations,company_id,bigint(ref),number,False,False,,,spree_schema_full.json
Spree,spree_company_invitations,inviter_id,bigint(ref),number,True,False,,,spree_schema_full.json
Spree,spree_company_invitations,customer_id,bigint(ref),number,True,False,,,spree_schema_full.json
Spree,spree_company_invitations,email,string,string,False,False,,,spree_schema_full.json
Spree,spree_company_invitations,token,string,string,False,False,,,spree_schema_full.json
Spree,spree_company_invitations,expires_at,datetime,date,False,False,,,spree_schema_full.json
Spree,spree_company_invitations,accepted_at,datetime,date,True,False,,,spree_schema_full.json
Spree,spree_company_invitations,revoked_at,datetime,date,True,False,,,spree_schema_full.json
Spree,spree_company_invitations,metadata,json,string,True,False,,,spree_schema_full.json
Spree,spree_tax_exemption_certificates,company_id,bigint(ref),number,False,False,,,spree_schema_full.json
Spree,spree_tax_exemption_certificates,country_code,string,string,True,False,,,spree_schema_full.json
Spree,spree_tax_exemption_certificates,state_code,string,string,True,False,,,spree_schema_full.json
Spree,spree_tax_exemption_certificates,certificate_number,string,string,False,False,,,spree_schema_full.json
Spree,spree_tax_exemption_certificates,reason_code,string,string,False,False,,,spree_schema_full.json
Spree,spree_tax_exemption_certificates,status,string,string,False,False,,,spree_schema_full.json
Spree,spree_tax_exemption_certificates,issued_at,datetime,date,True,False,,,spree_schema_full.json
Spree,spree_tax_exemption_certificates,expires_at,datetime,date,True,False,,,spree_schema_full.json
Spree,spree_tax_exemption_certificates,issuing_authority,string,string,True,False,,,spree_schema_full.json
Spree,spree_tax_exemption_certificates,verified_at,datetime,date,True,False,,,spree_schema_full.json
Spree,spree_tax_exemption_certificates,verified_by_id,bigint(ref),number,True,False,,,spree_schema_full.json
Spree,spree_tax_exemption_certificates,metadata,json,string,True,False,,,spree_schema_full.json
Spree,spree_metafields,type,string,string,False,False,,,spree_schema_full.json
Spree,spree_metafields,resource_id,bigint(ref),number,False,False,,,spree_schema_full.json
Spree,spree_metafields,metafield_definition_id,bigint(ref),number,False,False,,,spree_schema_full.json
Spree,spree_metafields,value,text,string,True,False,,,spree_schema_full.json
Spree,spree_metafield_definitions,namespace,string,string,False,False,,,spree_schema_full.json
Spree,spree_metafield_definitions,key,string,string,False,False,,,spree_schema_full.json
Spree,spree_metafield_definitions,name,string,string,False,False,,,spree_schema_full.json
Spree,spree_metafield_definitions,metafield_type,string,string,False,False,,,spree_schema_full.json
Spree,spree_metafield_definitions,resource_type,string,string,False,False,,,spree_schema_full.json
Spree,spree_metafield_definitions,searchable,boolean,boolean,True,False,,,spree_schema_full.json
Spree,spree_metafield_definitions,sortable,boolean,boolean,True,False,,,spree_schema_full.json
Spree,spree_metafield_definitions,display_on,string,string,False,False,,,spree_schema_full.json
Spree,spree_delivery_method_services,delivery_method_id,bigint(ref),number,False,False,,,spree_schema_full.json
Spree,spree_delivery_method_services,carrier,string,string,False,False,,,spree_schema_full.json
Spree,spree_delivery_method_services,service,string,string,False,False,,,spree_schema_full.json
Spree,spree_delivery_method_services,label,string,string,True,False,,,spree_schema_full.json
Spree,spree_delivery_method_services,markup_flat,decimal,number,True,False,,,spree_schema_full.json
Spree,spree_delivery_method_services,markup_percent,decimal,number,True,False,,,spree_schema_full.json
Spree,spree_delivery_method_services,position,integer,number,True,False,,,spree_schema_full.json
Spree,spree_shipping_categories,name,string,string,True,False,,,spree_schema_full.json
Spree,spree_shipping_categories,created_at,datetime,date,False,False,,,spree_schema_full.json
Spree,spree_shipping_categories,updated_at,datetime,date,False,False,,,spree_schema_full.json
Spree,spree_channel_stock_locations,channel_id,bigint(ref),number,False,False,,,spree_schema_full.json
Spree,spree_channel_stock_locations,stock_location_id,bigint(ref),number,False,False,,,spree_schema_full.json
Spree,spree_digitals,variant_id,bigint(ref),number,True,False,,,spree_schema_full.json
Spree,spree_digital_assets,provider_type,string,string,True,False,,,spree_schema_full.json
Spree,spree_digital_assets,metadata,json,string,True,False,,,spree_schema_full.json
Spree,spree_number_sequences,store_id,bigint(ref),number,False,False,,,spree_schema_full.json
Spree,spree_number_sequences,resource_type,string,string,False,False,,,spree_schema_full.json
Spree,spree_number_sequences,value,bigint,number,False,False,,,spree_schema_full.json
Spree,spree_stock_items,stock_location_id,bigint,number,True,False,,,spree_schema_full.json
Spree,spree_stock_items,variant_id,bigint,number,True,False,,,spree_schema_full.json
Spree,spree_stock_items,count_on_hand,integer,number,False,False,,,spree_schema_full.json
Spree,spree_stock_items,created_at,datetime,date,False,False,,,spree_schema_full.json
Spree,spree_stock_items,updated_at,datetime,date,False,False,,,spree_schema_full.json
Spree,spree_stock_items,backorderable,boolean,boolean,True,False,,,spree_schema_full.json
Spree,spree_stock_items,deleted_at,datetime,date,True,False,,,spree_schema_full.json
Spree,spree_stock_items,public_metadata,json,string,True,False,,,spree_schema_full.json
Spree,spree_stock_items,private_metadata,json,string,True,False,,,spree_schema_full.json
Spree,spree_stock_levels,allocated_count,integer,number,False,False,,,spree_schema_full.json
Spree,spree_sellers,store_id,bigint(ref),number,False,False,,,spree_schema_full.json
Spree,spree_sellers,name,string,string,False,False,,,spree_schema_full.json
Spree,spree_sellers,slug,string,string,False,False,,,spree_schema_full.json
Spree,spree_sellers,status,string,string,False,False,,,spree_schema_full.json
Spree,spree_sellers,contact_email,string,string,True,False,,,spree_schema_full.json
Spree,spree_sellers,billing_email,string,string,True,False,,,spree_schema_full.json
Spree,spree_sellers,about,text,string,True,False,,,spree_schema_full.json
Spree,spree_sellers,billing_address_id,bigint(ref),number,True,False,,,spree_schema_full.json
Spree,spree_sellers,terms_accepted_at,datetime,date,True,False,,,spree_schema_full.json
Spree,spree_sellers,holiday_mode_until,datetime,date,True,False,,,spree_schema_full.json
Spree,spree_sellers,payouts_schedule_interval,string,string,True,False,,,spree_schema_full.json
Spree,spree_sellers,minimum_payout_amount,decimal,number,True,False,,,spree_schema_full.json
Spree,spree_sellers,tax_remittance,string,string,False,False,,,spree_schema_full.json
Spree,spree_sellers,metadata,json,string,True,False,,,spree_schema_full.json
Spree,spree_sellers,deleted_at,datetime,date,True,False,,,spree_schema_full.json
Spree,spree_sellers,legal_name,string,string,True,False,,,spree_schema_full.json
Spree,spree_sellers,registration_number,string,string,True,False,,,spree_schema_full.json
Spree,spree_sellers,payouts_enabled_at,datetime,date,True,False,,,spree_schema_full.json
Spree,spree_seller_translations,name,string,string,True,False,,,spree_schema_full.json
Spree,spree_seller_translations,about,text,string,True,False,,,spree_schema_full.json
Spree,spree_seller_translations,locale,string,string,False,False,,,spree_schema_full.json
Spree,spree_seller_translations,spree_seller_id,bigint(ref),number,False,False,,,spree_schema_full.json
Spree,spree_seller_translations,deleted_at,datetime,date,True,False,,,spree_schema_full.json
Spree,spree_commission_rates,store_id,bigint(ref),number,False,False,,,spree_schema_full.json
Spree,spree_commission_rates,name,string,string,False,False,,,spree_schema_full.json
Spree,spree_commission_rates,code,string,string,True,False,,,spree_schema_full.json
Spree,spree_commission_rates,enabled,boolean,boolean,False,False,,,spree_schema_full.json
Spree,spree_commission_rates,position,integer,number,False,False,,,spree_schema_full.json
Spree,spree_commission_rates,kind,string,string,False,False,,,spree_schema_full.json
Spree,spree_commission_rates,value,decimal,number,False,False,,,spree_schema_full.json
Spree,spree_commission_rates,tax_inclusive,boolean,boolean,False,False,,,spree_schema_full.json
Spree,spree_commission_rates,include_shipping,boolean,boolean,False,False,,,spree_schema_full.json
Spree,spree_commission_rates,commission_tax_rate,decimal,number,True,False,,,spree_schema_full.json
Spree,spree_commission_rates,metadata,json,string,True,False,,,spree_schema_full.json
Spree,spree_commission_rates,deleted_at,datetime,date,True,False,,,spree_schema_full.json
Spree,spree_commission_rate_values,commission_rate_id,bigint(ref),number,False,False,,,spree_schema_full.json
Spree,spree_commission_rate_values,currency,string,string,False,False,,,spree_schema_full.json
Spree,spree_commission_rate_values,amount,decimal,number,False,False,,,spree_schema_full.json
Spree,spree_commission_rate_values,min_amount,decimal,number,True,False,,,spree_schema_full.json
Spree,spree_commission_rate_values,max_amount,decimal,number,True,False,,,spree_schema_full.json
Spree,spree_commission_rate_values,deleted_at,datetime,date,True,False,,,spree_schema_full.json
Spree,spree_commission_rules,commission_rate_id,bigint(ref),number,False,False,,,spree_schema_full.json
Spree,spree_commission_rules,type,string,string,False,False,,,spree_schema_full.json
Spree,spree_commission_rules,preferences,json,string,True,False,,,spree_schema_full.json
Spree,spree_commission_rules,deleted_at,datetime,date,True,False,,,spree_schema_full.json
Spree,spree_commission_rule_products,commission_rule_id,bigint(ref),number,False,False,,,spree_schema_full.json
Spree,spree_commission_rule_products,product_id,bigint(ref),number,False,False,,,spree_schema_full.json
Spree,spree_commission_rule_products,deleted_at,datetime,date,True,False,,,spree_schema_full.json
Spree,spree_commission_lines,order_id,bigint(ref),number,False,False,,,spree_schema_full.json
Spree,spree_commission_lines,seller_id,bigint(ref),number,False,False,,,spree_schema_full.json
Spree,spree_commission_lines,line_item_id,bigint(ref),number,True,False,,,spree_schema_full.json
Spree,spree_commission_lines,fulfillment_id,bigint(ref),number,True,False,,,spree_schema_full.json
Spree,spree_commission_lines,commission_rate_id,bigint(ref),number,True,False,,,spree_schema_full.json
Spree,spree_commission_lines,rate,decimal,number,False,False,,,spree_schema_full.json
Spree,spree_commission_lines,kind,string,string,False,False,,,spree_schema_full.json
Spree,spree_commission_lines,amount,decimal,number,False,False,,,spree_schema_full.json
Spree,spree_commission_lines,tax_amount,decimal,number,False,False,,,spree_schema_full.json
Spree,spree_commission_lines,tax_rate,decimal,number,False,False,,,spree_schema_full.json
Spree,spree_commission_lines,total,decimal,number,False,False,,,spree_schema_full.json
Spree,spree_commission_lines,currency,string,string,False,False,,,spree_schema_full.json
Spree,spree_commission_lines,taxability_reason,string,string,True,False,,,spree_schema_full.json
Spree,spree_commission_lines,country_code,string,string,True,False,,,spree_schema_full.json
Spree,spree_commission_lines,state_code,string,string,True,False,,,spree_schema_full.json
Spree,spree_commission_lines,metadata,json,string,True,False,,,spree_schema_full.json
Spree,spree_external_references,store_id,bigint(ref),number,False,False,,,spree_schema_full.json
Spree,spree_external_references,system,string,string,False,False,,,spree_schema_full.json
Spree,spree_external_references,resource_id,bigint(ref),number,False,False,,,spree_schema_full.json
Spree,spree_external_references,external_id,string,string,False,False,,,spree_schema_full.json
Spree,spree_external_references,metadata,json,string,True,False,,,spree_schema_full.json
Spree,spree_seller_requirements,store_id,bigint(ref),number,False,False,,,spree_schema_full.json
Spree,spree_seller_requirements,type,string,string,False,False,,,spree_schema_full.json
Spree,spree_seller_requirements,name,string,string,True,False,,,spree_schema_full.json
Spree,spree_seller_requirements,description,text,string,True,False,,,spree_schema_full.json
Spree,spree_seller_requirements,position,integer,number,False,False,,,spree_schema_full.json
Spree,spree_seller_requirements,active,boolean,boolean,False,False,,,spree_schema_full.json
Spree,spree_seller_requirements,required,boolean,boolean,False,False,,,spree_schema_full.json
Spree,spree_seller_requirements,preferences,text,string,True,False,,,spree_schema_full.json
Spree,spree_seller_requirements,metadata,json,string,True,False,,,spree_schema_full.json
Spree,spree_seller_requirement_submissions,seller_id,bigint(ref),number,False,False,,,spree_schema_full.json
Spree,spree_seller_requirement_submissions,seller_requirement_id,bigint(ref),number,False,False,,,spree_schema_full.json
Spree,spree_seller_requirement_submissions,status,string,string,False,False,,,spree_schema_full.json
Spree,spree_seller_requirement_submissions,submitted_by_id,bigint(ref),number,True,False,,,spree_schema_full.json
Spree,spree_seller_requirement_submissions,reviewed_by_id,bigint(ref),number,True,False,,,spree_schema_full.json
Spree,spree_seller_requirement_submissions,reviewed_at,datetime,date,True,False,,,spree_schema_full.json
Spree,spree_seller_requirement_submissions,note,text,string,True,False,,,spree_schema_full.json
Spree,spree_seller_requirement_submissions,review_note,text,string,True,False,,,spree_schema_full.json
Spree,spree_seller_requirement_submissions,reference,string,string,True,False,,,spree_schema_full.json
Spree,spree_seller_requirement_submissions,metadata,json,string,True,False,,,spree_schema_full.json
Spree,spree_media,viewable_type,string,string,True,False,,,spree_schema_full.json
Spree,spree_media,viewable_id,bigint,number,True,False,,,spree_schema_full.json
Spree,spree_media,attachment_width,integer,number,True,False,,,spree_schema_full.json
Spree,spree_media,attachment_height,integer,number,True,False,,,spree_schema_full.json
Spree,spree_media,attachment_file_size,integer,number,True,False,,,spree_schema_full.json
Spree,spree_media,position,integer,number,True,False,,,spree_schema_full.json
Spree,spree_media,attachment_content_type,string,string,True,False,,,spree_schema_full.json
Spree,spree_media,attachment_file_name,string,string,True,False,,,spree_schema_full.json
Spree,spree_media,type,string,string,True,False,,,spree_schema_full.json
Spree,spree_media,attachment_updated_at,datetime,date,True,False,,,spree_schema_full.json
Spree,spree_media,alt,text,string,True,False,,,spree_schema_full.json
Spree,spree_media,created_at,datetime,date,True,False,,,spree_schema_full.json
Spree,spree_media,updated_at,datetime,date,True,False,,,spree_schema_full.json
Spree,spree_media,session_id,string,string,True,False,,,spree_schema_full.json
Spree,spree_media,media_type,string,string,True,False,,,spree_schema_full.json
Spree,spree_media,focal_point_x,decimal,number,True,False,,,spree_schema_full.json
Spree,spree_media,focal_point_y,decimal,number,True,False,,,spree_schema_full.json
Spree,spree_media,external_video_url,string,string,True,False,,,spree_schema_full.json
Spree,spree_seller_requirement_custom_fields,seller_requirement_id,bigint(ref),number,False,False,,,spree_schema_full.json
Spree,spree_seller_requirement_custom_fields,custom_field_definition_id,bigint(ref),number,False,False,,,spree_schema_full.json
Spree,spree_order_groups,store_id,bigint(ref),number,False,False,,,spree_schema_full.json
Spree,spree_order_groups,customer_id,bigint(ref),number,True,False,,,spree_schema_full.json
Spree,spree_order_groups,cart_id,bigint(ref),number,True,False,,,spree_schema_full.json
Spree,spree_order_groups,number,string,string,False,False,,,spree_schema_full.json
Spree,spree_order_groups,currency,string,string,False,False,,,spree_schema_full.json
Spree,spree_order_groups,email,string,string,True,False,,,spree_schema_full.json
Spree,spree_order_groups,token,string,string,True,False,,,spree_schema_full.json
Spree,spree_order_groups,ship_address_id,bigint(ref),number,True,False,,,spree_schema_full.json
Spree,spree_order_groups,bill_address_id,bigint(ref),number,True,False,,,spree_schema_full.json
Spree,spree_order_groups,metadata,json,string,True,False,,,spree_schema_full.json
Spree,spree_payment_splits,payment_id,bigint(ref),number,False,False,,,spree_schema_full.json
Spree,spree_payment_splits,order_id,bigint(ref),number,False,False,,,spree_schema_full.json
Spree,spree_payment_splits,authorized_amount,decimal,number,False,False,,,spree_schema_full.json
Spree,spree_payment_splits,captured_amount,decimal,number,False,False,,,spree_schema_full.json
Spree,spree_payment_splits,refunded_amount,decimal,number,False,False,,,spree_schema_full.json
Spree,spree_payment_splits,currency,string,string,False,False,,,spree_schema_full.json
Spree,spree_payment_splits,claimed_amount,decimal,number,True,False,,,spree_schema_full.json
Spree,spree_seller_transfers,store_id,bigint(ref),number,False,False,,,spree_schema_full.json
Spree,spree_seller_transfers,seller_id,bigint(ref),number,False,False,,,spree_schema_full.json
Spree,spree_seller_transfers,order_id,bigint(ref),number,False,False,,,spree_schema_full.json
Spree,spree_seller_transfers,payout_id,bigint(ref),number,True,False,,,spree_schema_full.json
Spree,spree_seller_transfers,reversed_from_id,bigint(ref),number,True,False,,,spree_schema_full.json
Spree,spree_seller_transfers,refund_id,bigint(ref),number,True,False,,,spree_schema_full.json
Spree,spree_seller_transfers,amount,decimal,number,False,False,,,spree_schema_full.json
Spree,spree_seller_transfers,currency,string,string,False,False,,,spree_schema_full.json
Spree,spree_seller_transfers,kind,string,string,False,False,,,spree_schema_full.json
Spree,spree_seller_transfers,status,string,string,False,False,,,spree_schema_full.json
Spree,spree_seller_transfers,provider,string,string,False,False,,,spree_schema_full.json
Spree,spree_seller_transfers,reference,string,string,True,False,,,spree_schema_full.json
Spree,spree_seller_transfers,metadata,json,string,True,False,,,spree_schema_full.json
Spree,spree_seller_payouts,store_id,bigint(ref),number,False,False,,,spree_schema_full.json
Spree,spree_seller_payouts,seller_id,bigint(ref),number,False,False,,,spree_schema_full.json
Spree,spree_seller_payouts,amount,decimal,number,False,False,,,spree_schema_full.json
Spree,spree_seller_payouts,currency,string,string,False,False,,,spree_schema_full.json
Spree,spree_seller_payouts,status,string,string,False,False,,,spree_schema_full.json
Spree,spree_seller_payouts,period_start,datetime,date,True,False,,,spree_schema_full.json
Spree,spree_seller_payouts,period_end,datetime,date,True,False,,,spree_schema_full.json
Spree,spree_seller_payouts,provider,string,string,False,False,,,spree_schema_full.json
Spree,spree_seller_payouts,reference,string,string,True,False,,,spree_schema_full.json
Spree,spree_seller_payouts,metadata,json,string,True,False,,,spree_schema_full.json
Spree,spree_catalogs,store_id,bigint(ref),number,False,False,,,spree_schema_full.json
Spree,spree_catalogs,name,string,string,False,False,,,spree_schema_full.json
Spree,spree_catalogs,active,boolean,boolean,False,False,,,spree_schema_full.json
Spree,spree_catalogs,position,integer,number,True,False,,,spree_schema_full.json
Spree,spree_catalogs,metadata,json,string,True,False,,,spree_schema_full.json
Spree,spree_catalogs,description,text,string,True,False,,,spree_schema_full.json
Spree,spree_catalogs,minimum_order_quantity,integer,number,True,False,,,spree_schema_full.json
Spree,spree_catalogs,order_multiple,integer,number,True,False,,,spree_schema_full.json
Spree,spree_catalog_products,catalog_id,bigint(ref),number,False,False,,,spree_schema_full.json
Spree,spree_catalog_products,product_id,bigint(ref),number,False,False,,,spree_schema_full.json
Spree,spree_catalog_assignments,catalog_id,bigint(ref),number,False,False,,,spree_schema_full.json
Spree,spree_catalog_assignments,assignable_id,bigint(ref),number,False,False,,,spree_schema_full.json
Spree,spree_product_submissions,product_id,bigint(ref),number,False,False,,,spree_schema_full.json
Spree,spree_product_submissions,status,string,string,False,False,,,spree_schema_full.json
Spree,spree_product_submissions,submitted_by_id,bigint(ref),number,True,False,,,spree_schema_full.json
Spree,spree_product_submissions,reviewed_by_id,bigint(ref),number,True,False,,,spree_schema_full.json
Spree,spree_product_submissions,reviewed_at,datetime,date,True,False,,,spree_schema_full.json
Spree,spree_product_submissions,review_note,text,string,True,False,,,spree_schema_full.json
Spree,spree_product_submissions,metadata,json,string,True,False,,,spree_schema_full.json
Spree,spree_catalog_quantity_rules,catalog_id,bigint(ref),number,False,False,,,spree_schema_full.json
Spree,spree_catalog_quantity_rules,variant_id,bigint(ref),number,False,False,,,spree_schema_full.json
Spree,spree_catalog_quantity_rules,minimum_order_quantity,integer,number,True,False,,,spree_schema_full.json
Spree,spree_catalog_quantity_rules,order_multiple,integer,number,True,False,,,spree_schema_full.json
Spree,spree_catalog_order_minimums,catalog_id,bigint(ref),number,False,False,,,spree_schema_full.json
Spree,spree_catalog_order_minimums,currency,string,string,False,False,,,spree_schema_full.json
Spree,spree_catalog_order_minimums,amount,decimal,number,False,False,,,spree_schema_full.json
Spree,spree_package_types,store_id,bigint(ref),number,False,False,,,spree_schema_full.json
Spree,spree_package_types,name,string,string,False,False,,,spree_schema_full.json
Spree,spree_package_types,kind,string,string,False,False,,,spree_schema_full.json
Spree,spree_package_types,length,decimal,number,True,False,,,spree_schema_full.json
Spree,spree_package_types,width,decimal,number,True,False,,,spree_schema_full.json
Spree,spree_package_types,height,decimal,number,True,False,,,spree_schema_full.json
Spree,spree_package_types,dimensions_unit,string,string,True,False,,,spree_schema_full.json
Spree,spree_package_types,weight,decimal,number,True,False,,,spree_schema_full.json
Spree,spree_package_types,max_weight,decimal,number,True,False,,,spree_schema_full.json
Spree,spree_package_types,weight_unit,string,string,True,False,,,spree_schema_full.json
Spree,spree_package_types,default,boolean,boolean,False,False,,,spree_schema_full.json
Spree,spree_package_types,metadata,json,string,True,False,,,spree_schema_full.json
Spree,spree_consent_records,store_id,bigint(ref),number,False,False,,,spree_schema_full.json
Spree,spree_consent_records,owner_id,bigint(ref),number,False,False,,,spree_schema_full.json
Spree,spree_consent_records,purpose,string,string,False,False,,,spree_schema_full.json
Spree,spree_consent_records,source,string,string,False,False,,,spree_schema_full.json
Spree,spree_consent_records,accepted,boolean,boolean,False,False,,,spree_schema_full.json
Spree,spree_consent_records,email,string,string,True,False,,,spree_schema_full.json
Spree,spree_consent_records,ip_address,string,string,True,False,,,spree_schema_full.json
Spree,spree_consent_records,user_agent,string,string,True,False,,,spree_schema_full.json
Spree,spree_consent_records,documents,json,string,True,False,,,spree_schema_full.json
Spree,spree_consent_records,recorded_at,datetime,date,False,False,,,spree_schema_full.json
Spree,spree_data_requests,store_id,bigint(ref),number,False,False,,,spree_schema_full.json
Spree,spree_data_requests,customer_id,bigint(ref),number,False,False,,,spree_schema_full.json
Spree,spree_data_requests,number,string,string,False,False,,,spree_schema_full.json
Spree,spree_data_requests,download_token,string,string,True,False,,,spree_schema_full.json
Spree,spree_data_requests,kind,string,string,False,False,,,spree_schema_full.json
Spree,spree_data_requests,status,string,string,False,False,,,spree_schema_full.json
Spree,spree_data_requests,email,string,string,False,False,,,spree_schema_full.json
Spree,spree_data_requests,requested_at,datetime,date,False,False,,,spree_schema_full.json
Spree,spree_data_requests,completed_at,datetime,date,True,False,,,spree_schema_full.json
Spree,spree_data_requests,expires_at,datetime,date,True,False,,,spree_schema_full.json
Spree,spree_data_requests,error_message,text,string,True,False,,,spree_schema_full.json
Spree,spree_data_requests,requested_by_id,bigint,number,True,False,,,spree_schema_full.json
Spree,spree_order_cancellations,order_id,bigint(ref),number,False,False,,,spree_schema_full.json
Spree,spree_order_cancellations,reason,string,string,False,False,,,spree_schema_full.json
Spree,spree_order_cancellations,note,text,string,True,False,,,spree_schema_full.json
Spree,spree_order_cancellations,restock_items,boolean,boolean,False,False,,,spree_schema_full.json
Spree,spree_order_cancellations,refund_payments,boolean,boolean,False,False,,,spree_schema_full.json
Spree,spree_order_cancellations,refund_amount,decimal,number,True,False,,,spree_schema_full.json
Spree,spree_order_cancellations,notify_customer,boolean,boolean,False,False,,,spree_schema_full.json
Spree,spree_order_cancellations,canceled_by_id,bigint(ref),number,True,False,,,spree_schema_full.json
Spree,spree_order_cancellations,metadata,json,string,True,False,,,spree_schema_full.json
Spree,spree_order_approvals,order_id,bigint(ref),number,False,False,,,spree_schema_full.json
Spree,spree_order_approvals,status,string,string,False,False,,,spree_schema_full.json
Spree,spree_order_approvals,level,string,string,True,False,,,spree_schema_full.json
Spree,spree_order_approvals,note,text,string,True,False,,,spree_schema_full.json
Spree,spree_order_approvals,approver_id,bigint(ref),number,True,False,,,spree_schema_full.json
Spree,spree_order_approvals,decided_at,datetime,date,True,False,,,spree_schema_full.json
Spree,spree_order_approvals,metadata,json,string,True,False,,,spree_schema_full.json
Spree,spree_wishlist_items,variant_id,bigint(ref),number,True,False,,,spree_schema_full.json
Spree,spree_wishlist_items,wishlist_id,bigint(ref),number,True,False,,,spree_schema_full.json
Spree,spree_wishlist_items,quantity,integer,number,False,False,,,spree_schema_full.json
Spree,spree_shipping_labels,owner_id,bigint(ref),number,False,False,,,spree_schema_full.json
Spree,spree_shipping_labels,store_id,bigint(ref),number,False,False,,,spree_schema_full.json
Spree,spree_shipping_labels,integration_id,bigint(ref),number,True,False,,,spree_schema_full.json
Spree,spree_shipping_labels,source,string,string,False,False,,,spree_schema_full.json
Spree,spree_shipping_labels,external_id,string,string,True,False,,,spree_schema_full.json
Spree,spree_shipping_labels,carrier,string,string,True,False,,,spree_schema_full.json
Spree,spree_shipping_labels,service,string,string,True,False,,,spree_schema_full.json
Spree,spree_shipping_labels,tracking_number,string,string,True,False,,,spree_schema_full.json
Spree,spree_shipping_labels,cost,decimal,number,False,False,,,spree_schema_full.json
Spree,spree_shipping_labels,currency,string,string,True,False,,,spree_schema_full.json
Spree,spree_shipping_labels,format,string,string,True,False,,,spree_schema_full.json
Spree,spree_shipping_labels,status,string,string,False,False,,,spree_schema_full.json
Spree,spree_shipping_labels,refunded_at,datetime,date,True,False,,,spree_schema_full.json
Spree,spree_shipping_labels,metadata,json,string,True,False,,,spree_schema_full.json
Spree,spree_deliveries,owner_id,bigint(ref),number,False,False,,,spree_schema_full.json
Spree,spree_deliveries,store_id,bigint(ref),number,False,False,,,spree_schema_full.json
Spree,spree_deliveries,shipping_label_id,bigint(ref),number,True,False,,,spree_schema_full.json
Spree,spree_deliveries,tracking_number,string,string,False,False,,,spree_schema_full.json
Spree,spree_deliveries,tracking_url,string,string,True,False,,,spree_schema_full.json
Spree,spree_deliveries,carrier,string,string,True,False,,,spree_schema_full.json
Spree,spree_deliveries,service,string,string,True,False,,,spree_schema_full.json
Spree,spree_deliveries,status,string,string,False,False,,,spree_schema_full.json
Spree,spree_deliveries,estimated_delivery_at,datetime,date,True,False,,,spree_schema_full.json
Spree,spree_deliveries,delivered_at,datetime,date,True,False,,,spree_schema_full.json
Spree,spree_deliveries,details,json,string,True,False,,,spree_schema_full.json
Spree,spree_stock_transfer_items,stock_transfer_id,bigint(ref),number,False,False,,,spree_schema_full.json
Spree,spree_stock_transfer_items,variant_id,bigint(ref),number,False,False,,,spree_schema_full.json
Spree,spree_stock_transfer_items,quantity_shipped,integer,number,False,False,,,spree_schema_full.json
Spree,spree_stock_transfer_items,quantity_received,integer,number,False,False,,,spree_schema_full.json
Spree,spree_stock_transfer_items,quantity_rejected,integer,number,False,False,,,spree_schema_full.json
Spree,spree_suppliers,name,string,string,False,False,,,spree_schema_full.json
Spree,spree_suppliers,contact_name,string,string,True,False,,,spree_schema_full.json
Spree,spree_suppliers,email,string,string,True,False,,,spree_schema_full.json
Spree,spree_suppliers,phone,string,string,True,False,,,spree_schema_full.json
Spree,spree_suppliers,notes,text,string,True,False,,,spree_schema_full.json
Spree,spree_suppliers,store_id,bigint(ref),number,False,False,,,spree_schema_full.json
Spree,spree_suppliers,purchase_orders_count,integer,number,False,False,,,spree_schema_full.json
Spree,spree_suppliers,address1,string,string,True,False,,,spree_schema_full.json
Spree,spree_suppliers,address2,string,string,True,False,,,spree_schema_full.json
Spree,spree_suppliers,city,string,string,True,False,,,spree_schema_full.json
Spree,spree_suppliers,state_name,string,string,True,False,,,spree_schema_full.json
Spree,spree_suppliers,state_code,string,string,True,False,,,spree_schema_full.json
Spree,spree_suppliers,country_code,string,string,True,False,,,spree_schema_full.json
Spree,spree_suppliers,postal_code,string,string,True,False,,,spree_schema_full.json
Spree,spree_suppliers,metadata,json,string,True,False,,,spree_schema_full.json
Spree,spree_suppliers,deleted_at,datetime,date,True,False,,,spree_schema_full.json
Spree,spree_purchase_orders,number,string,string,False,False,,,spree_schema_full.json
Spree,spree_purchase_orders,status,string,string,True,False,,,spree_schema_full.json
Spree,spree_purchase_orders,currency,string,string,False,False,,,spree_schema_full.json
Spree,spree_purchase_orders,reference,string,string,True,False,,,spree_schema_full.json
Spree,spree_purchase_orders,supplier_id,bigint(ref),number,False,False,,,spree_schema_full.json
Spree,spree_purchase_orders,store_id,bigint(ref),number,False,False,,,spree_schema_full.json
Spree,spree_purchase_orders,destination_location_id,bigint(ref),number,False,False,,,spree_schema_full.json
Spree,spree_purchase_orders,expected_at,date,date,True,False,,,spree_schema_full.json
Spree,spree_purchase_orders,ordered_at,datetime,date,True,False,,,spree_schema_full.json
Spree,spree_purchase_orders,received_at,datetime,date,True,False,,,spree_schema_full.json
Spree,spree_purchase_orders,notes,text,string,True,False,,,spree_schema_full.json
Spree,spree_purchase_orders,created_by_id,bigint,number,True,False,,,spree_schema_full.json
Spree,spree_purchase_orders,metadata,json,string,True,False,,,spree_schema_full.json
Spree,spree_purchase_orders,cancel_by,date,date,True,False,,,spree_schema_full.json
Spree,spree_purchase_orders,closed_short_at,datetime,date,True,False,,,spree_schema_full.json
Spree,spree_purchase_orders,close_reason,text,string,True,False,,,spree_schema_full.json
Spree,spree_purchase_order_items,purchase_order_id,bigint(ref),number,False,False,,,spree_schema_full.json
Spree,spree_purchase_order_items,variant_id,bigint(ref),number,False,False,,,spree_schema_full.json
Spree,spree_purchase_order_items,quantity_ordered,integer,number,False,False,,,spree_schema_full.json
Spree,spree_purchase_order_items,quantity_received,integer,number,False,False,,,spree_schema_full.json
Spree,spree_purchase_order_items,unit_cost,decimal,number,False,False,,,spree_schema_full.json
Spree,spree_purchase_order_items,quantity_rejected,integer,number,False,False,,,spree_schema_full.json
Spree,spree_price_adjustment_tiers,price_list_id,bigint(ref),number,False,False,,,spree_schema_full.json
Spree,spree_price_adjustment_tiers,min_quantity,integer,number,False,False,,,spree_schema_full.json
Spree,spree_price_adjustment_tiers,percentage,decimal,number,False,False,,,spree_schema_full.json
Spree,spree_stock_receipts,number,string,string,False,False,,,spree_schema_full.json
Spree,spree_stock_receipts,store_id,bigint(ref),number,False,False,,,spree_schema_full.json
Spree,spree_stock_receipts,receivable_id,bigint(ref),number,False,False,,,spree_schema_full.json
Spree,spree_stock_receipts,reference,string,string,True,False,,,spree_schema_full.json
Spree,spree_stock_receipts,received_at,datetime,date,False,False,,,spree_schema_full.json
Spree,spree_stock_receipts,received_by_id,bigint,number,True,False,,,spree_schema_full.json
Spree,spree_stock_receipts,notes,text,string,True,False,,,spree_schema_full.json
Spree,spree_stock_receipts,metadata,json,string,True,False,,,spree_schema_full.json
Spree,spree_stock_receipt_items,stock_receipt_id,bigint(ref),number,False,False,,,spree_schema_full.json
Spree,spree_stock_receipt_items,line_id,bigint(ref),number,False,False,,,spree_schema_full.json
Spree,spree_stock_receipt_items,quantity_accepted,integer,number,False,False,,,spree_schema_full.json
Spree,spree_stock_receipt_items,quantity_rejected,integer,number,False,False,,,spree_schema_full.json
Spree,spree_stock_receipt_items,rejection_reason,string,string,True,False,,,spree_schema_full.json
Spree,spree_stock_receipt_items,notes,text,string,True,False,,,spree_schema_full.json
jBilling,ach,id,integer,number,False,True,base_user,,jbilling_schema_full.json
jBilling,ach,user_id,integer,number,True,False,base_user,,jbilling_schema_full.json
jBilling,ach,account_type,integer,number,False,False,base_user,,jbilling_schema_full.json
jBilling,ach,optlock,integer,number,False,False,base_user,,jbilling_schema_full.json
jBilling,ageing_entity_step,id,integer,number,False,True,entity,,jbilling_schema_full.json
jBilling,ageing_entity_step,entity_id,integer,number,True,False,entity,,jbilling_schema_full.json
jBilling,ageing_entity_step,status_id,integer,number,True,False,entity,,jbilling_schema_full.json
jBilling,ageing_entity_step,days,integer,number,False,False,entity,,jbilling_schema_full.json
jBilling,ageing_entity_step,optlock,integer,number,False,False,entity,,jbilling_schema_full.json
jBilling,base_user,id,integer,number,False,True,currency;entity;language,,jbilling_schema_full.json
jBilling,base_user,entity_id,integer,number,True,False,currency;entity;language,,jbilling_schema_full.json
jBilling,base_user,deleted,smallint,number,False,False,currency;entity;language,,jbilling_schema_full.json
jBilling,base_user,language_id,integer,number,True,False,currency;entity;language,,jbilling_schema_full.json
jBilling,base_user,status_id,integer,number,True,False,currency;entity;language,,jbilling_schema_full.json
jBilling,base_user,subscriber_status,integer,number,True,False,currency;entity;language,,jbilling_schema_full.json
jBilling,base_user,currency_id,integer,number,True,False,currency;entity;language,,jbilling_schema_full.json
jBilling,base_user,create_datetime,timestamp without time zone,date,False,False,currency;entity;language,,jbilling_schema_full.json
jBilling,base_user,last_status_change,timestamp without time zone,date,True,False,currency;entity;language,,jbilling_schema_full.json
jBilling,base_user,last_login,timestamp without time zone,date,True,False,currency;entity;language,,jbilling_schema_full.json
jBilling,base_user,failed_attempts,integer,number,False,False,currency;entity;language,,jbilling_schema_full.json
jBilling,base_user,optlock,integer,number,False,False,currency;entity;language,,jbilling_schema_full.json
jBilling,billing_process,id,integer,number,False,True,entity;paper_invoice_batch;period_unit,,jbilling_schema_full.json
jBilling,billing_process,entity_id,integer,number,False,False,entity;paper_invoice_batch;period_unit,,jbilling_schema_full.json
jBilling,billing_process,billing_date,date,date,False,False,entity;paper_invoice_batch;period_unit,,jbilling_schema_full.json
jBilling,billing_process,period_unit_id,integer,number,False,False,entity;paper_invoice_batch;period_unit,,jbilling_schema_full.json
jBilling,billing_process,period_value,integer,number,False,False,entity;paper_invoice_batch;period_unit,,jbilling_schema_full.json
jBilling,billing_process,is_review,integer,number,False,False,entity;paper_invoice_batch;period_unit,,jbilling_schema_full.json
jBilling,billing_process,paper_invoice_batch_id,integer,number,True,False,entity;paper_invoice_batch;period_unit,,jbilling_schema_full.json
jBilling,billing_process,retries_to_do,integer,number,False,False,entity;paper_invoice_batch;period_unit,,jbilling_schema_full.json
jBilling,billing_process,optlock,integer,number,False,False,entity;paper_invoice_batch;period_unit,,jbilling_schema_full.json
jBilling,billing_process_configuration,id,integer,number,False,True,entity;period_unit,,jbilling_schema_full.json
jBilling,billing_process_configuration,entity_id,integer,number,True,False,entity;period_unit,,jbilling_schema_full.json
jBilling,billing_process_configuration,next_run_date,date,date,False,False,entity;period_unit,,jbilling_schema_full.json
jBilling,billing_process_configuration,generate_report,smallint,number,False,False,entity;period_unit,,jbilling_schema_full.json
jBilling,billing_process_configuration,retries,integer,number,True,False,entity;period_unit,,jbilling_schema_full.json
jBilling,billing_process_configuration,days_for_retry,integer,number,True,False,entity;period_unit,,jbilling_schema_full.json
jBilling,billing_process_configuration,days_for_report,integer,number,True,False,entity;period_unit,,jbilling_schema_full.json
jBilling,billing_process_configuration,review_status,integer,number,False,False,entity;period_unit,,jbilling_schema_full.json
jBilling,billing_process_configuration,period_unit_id,integer,number,False,False,entity;period_unit,,jbilling_schema_full.json
jBilling,billing_process_configuration,period_value,integer,number,False,False,entity;period_unit,,jbilling_schema_full.json
jBilling,billing_process_configuration,due_date_unit_id,integer,number,False,False,entity;period_unit,,jbilling_schema_full.json
jBilling,billing_process_configuration,due_date_value,integer,number,False,False,entity;period_unit,,jbilling_schema_full.json
jBilling,billing_process_configuration,df_fm,smallint,number,True,False,entity;period_unit,,jbilling_schema_full.json
jBilling,billing_process_configuration,only_recurring,smallint,number,False,False,entity;period_unit,,jbilling_schema_full.json
jBilling,billing_process_configuration,invoice_date_process,smallint,number,False,False,entity;period_unit,,jbilling_schema_full.json
jBilling,billing_process_configuration,optlock,integer,number,False,False,entity;period_unit,,jbilling_schema_full.json
jBilling,billing_process_configuration,auto_payment,smallint,number,False,False,entity;period_unit,,jbilling_schema_full.json
jBilling,billing_process_configuration,maximum_periods,integer,number,False,False,entity;period_unit,,jbilling_schema_full.json
jBilling,billing_process_configuration,auto_payment_application,integer,number,False,False,entity;period_unit,,jbilling_schema_full.json
jBilling,blacklist,id,integer,number,False,True,base_user;entity,,jbilling_schema_full.json
jBilling,blacklist,entity_id,integer,number,False,False,base_user;entity,,jbilling_schema_full.json
jBilling,blacklist,create_datetime,timestamp without time zone,date,False,False,base_user;entity,,jbilling_schema_full.json
jBilling,blacklist,type,integer,number,False,False,base_user;entity,,jbilling_schema_full.json
jBilling,blacklist,source,integer,number,False,False,base_user;entity,,jbilling_schema_full.json
jBilling,blacklist,credit_card,integer,number,True,False,base_user;entity,,jbilling_schema_full.json
jBilling,blacklist,credit_card_id,integer,number,True,False,base_user;entity,,jbilling_schema_full.json
jBilling,blacklist,contact_id,integer,number,True,False,base_user;entity,,jbilling_schema_full.json
jBilling,blacklist,user_id,integer,number,True,False,base_user;entity,,jbilling_schema_full.json
jBilling,blacklist,optlock,integer,number,False,False,base_user;entity,,jbilling_schema_full.json
jBilling,breadcrumb,id,integer,number,False,True,,,jbilling_schema_full.json
jBilling,breadcrumb,user_id,integer,number,False,False,,,jbilling_schema_full.json
jBilling,breadcrumb,object_id,integer,number,True,False,,,jbilling_schema_full.json
jBilling,breadcrumb,version,integer,number,False,False,,,jbilling_schema_full.json
jBilling,cdrentries,id,integer,number,False,True,,,jbilling_schema_full.json
jBilling,cdrentries,start,timestamp without time zone,date,True,False,,,jbilling_schema_full.json
jBilling,cdrentries,answer,timestamp without time zone,date,True,False,,,jbilling_schema_full.json
jBilling,cdrentries,duration,integer,number,True,False,,,jbilling_schema_full.json
jBilling,cdrentries,billsec,integer,number,True,False,,,jbilling_schema_full.json
jBilling,cdrentries,ts,timestamp without time zone,date,True,False,,,jbilling_schema_full.json
jBilling,contact,id,integer,number,False,True,,,jbilling_schema_full.json
jBilling,contact,phone_country_code,integer,number,True,False,,,jbilling_schema_full.json
jBilling,contact,phone_area_code,integer,number,True,False,,,jbilling_schema_full.json
jBilling,contact,fax_country_code,integer,number,True,False,,,jbilling_schema_full.json
jBilling,contact,fax_area_code,integer,number,True,False,,,jbilling_schema_full.json
jBilling,contact,create_datetime,timestamp without time zone,date,False,False,,,jbilling_schema_full.json
jBilling,contact,deleted,smallint,number,False,False,,,jbilling_schema_full.json
jBilling,contact,notification_include,smallint,number,True,False,,,jbilling_schema_full.json
jBilling,contact,user_id,integer,number,True,False,,,jbilling_schema_full.json
jBilling,contact,optlock,integer,number,False,False,,,jbilling_schema_full.json
jBilling,contact_field,id,integer,number,False,True,contact;contact_field_type,,jbilling_schema_full.json
jBilling,contact_field,type_id,integer,number,True,False,contact;contact_field_type,,jbilling_schema_full.json
jBilling,contact_field,contact_id,integer,number,True,False,contact;contact_field_type,,jbilling_schema_full.json
jBilling,contact_field,optlock,integer,number,False,False,contact;contact_field_type,,jbilling_schema_full.json
jBilling,contact_field_type,id,integer,number,False,True,entity,,jbilling_schema_full.json
jBilling,contact_field_type,entity_id,integer,number,True,False,entity,,jbilling_schema_full.json
jBilling,contact_field_type,customer_readonly,smallint,number,True,False,entity,,jbilling_schema_full.json
jBilling,contact_field_type,optlock,integer,number,False,False,entity,,jbilling_schema_full.json
jBilling,contact_map,id,integer,number,False,True,contact;contact_type;jbilling_table,,jbilling_schema_full.json
jBilling,contact_map,contact_id,integer,number,True,False,contact;contact_type;jbilling_table,,jbilling_schema_full.json
jBilling,contact_map,type_id,integer,number,False,False,contact;contact_type;jbilling_table,,jbilling_schema_full.json
jBilling,contact_map,table_id,integer,number,False,False,contact;contact_type;jbilling_table,,jbilling_schema_full.json
jBilling,contact_map,foreign_id,integer,number,False,False,contact;contact_type;jbilling_table,,jbilling_schema_full.json
jBilling,contact_map,optlock,integer,number,False,False,contact;contact_type;jbilling_table,,jbilling_schema_full.json
jBilling,contact_type,id,integer,number,False,True,entity,,jbilling_schema_full.json
jBilling,contact_type,entity_id,integer,number,True,False,entity,,jbilling_schema_full.json
jBilling,contact_type,is_primary,smallint,number,True,False,entity,,jbilling_schema_full.json
jBilling,contact_type,optlock,integer,number,False,False,entity,,jbilling_schema_full.json
jBilling,country,id,integer,number,False,True,,,jbilling_schema_full.json
jBilling,credit_card,id,integer,number,False,True,,,jbilling_schema_full.json
jBilling,credit_card,cc_expiry,date,date,False,False,,,jbilling_schema_full.json
jBilling,credit_card,cc_type,integer,number,False,False,,,jbilling_schema_full.json
jBilling,credit_card,deleted,smallint,number,False,False,,,jbilling_schema_full.json
jBilling,credit_card,optlock,integer,number,False,False,,,jbilling_schema_full.json
jBilling,currency,id,integer,number,False,True,,,jbilling_schema_full.json
jBilling,currency,optlock,integer,number,True,False,,,jbilling_schema_full.json
jBilling,currency_entity_map,currency_id,integer,number,True,False,currency;entity,,jbilling_schema_full.json
jBilling,currency_entity_map,entity_id,integer,number,True,False,currency;entity,,jbilling_schema_full.json
jBilling,currency_exchange,id,integer,number,False,True,currency,,jbilling_schema_full.json
jBilling,currency_exchange,entity_id,integer,number,True,False,currency,,jbilling_schema_full.json
jBilling,currency_exchange,currency_id,integer,number,True,False,currency,,jbilling_schema_full.json
jBilling,currency_exchange,create_datetime,timestamp without time zone,date,False,False,currency,,jbilling_schema_full.json
jBilling,currency_exchange,optlock,integer,number,False,False,currency,,jbilling_schema_full.json
jBilling,customer,id,integer,number,False,True,base_user;invoice_delivery_method;partner,,jbilling_schema_full.json
jBilling,customer,user_id,integer,number,True,False,base_user;invoice_delivery_method;partner,,jbilling_schema_full.json
jBilling,customer,partner_id,integer,number,True,False,base_user;invoice_delivery_method;partner,,jbilling_schema_full.json
jBilling,customer,referral_fee_paid,smallint,number,True,False,base_user;invoice_delivery_method;partner,,jbilling_schema_full.json
jBilling,customer,invoice_delivery_method_id,integer,number,False,False,base_user;invoice_delivery_method;partner,,jbilling_schema_full.json
jBilling,customer,auto_payment_type,integer,number,True,False,base_user;invoice_delivery_method;partner,,jbilling_schema_full.json
jBilling,customer,due_date_unit_id,integer,number,True,False,base_user;invoice_delivery_method;partner,,jbilling_schema_full.json
jBilling,customer,due_date_value,integer,number,True,False,base_user;invoice_delivery_method;partner,,jbilling_schema_full.json
jBilling,customer,df_fm,smallint,number,True,False,base_user;invoice_delivery_method;partner,,jbilling_schema_full.json
jBilling,customer,parent_id,integer,number,True,False,base_user;invoice_delivery_method;partner,,jbilling_schema_full.json
jBilling,customer,is_parent,smallint,number,True,False,base_user;invoice_delivery_method;partner,,jbilling_schema_full.json
jBilling,customer,exclude_aging,smallint,number,False,False,base_user;invoice_delivery_method;partner,,jbilling_schema_full.json
jBilling,customer,invoice_child,smallint,number,True,False,base_user;invoice_delivery_method;partner,,jbilling_schema_full.json
jBilling,customer,current_order_id,integer,number,True,False,base_user;invoice_delivery_method;partner,,jbilling_schema_full.json
jBilling,customer,optlock,integer,number,False,False,base_user;invoice_delivery_method;partner,,jbilling_schema_full.json
jBilling,customer,balance_type,integer,number,False,False,base_user;invoice_delivery_method;partner,,jbilling_schema_full.json
jBilling,entity,id,integer,number,False,True,currency;language,,jbilling_schema_full.json
jBilling,entity,create_datetime,timestamp without time zone,date,False,False,currency;language,,jbilling_schema_full.json
jBilling,entity,language_id,integer,number,False,False,currency;language,,jbilling_schema_full.json
jBilling,entity,currency_id,integer,number,False,False,currency;language,,jbilling_schema_full.json
jBilling,entity,optlock,integer,number,False,False,currency;language,,jbilling_schema_full.json
jBilling,entity_delivery_method_map,method_id,integer,number,True,False,entity;invoice_delivery_method,,jbilling_schema_full.json
jBilling,entity_delivery_method_map,entity_id,integer,number,True,False,entity;invoice_delivery_method,,jbilling_schema_full.json
jBilling,entity_payment_method_map,entity_id,integer,number,True,False,entity;payment_method,,jbilling_schema_full.json
jBilling,entity_payment_method_map,payment_method_id,integer,number,True,False,entity;payment_method,,jbilling_schema_full.json
jBilling,entity_report_map,report_id,integer,number,False,False,entity;report,,jbilling_schema_full.json
jBilling,entity_report_map,entity_id,integer,number,False,False,entity;report,,jbilling_schema_full.json
jBilling,event_log,id,integer,number,False,True,base_user;entity;event_log_message;event_log_module;jbilling_table,,jbilling_schema_full.json
jBilling,event_log,entity_id,integer,number,True,False,base_user;entity;event_log_message;event_log_module;jbilling_table,,jbilling_schema_full.json
jBilling,event_log,user_id,integer,number,True,False,base_user;entity;event_log_message;event_log_module;jbilling_table,,jbilling_schema_full.json
jBilling,event_log,table_id,integer,number,True,False,base_user;entity;event_log_message;event_log_module;jbilling_table,,jbilling_schema_full.json
jBilling,event_log,foreign_id,integer,number,False,False,base_user;entity;event_log_message;event_log_module;jbilling_table,,jbilling_schema_full.json
jBilling,event_log,create_datetime,timestamp without time zone,date,False,False,base_user;entity;event_log_message;event_log_module;jbilling_table,,jbilling_schema_full.json
jBilling,event_log,level_field,integer,number,False,False,base_user;entity;event_log_message;event_log_module;jbilling_table,,jbilling_schema_full.json
jBilling,event_log,module_id,integer,number,False,False,base_user;entity;event_log_message;event_log_module;jbilling_table,,jbilling_schema_full.json
jBilling,event_log,message_id,integer,number,False,False,base_user;entity;event_log_message;event_log_module;jbilling_table,,jbilling_schema_full.json
jBilling,event_log,old_num,integer,number,True,False,base_user;entity;event_log_message;event_log_module;jbilling_table,,jbilling_schema_full.json
jBilling,event_log,old_date,timestamp without time zone,date,True,False,base_user;entity;event_log_message;event_log_module;jbilling_table,,jbilling_schema_full.json
jBilling,event_log,optlock,integer,number,False,False,base_user;entity;event_log_message;event_log_module;jbilling_table,,jbilling_schema_full.json
jBilling,event_log,affected_user_id,integer,number,True,False,base_user;entity;event_log_message;event_log_module;jbilling_table,,jbilling_schema_full.json
jBilling,event_log_message,id,integer,number,False,True,,,jbilling_schema_full.json
jBilling,event_log_module,id,integer,number,False,True,,,jbilling_schema_full.json
jBilling,filter,id,integer,number,False,True,,,jbilling_schema_full.json
jBilling,filter,filter_set_id,integer,number,False,False,,,jbilling_schema_full.json
jBilling,filter,visible,boolean,boolean,False,False,,,jbilling_schema_full.json
jBilling,filter,integer_value,integer,number,True,False,,,jbilling_schema_full.json
jBilling,filter,start_date_value,timestamp without time zone,date,True,False,,,jbilling_schema_full.json
jBilling,filter,end_date_value,timestamp without time zone,date,True,False,,,jbilling_schema_full.json
jBilling,filter,version,integer,number,False,False,,,jbilling_schema_full.json
jBilling,filter,boolean_value,boolean,boolean,True,False,,,jbilling_schema_full.json
jBilling,filter_set,id,integer,number,False,True,,,jbilling_schema_full.json
jBilling,filter_set,user_id,integer,number,False,False,,,jbilling_schema_full.json
jBilling,filter_set,version,integer,number,False,False,,,jbilling_schema_full.json
jBilling,filter_set_filter,filter_set_filters_id,integer,number,True,False,,,jbilling_schema_full.json
jBilling,filter_set_filter,filter_id,integer,number,True,False,,,jbilling_schema_full.json
jBilling,generic_status,id,integer,number,False,True,generic_status_type,,jbilling_schema_full.json
jBilling,generic_status,status_value,integer,number,False,False,generic_status_type,,jbilling_schema_full.json
jBilling,generic_status,can_login,smallint,number,True,False,generic_status_type,,jbilling_schema_full.json
jBilling,international_description,table_id,integer,number,False,True,language,,jbilling_schema_full.json
jBilling,international_description,foreign_id,integer,number,False,True,language,,jbilling_schema_full.json
jBilling,international_description,language_id,integer,number,False,True,language,,jbilling_schema_full.json
jBilling,invoice,id,integer,number,False,True,billing_process;currency;invoice;paper_invoice_batch,,jbilling_schema_full.json
jBilling,invoice,create_datetime,timestamp without time zone,date,False,False,billing_process;currency;invoice;paper_invoice_batch,,jbilling_schema_full.json
jBilling,invoice,billing_process_id,integer,number,True,False,billing_process;currency;invoice;paper_invoice_batch,,jbilling_schema_full.json
jBilling,invoice,user_id,integer,number,True,False,billing_process;currency;invoice;paper_invoice_batch,,jbilling_schema_full.json
jBilling,invoice,delegated_invoice_id,integer,number,True,False,billing_process;currency;invoice;paper_invoice_batch,,jbilling_schema_full.json
jBilling,invoice,due_date,date,date,False,False,billing_process;currency;invoice;paper_invoice_batch,,jbilling_schema_full.json
jBilling,invoice,payment_attempts,integer,number,False,False,billing_process;currency;invoice;paper_invoice_batch,,jbilling_schema_full.json
jBilling,invoice,status_id,smallint,number,False,False,billing_process;currency;invoice;paper_invoice_batch,,jbilling_schema_full.json
jBilling,invoice,in_process_payment,smallint,number,False,False,billing_process;currency;invoice;paper_invoice_batch,,jbilling_schema_full.json
jBilling,invoice,is_review,integer,number,False,False,billing_process;currency;invoice;paper_invoice_batch,,jbilling_schema_full.json
jBilling,invoice,currency_id,integer,number,False,False,billing_process;currency;invoice;paper_invoice_batch,,jbilling_schema_full.json
jBilling,invoice,deleted,smallint,number,False,False,billing_process;currency;invoice;paper_invoice_batch,,jbilling_schema_full.json
jBilling,invoice,paper_invoice_batch_id,integer,number,True,False,billing_process;currency;invoice;paper_invoice_batch,,jbilling_schema_full.json
jBilling,invoice,last_reminder,date,date,True,False,billing_process;currency;invoice;paper_invoice_batch,,jbilling_schema_full.json
jBilling,invoice,overdue_step,integer,number,True,False,billing_process;currency;invoice;paper_invoice_batch,,jbilling_schema_full.json
jBilling,invoice,create_timestamp,timestamp without time zone,date,False,False,billing_process;currency;invoice;paper_invoice_batch,,jbilling_schema_full.json
jBilling,invoice,optlock,integer,number,False,False,billing_process;currency;invoice;paper_invoice_batch,,jbilling_schema_full.json
jBilling,invoice_delivery_method,id,integer,number,False,True,,,jbilling_schema_full.json
jBilling,invoice_line,id,integer,number,False,True,invoice;invoice_line_type;item,,jbilling_schema_full.json
jBilling,invoice_line,invoice_id,integer,number,True,False,invoice;invoice_line_type;item,,jbilling_schema_full.json
jBilling,invoice_line,type_id,integer,number,True,False,invoice;invoice_line_type;item,,jbilling_schema_full.json
jBilling,invoice_line,deleted,smallint,number,False,False,invoice;invoice_line_type;item,,jbilling_schema_full.json
jBilling,invoice_line,item_id,integer,number,True,False,invoice;invoice_line_type;item,,jbilling_schema_full.json
jBilling,invoice_line,source_user_id,integer,number,True,False,invoice;invoice_line_type;item,,jbilling_schema_full.json
jBilling,invoice_line,is_percentage,smallint,number,False,False,invoice;invoice_line_type;item,,jbilling_schema_full.json
jBilling,invoice_line,optlock,integer,number,False,False,invoice;invoice_line_type;item,,jbilling_schema_full.json
jBilling,invoice_line_type,id,integer,number,False,True,,,jbilling_schema_full.json
jBilling,invoice_line_type,order_position,integer,number,False,False,,,jbilling_schema_full.json
jBilling,item,id,integer,number,False,True,entity,,jbilling_schema_full.json
jBilling,item,entity_id,integer,number,True,False,entity,,jbilling_schema_full.json
jBilling,item,deleted,smallint,number,False,False,entity,,jbilling_schema_full.json
jBilling,item,has_decimals,smallint,number,False,False,entity,,jbilling_schema_full.json
jBilling,item,optlock,integer,number,False,False,entity,,jbilling_schema_full.json
jBilling,item,price_manual,smallint,number,False,False,entity,,jbilling_schema_full.json
jBilling,item_price,id,integer,number,False,False,currency;item,,jbilling_schema_full.json
jBilling,item_price,item_id,integer,number,True,False,currency;item,,jbilling_schema_full.json
jBilling,item_price,currency_id,integer,number,True,False,currency;item,,jbilling_schema_full.json
jBilling,item_price,optlock,integer,number,False,False,currency;item,,jbilling_schema_full.json
jBilling,item_type,id,integer,number,False,True,entity,,jbilling_schema_full.json
jBilling,item_type,entity_id,integer,number,False,False,entity,,jbilling_schema_full.json
jBilling,item_type,order_line_type_id,integer,number,False,False,entity,,jbilling_schema_full.json
jBilling,item_type,optlock,integer,number,False,False,entity,,jbilling_schema_full.json
jBilling,item_type,internal,boolean,boolean,False,False,entity,,jbilling_schema_full.json
jBilling,item_type_exclude_map,item_id,integer,number,False,True,item;item_type,,jbilling_schema_full.json
jBilling,item_type_exclude_map,type_id,integer,number,False,True,item;item_type,,jbilling_schema_full.json
jBilling,item_type_map,item_id,integer,number,True,False,item;item_type,,jbilling_schema_full.json
jBilling,item_type_map,type_id,integer,number,True,False,item;item_type,,jbilling_schema_full.json
jBilling,jbilling_seqs,next_id,integer,number,True,False,,,jbilling_schema_full.json
jBilling,jbilling_table,id,integer,number,False,True,,,jbilling_schema_full.json
jBilling,language,id,integer,number,False,True,,,jbilling_schema_full.json
jBilling,mediation_cfg,id,integer,number,False,True,pluggable_task,,jbilling_schema_full.json
jBilling,mediation_cfg,entity_id,integer,number,False,False,pluggable_task,,jbilling_schema_full.json
jBilling,mediation_cfg,create_datetime,timestamp without time zone,date,False,False,pluggable_task,,jbilling_schema_full.json
jBilling,mediation_cfg,order_value,integer,number,False,False,pluggable_task,,jbilling_schema_full.json
jBilling,mediation_cfg,pluggable_task_id,integer,number,False,False,pluggable_task,,jbilling_schema_full.json
jBilling,mediation_cfg,optlock,integer,number,False,False,pluggable_task,,jbilling_schema_full.json
jBilling,mediation_errors,start,timestamp without time zone,date,True,False,,,jbilling_schema_full.json
jBilling,mediation_errors,answer,timestamp without time zone,date,True,False,,,jbilling_schema_full.json
jBilling,mediation_errors,duration,integer,number,True,False,,,jbilling_schema_full.json
jBilling,mediation_errors,billsec,integer,number,True,False,,,jbilling_schema_full.json
jBilling,mediation_errors,should_retry,boolean,boolean,True,False,,,jbilling_schema_full.json
jBilling,mediation_order_map,mediation_process_id,integer,number,False,False,mediation_process;purchase_order,,jbilling_schema_full.json
jBilling,mediation_order_map,order_id,integer,number,False,False,mediation_process;purchase_order,,jbilling_schema_full.json
jBilling,mediation_process,id,integer,number,False,True,mediation_cfg,,jbilling_schema_full.json
jBilling,mediation_process,configuration_id,integer,number,False,False,mediation_cfg,,jbilling_schema_full.json
jBilling,mediation_process,start_datetime,timestamp without time zone,date,False,False,mediation_cfg,,jbilling_schema_full.json
jBilling,mediation_process,end_datetime,timestamp without time zone,date,True,False,mediation_cfg,,jbilling_schema_full.json
jBilling,mediation_process,orders_affected,integer,number,False,False,mediation_cfg,,jbilling_schema_full.json
jBilling,mediation_process,optlock,integer,number,False,False,mediation_cfg,,jbilling_schema_full.json
jBilling,mediation_record,start_datetime,timestamp without time zone,date,False,False,generic_status;mediation_process,,jbilling_schema_full.json
jBilling,mediation_record,mediation_process_id,integer,number,True,False,generic_status;mediation_process,,jbilling_schema_full.json
jBilling,mediation_record,optlock,integer,number,False,False,generic_status;mediation_process,,jbilling_schema_full.json
jBilling,mediation_record,status_id,integer,number,False,False,generic_status;mediation_process,,jbilling_schema_full.json
jBilling,mediation_record,id,integer,number,False,True,generic_status;mediation_process,,jbilling_schema_full.json
jBilling,mediation_record_line,id,integer,number,False,True,mediation_record;order_line,,jbilling_schema_full.json
jBilling,mediation_record_line,order_line_id,integer,number,False,False,mediation_record;order_line,,jbilling_schema_full.json
jBilling,mediation_record_line,event_date,timestamp without time zone,date,False,False,mediation_record;order_line,,jbilling_schema_full.json
jBilling,mediation_record_line,optlock,integer,number,False,False,mediation_record;order_line,,jbilling_schema_full.json
jBilling,mediation_record_line,mediation_record_id,integer,number,False,False,mediation_record;order_line,,jbilling_schema_full.json
jBilling,notification_category,id,integer,number,False,True,,,jbilling_schema_full.json
jBilling,notification_message,id,integer,number,False,True,entity;language;notification_message_type,,jbilling_schema_full.json
jBilling,notification_message,type_id,integer,number,True,False,entity;language;notification_message_type,,jbilling_schema_full.json
jBilling,notification_message,entity_id,integer,number,False,False,entity;language;notification_message_type,,jbilling_schema_full.json
jBilling,notification_message,language_id,integer,number,False,False,entity;language;notification_message_type,,jbilling_schema_full.json
jBilling,notification_message,use_flag,smallint,number,False,False,entity;language;notification_message_type,,jbilling_schema_full.json
jBilling,notification_message,optlock,integer,number,False,False,entity;language;notification_message_type,,jbilling_schema_full.json
jBilling,notification_message_arch,id,integer,number,False,True,,,jbilling_schema_full.json
jBilling,notification_message_arch,type_id,integer,number,True,False,,,jbilling_schema_full.json
jBilling,notification_message_arch,create_datetime,timestamp without time zone,date,False,False,,,jbilling_schema_full.json
jBilling,notification_message_arch,user_id,integer,number,True,False,,,jbilling_schema_full.json
jBilling,notification_message_arch,optlock,integer,number,False,False,,,jbilling_schema_full.json
jBilling,notification_message_arch_line,id,integer,number,False,True,notification_message_arch,,jbilling_schema_full.json
jBilling,notification_message_arch_line,message_archive_id,integer,number,True,False,notification_message_arch,,jbilling_schema_full.json
jBilling,notification_message_arch_line,section,integer,number,False,False,notification_message_arch,,jbilling_schema_full.json
jBilling,notification_message_arch_line,optlock,integer,number,False,False,notification_message_arch,,jbilling_schema_full.json
jBilling,notification_message_line,id,integer,number,False,True,notification_message_section,,jbilling_schema_full.json
jBilling,notification_message_line,message_section_id,integer,number,True,False,notification_message_section,,jbilling_schema_full.json
jBilling,notification_message_line,optlock,integer,number,False,False,notification_message_section,,jbilling_schema_full.json
jBilling,notification_message_section,id,integer,number,False,True,notification_message,,jbilling_schema_full.json
jBilling,notification_message_section,message_id,integer,number,True,False,notification_message,,jbilling_schema_full.json
jBilling,notification_message_section,section,integer,number,True,False,notification_message,,jbilling_schema_full.json
jBilling,notification_message_section,optlock,integer,number,False,False,notification_message,,jbilling_schema_full.json
jBilling,notification_message_type,id,integer,number,False,True,notification_category,,jbilling_schema_full.json
jBilling,notification_message_type,optlock,integer,number,False,False,notification_category,,jbilling_schema_full.json
jBilling,notification_message_type,category_id,integer,number,True,False,notification_category,,jbilling_schema_full.json
jBilling,order_billing_type,id,integer,number,False,True,,,jbilling_schema_full.json
jBilling,order_line,id,integer,number,False,True,item;order_line_type;purchase_order,,jbilling_schema_full.json
jBilling,order_line,order_id,integer,number,True,False,item;order_line_type;purchase_order,,jbilling_schema_full.json
jBilling,order_line,item_id,integer,number,True,False,item;order_line_type;purchase_order,,jbilling_schema_full.json
jBilling,order_line,type_id,integer,number,True,False,item;order_line_type;purchase_order,,jbilling_schema_full.json
jBilling,order_line,item_price,smallint,number,True,False,item;order_line_type;purchase_order,,jbilling_schema_full.json
jBilling,order_line,create_datetime,timestamp without time zone,date,False,False,item;order_line_type;purchase_order,,jbilling_schema_full.json
jBilling,order_line,deleted,smallint,number,False,False,item;order_line_type;purchase_order,,jbilling_schema_full.json
jBilling,order_line,provisioning_status,integer,number,True,False,item;order_line_type;purchase_order,,jbilling_schema_full.json
jBilling,order_line,optlock,integer,number,False,False,item;order_line_type;purchase_order,,jbilling_schema_full.json
jBilling,order_line,use_item,boolean,boolean,False,False,item;order_line_type;purchase_order,,jbilling_schema_full.json
jBilling,order_line_type,id,integer,number,False,True,,,jbilling_schema_full.json
jBilling,order_line_type,editable,smallint,number,False,False,,,jbilling_schema_full.json
jBilling,order_period,id,integer,number,False,True,entity;period_unit,,jbilling_schema_full.json
jBilling,order_period,entity_id,integer,number,True,False,entity;period_unit,,jbilling_schema_full.json
jBilling,order_period,value,integer,number,True,False,entity;period_unit,,jbilling_schema_full.json
jBilling,order_period,unit_id,integer,number,True,False,entity;period_unit,,jbilling_schema_full.json
jBilling,order_period,optlock,integer,number,False,False,entity;period_unit,,jbilling_schema_full.json
jBilling,order_process,id,integer,number,False,True,purchase_order,,jbilling_schema_full.json
jBilling,order_process,order_id,integer,number,True,False,purchase_order,,jbilling_schema_full.json
jBilling,order_process,invoice_id,integer,number,True,False,purchase_order,,jbilling_schema_full.json
jBilling,order_process,billing_process_id,integer,number,True,False,purchase_order,,jbilling_schema_full.json
jBilling,order_process,periods_included,integer,number,True,False,purchase_order,,jbilling_schema_full.json
jBilling,order_process,period_start,date,date,True,False,purchase_order,,jbilling_schema_full.json
jBilling,order_process,period_end,date,date,True,False,purchase_order,,jbilling_schema_full.json
jBilling,order_process,is_review,integer,number,False,False,purchase_order,,jbilling_schema_full.json
jBilling,order_process,origin,integer,number,True,False,purchase_order,,jbilling_schema_full.json
jBilling,order_process,optlock,integer,number,False,False,purchase_order,,jbilling_schema_full.json
jBilling,paper_invoice_batch,id,integer,number,False,True,,,jbilling_schema_full.json
jBilling,paper_invoice_batch,total_invoices,integer,number,False,False,,,jbilling_schema_full.json
jBilling,paper_invoice_batch,delivery_date,date,date,True,False,,,jbilling_schema_full.json
jBilling,paper_invoice_batch,is_self_managed,smallint,number,False,False,,,jbilling_schema_full.json
jBilling,paper_invoice_batch,optlock,integer,number,False,False,,,jbilling_schema_full.json
jBilling,partner,id,integer,number,False,True,base_user;currency;period_unit,,jbilling_schema_full.json
jBilling,partner,user_id,integer,number,True,False,base_user;currency;period_unit,,jbilling_schema_full.json
jBilling,partner,fee_currency_id,integer,number,True,False,base_user;currency;period_unit,,jbilling_schema_full.json
jBilling,partner,one_time,smallint,number,False,False,base_user;currency;period_unit,,jbilling_schema_full.json
jBilling,partner,period_unit_id,integer,number,False,False,base_user;currency;period_unit,,jbilling_schema_full.json
jBilling,partner,period_value,integer,number,False,False,base_user;currency;period_unit,,jbilling_schema_full.json
jBilling,partner,next_payout_date,date,date,False,False,base_user;currency;period_unit,,jbilling_schema_full.json
jBilling,partner,automatic_process,smallint,number,False,False,base_user;currency;period_unit,,jbilling_schema_full.json
jBilling,partner,related_clerk,integer,number,True,False,base_user;currency;period_unit,,jbilling_schema_full.json
jBilling,partner,optlock,integer,number,False,False,base_user;currency;period_unit,,jbilling_schema_full.json
jBilling,partner_payout,id,integer,number,False,True,partner,,jbilling_schema_full.json
jBilling,partner_payout,starting_date,date,date,False,False,partner,,jbilling_schema_full.json
jBilling,partner_payout,ending_date,date,date,False,False,partner,,jbilling_schema_full.json
jBilling,partner_payout,payment_id,integer,number,True,False,partner,,jbilling_schema_full.json
jBilling,partner_payout,partner_id,integer,number,True,False,partner,,jbilling_schema_full.json
jBilling,partner_payout,optlock,integer,number,False,False,partner,,jbilling_schema_full.json
jBilling,partner_range,id,integer,number,False,True,,,jbilling_schema_full.json
jBilling,partner_range,partner_id,integer,number,True,False,,,jbilling_schema_full.json
jBilling,partner_range,range_from,integer,number,False,False,,,jbilling_schema_full.json
jBilling,partner_range,range_to,integer,number,False,False,,,jbilling_schema_full.json
jBilling,partner_range,optlock,integer,number,False,False,,,jbilling_schema_full.json
jBilling,payment,id,integer,number,False,True,ach;credit_card;currency;payment;payment_method;payment_result,,jbilling_schema_full.json
jBilling,payment,user_id,integer,number,True,False,ach;credit_card;currency;payment;payment_method;payment_result,,jbilling_schema_full.json
jBilling,payment,attempt,integer,number,True,False,ach;credit_card;currency;payment;payment_method;payment_result,,jbilling_schema_full.json
jBilling,payment,result_id,integer,number,True,False,ach;credit_card;currency;payment;payment_method;payment_result,,jbilling_schema_full.json
jBilling,payment,create_datetime,timestamp without time zone,date,False,False,ach;credit_card;currency;payment;payment_method;payment_result,,jbilling_schema_full.json
jBilling,payment,update_datetime,timestamp without time zone,date,True,False,ach;credit_card;currency;payment;payment_method;payment_result,,jbilling_schema_full.json
jBilling,payment,payment_date,date,date,True,False,ach;credit_card;currency;payment;payment_method;payment_result,,jbilling_schema_full.json
jBilling,payment,method_id,integer,number,False,False,ach;credit_card;currency;payment;payment_method;payment_result,,jbilling_schema_full.json
jBilling,payment,credit_card_id,integer,number,True,False,ach;credit_card;currency;payment;payment_method;payment_result,,jbilling_schema_full.json
jBilling,payment,deleted,smallint,number,False,False,ach;credit_card;currency;payment;payment_method;payment_result,,jbilling_schema_full.json
jBilling,payment,is_refund,smallint,number,False,False,ach;credit_card;currency;payment;payment_method;payment_result,,jbilling_schema_full.json
jBilling,payment,is_preauth,smallint,number,False,False,ach;credit_card;currency;payment;payment_method;payment_result,,jbilling_schema_full.json
jBilling,payment,payment_id,integer,number,True,False,ach;credit_card;currency;payment;payment_method;payment_result,,jbilling_schema_full.json
jBilling,payment,currency_id,integer,number,False,False,ach;credit_card;currency;payment;payment_method;payment_result,,jbilling_schema_full.json
jBilling,payment,payout_id,integer,number,True,False,ach;credit_card;currency;payment;payment_method;payment_result,,jbilling_schema_full.json
jBilling,payment,ach_id,integer,number,True,False,ach;credit_card;currency;payment;payment_method;payment_result,,jbilling_schema_full.json
jBilling,payment,optlock,integer,number,False,False,ach;credit_card;currency;payment;payment_method;payment_result,,jbilling_schema_full.json
jBilling,payment,payment_period,integer,number,True,False,ach;credit_card;currency;payment;payment_method;payment_result,,jbilling_schema_full.json
jBilling,payment_authorization,id,integer,number,False,True,payment,,jbilling_schema_full.json
jBilling,payment_authorization,payment_id,integer,number,True,False,payment,,jbilling_schema_full.json
jBilling,payment_authorization,create_datetime,date,date,False,False,payment,,jbilling_schema_full.json
jBilling,payment_authorization,optlock,integer,number,False,False,payment,,jbilling_schema_full.json
jBilling,payment_info_cheque,id,integer,number,False,True,payment,,jbilling_schema_full.json
jBilling,payment_info_cheque,payment_id,integer,number,True,False,payment,,jbilling_schema_full.json
jBilling,payment_info_cheque,cheque_date,date,date,True,False,payment,,jbilling_schema_full.json
jBilling,payment_info_cheque,optlock,integer,number,False,False,payment,,jbilling_schema_full.json
jBilling,payment_invoice,id,integer,number,False,True,invoice;payment,,jbilling_schema_full.json
jBilling,payment_invoice,payment_id,integer,number,True,False,invoice;payment,,jbilling_schema_full.json
jBilling,payment_invoice,invoice_id,integer,number,True,False,invoice;payment,,jbilling_schema_full.json
jBilling,payment_invoice,create_datetime,timestamp without time zone,date,False,False,invoice;payment,,jbilling_schema_full.json
jBilling,payment_invoice,optlock,integer,number,False,False,invoice;payment,,jbilling_schema_full.json
jBilling,payment_method,id,integer,number,False,True,,,jbilling_schema_full.json
jBilling,payment_result,id,integer,number,False,True,,,jbilling_schema_full.json
jBilling,period_unit,id,integer,number,False,True,,,jbilling_schema_full.json
jBilling,permission,id,integer,number,False,True,permission_type,,jbilling_schema_full.json
jBilling,permission,type_id,integer,number,False,False,permission_type,,jbilling_schema_full.json
jBilling,permission,foreign_id,integer,number,True,False,permission_type,,jbilling_schema_full.json
jBilling,permission_role_map,permission_id,integer,number,True,False,permission;role,,jbilling_schema_full.json
jBilling,permission_role_map,role_id,integer,number,True,False,permission;role,,jbilling_schema_full.json
jBilling,permission_type,id,integer,number,False,True,,,jbilling_schema_full.json
jBilling,permission_user,permission_id,integer,number,True,False,base_user;permission,,jbilling_schema_full.json
jBilling,permission_user,user_id,integer,number,True,False,base_user;permission,,jbilling_schema_full.json
jBilling,permission_user,is_grant,smallint,number,False,False,base_user;permission,,jbilling_schema_full.json
jBilling,permission_user,id,integer,number,False,True,base_user;permission,,jbilling_schema_full.json
jBilling,pluggable_task,id,integer,number,False,True,entity;pluggable_task_type,,jbilling_schema_full.json
jBilling,pluggable_task,entity_id,integer,number,False,False,entity;pluggable_task_type,,jbilling_schema_full.json
jBilling,pluggable_task,type_id,integer,number,True,False,entity;pluggable_task_type,,jbilling_schema_full.json
jBilling,pluggable_task,processing_order,integer,number,False,False,entity;pluggable_task_type,,jbilling_schema_full.json
jBilling,pluggable_task,optlock,integer,number,False,False,entity;pluggable_task_type,,jbilling_schema_full.json
jBilling,pluggable_task_parameter,id,integer,number,False,True,pluggable_task,,jbilling_schema_full.json
jBilling,pluggable_task_parameter,task_id,integer,number,True,False,pluggable_task,,jbilling_schema_full.json
jBilling,pluggable_task_parameter,int_value,integer,number,True,False,pluggable_task,,jbilling_schema_full.json
jBilling,pluggable_task_parameter,optlock,integer,number,False,False,pluggable_task,,jbilling_schema_full.json
jBilling,pluggable_task_type,id,integer,number,False,True,pluggable_task_type_category,,jbilling_schema_full.json
jBilling,pluggable_task_type,category_id,integer,number,False,False,pluggable_task_type_category,,jbilling_schema_full.json
jBilling,pluggable_task_type,min_parameters,integer,number,False,False,pluggable_task_type_category,,jbilling_schema_full.json
jBilling,pluggable_task_type_category,id,integer,number,False,True,,,jbilling_schema_full.json
jBilling,preference,id,integer,number,False,True,jbilling_table;preference_type,,jbilling_schema_full.json
jBilling,preference,type_id,integer,number,True,False,jbilling_table;preference_type,,jbilling_schema_full.json
jBilling,preference,table_id,integer,number,False,False,jbilling_table;preference_type,,jbilling_schema_full.json
jBilling,preference,foreign_id,integer,number,False,False,jbilling_table;preference_type,,jbilling_schema_full.json
jBilling,preference_type,id,integer,number,False,True,,,jbilling_schema_full.json
jBilling,process_run,id,integer,number,False,True,billing_process;generic_status,,jbilling_schema_full.json
jBilling,process_run,process_id,integer,number,True,False,billing_process;generic_status,,jbilling_schema_full.json
jBilling,process_run,run_date,date,date,False,False,billing_process;generic_status,,jbilling_schema_full.json
jBilling,process_run,started,timestamp without time zone,date,False,False,billing_process;generic_status,,jbilling_schema_full.json
jBilling,process_run,finished,timestamp without time zone,date,True,False,billing_process;generic_status,,jbilling_schema_full.json
jBilling,process_run,payment_finished,timestamp without time zone,date,True,False,billing_process;generic_status,,jbilling_schema_full.json
jBilling,process_run,invoices_generated,integer,number,True,False,billing_process;generic_status,,jbilling_schema_full.json
jBilling,process_run,optlock,integer,number,False,False,billing_process;generic_status,,jbilling_schema_full.json
jBilling,process_run,status_id,integer,number,False,False,billing_process;generic_status,,jbilling_schema_full.json
jBilling,process_run_total,id,integer,number,False,True,currency;process_run,,jbilling_schema_full.json
jBilling,process_run_total,process_run_id,integer,number,True,False,currency;process_run,,jbilling_schema_full.json
jBilling,process_run_total,currency_id,integer,number,False,False,currency;process_run,,jbilling_schema_full.json
jBilling,process_run_total,optlock,integer,number,False,False,currency;process_run,,jbilling_schema_full.json
jBilling,process_run_total_pm,id,integer,number,False,True,payment_method,,jbilling_schema_full.json
jBilling,process_run_total_pm,process_run_total_id,integer,number,True,False,payment_method,,jbilling_schema_full.json
jBilling,process_run_total_pm,payment_method_id,integer,number,True,False,payment_method,,jbilling_schema_full.json
jBilling,process_run_total_pm,optlock,integer,number,False,False,payment_method,,jbilling_schema_full.json
jBilling,process_run_user,id,integer,number,False,True,base_user;process_run,,jbilling_schema_full.json
jBilling,process_run_user,process_run_id,integer,number,False,False,base_user;process_run,,jbilling_schema_full.json
jBilling,process_run_user,user_id,integer,number,False,False,base_user;process_run,,jbilling_schema_full.json
jBilling,process_run_user,status,integer,number,False,False,base_user;process_run,,jbilling_schema_full.json
jBilling,process_run_user,created,timestamp without time zone,date,False,False,base_user;process_run,,jbilling_schema_full.json
jBilling,process_run_user,optlock,integer,number,False,False,base_user;process_run,,jbilling_schema_full.json
jBilling,promotion,id,integer,number,False,True,item,,jbilling_schema_full.json
jBilling,promotion,item_id,integer,number,True,False,item,,jbilling_schema_full.json
jBilling,promotion,once,smallint,number,False,False,item,,jbilling_schema_full.json
jBilling,promotion,since,date,date,True,False,item,,jbilling_schema_full.json
jBilling,promotion,until,date,date,True,False,item,,jbilling_schema_full.json
jBilling,promotion_user_map,user_id,integer,number,True,False,base_user;promotion,,jbilling_schema_full.json
jBilling,promotion_user_map,promotion_id,integer,number,True,False,base_user;promotion,,jbilling_schema_full.json
jBilling,purchase_order,id,integer,number,False,True,base_user;currency;order_billing_type;order_period,,jbilling_schema_full.json
jBilling,purchase_order,user_id,integer,number,True,False,base_user;currency;order_billing_type;order_period,,jbilling_schema_full.json
jBilling,purchase_order,period_id,integer,number,True,False,base_user;currency;order_billing_type;order_period,,jbilling_schema_full.json
jBilling,purchase_order,billing_type_id,integer,number,False,False,base_user;currency;order_billing_type;order_period,,jbilling_schema_full.json
jBilling,purchase_order,active_since,date,date,True,False,base_user;currency;order_billing_type;order_period,,jbilling_schema_full.json
jBilling,purchase_order,active_until,date,date,True,False,base_user;currency;order_billing_type;order_period,,jbilling_schema_full.json
jBilling,purchase_order,cycle_start,date,date,True,False,base_user;currency;order_billing_type;order_period,,jbilling_schema_full.json
jBilling,purchase_order,create_datetime,timestamp without time zone,date,False,False,base_user;currency;order_billing_type;order_period,,jbilling_schema_full.json
jBilling,purchase_order,next_billable_day,date,date,True,False,base_user;currency;order_billing_type;order_period,,jbilling_schema_full.json
jBilling,purchase_order,created_by,integer,number,True,False,base_user;currency;order_billing_type;order_period,,jbilling_schema_full.json
jBilling,purchase_order,status_id,integer,number,False,False,base_user;currency;order_billing_type;order_period,,jbilling_schema_full.json
jBilling,purchase_order,currency_id,integer,number,False,False,base_user;currency;order_billing_type;order_period,,jbilling_schema_full.json
jBilling,purchase_order,deleted,smallint,number,False,False,base_user;currency;order_billing_type;order_period,,jbilling_schema_full.json
jBilling,purchase_order,notify,smallint,number,True,False,base_user;currency;order_billing_type;order_period,,jbilling_schema_full.json
jBilling,purchase_order,last_notified,timestamp without time zone,date,True,False,base_user;currency;order_billing_type;order_period,,jbilling_schema_full.json
jBilling,purchase_order,notification_step,integer,number,True,False,base_user;currency;order_billing_type;order_period,,jbilling_schema_full.json
jBilling,purchase_order,due_date_unit_id,integer,number,True,False,base_user;currency;order_billing_type;order_period,,jbilling_schema_full.json
jBilling,purchase_order,due_date_value,integer,number,True,False,base_user;currency;order_billing_type;order_period,,jbilling_schema_full.json
jBilling,purchase_order,df_fm,smallint,number,True,False,base_user;currency;order_billing_type;order_period,,jbilling_schema_full.json
jBilling,purchase_order,anticipate_periods,integer,number,True,False,base_user;currency;order_billing_type;order_period,,jbilling_schema_full.json
jBilling,purchase_order,own_invoice,smallint,number,True,False,base_user;currency;order_billing_type;order_period,,jbilling_schema_full.json
jBilling,purchase_order,notes_in_invoice,smallint,number,True,False,base_user;currency;order_billing_type;order_period,,jbilling_schema_full.json
jBilling,purchase_order,is_current,smallint,number,True,False,base_user;currency;order_billing_type;order_period,,jbilling_schema_full.json
jBilling,purchase_order,optlock,integer,number,False,False,base_user;currency;order_billing_type;order_period,,jbilling_schema_full.json
jBilling,recent_item,id,integer,number,False,True,,,jbilling_schema_full.json
jBilling,recent_item,object_id,integer,number,False,False,,,jbilling_schema_full.json
jBilling,recent_item,user_id,integer,number,False,False,,,jbilling_schema_full.json
jBilling,recent_item,version,integer,number,False,False,,,jbilling_schema_full.json
jBilling,report,id,integer,number,False,True,,,jbilling_schema_full.json
jBilling,report,type_id,integer,number,False,False,,,jbilling_schema_full.json
jBilling,report,optlock,integer,number,False,False,,,jbilling_schema_full.json
jBilling,report_parameter,id,integer,number,False,True,,,jbilling_schema_full.json
jBilling,report_parameter,report_id,integer,number,False,False,,,jbilling_schema_full.json
jBilling,report_type,id,integer,number,False,True,,,jbilling_schema_full.json
jBilling,report_type,optlock,integer,number,False,False,,,jbilling_schema_full.json
jBilling,role,id,integer,number,False,True,,,jbilling_schema_full.json
jBilling,shortcut,id,integer,number,False,True,,,jbilling_schema_full.json
jBilling,shortcut,user_id,integer,number,False,False,,,jbilling_schema_full.json
jBilling,shortcut,object_id,integer,number,True,False,,,jbilling_schema_full.json
jBilling,shortcut,version,integer,number,False,False,,,jbilling_schema_full.json
jBilling,user_credit_card_map,user_id,integer,number,True,False,,,jbilling_schema_full.json
jBilling,user_credit_card_map,credit_card_id,integer,number,True,False,,,jbilling_schema_full.json
jBilling,user_role_map,user_id,integer,number,True,False,base_user;role,,jbilling_schema_full.json
jBilling,user_role_map,role_id,integer,number,True,False,base_user;role,,jbilling_schema_full.json
